failed_attempts_5m,ip_reputation_score,velocity_kmh,is_tor_or_vpn,country_mismatch,hour_anomaly_score,device_trust_score,is_compromised
0,0.0258,79.98,0,0,0.0788,0.826,0
0,0.0247,3.18,0,0,0.4077,0.8583,0
2,0.1593,35.36,0,0,0.1327,0.4389,0
1,0.0774,35.47,0,0,0.219,0.7833,0
1,0.0638,26.55,0,0,0.0941,0.8366,0
0,0.0866,35.57,0,0,0.0121,0.9257,0
0,0.0054,1.08,0,0,0.0812,0.5729,0
0,0.1994,102.18,0,0,0.125,0.9621,0
0,0.3647,15.98,0,0,0.1908,0.8052,0
0,0.0558,64.77,0,0,0.1974,0.8317,0
0,0.1336,29.76,0,0,0.4265,0.8345,0
0,0.1575,51.34,0,0,0.1904,0.8712,0
0,0.1116,67.34,0,0,0.0646,0.9828,0
0,0.1272,56.13,0,0,0.3678,0.9935,0
0,0.0815,39.63,0,0,0.1314,0.9787,0
0,0.1586,2.68,0,0,0.2591,0.8524,0
0,0.2037,20.79,0,0,0.0448,0.7945,0
20,0.9517,1159.84,1,1,0.6328,0.0268,1
1,0.1142,0.39,0,1,0.1364,0.9694,0
0,0.1254,12.0,0,0,0.4334,0.6979,0
7,0.6101,3412.51,1,0,0.9001,0.1978,1
0,0.1479,50.98,0,0,0.1345,0.9398,0
0,0.0632,47.83,0,0,0.0993,0.8564,0
8,0.9313,0.4,1,1,0.4596,0.4863,1
1,0.105,23.25,0,0,0.1831,0.8089,0
7,0.566,1018.78,1,0,0.8699,0.0654,1
0,0.0527,32.29,0,0,0.0607,0.8664,0
1,0.0295,33.74,0,0,0.2429,0.8754,0
0,0.005,50.9,0,0,0.2282,0.6516,0
8,0.9218,3200.56,1,0,0.7677,0.1476,1
0,0.131,42.26,0,0,0.3075,0.9827,0
1,0.1308,7.3,0,0,0.1053,0.6795,0
1,0.1476,35.2,0,0,0.1317,0.7331,0
1,0.0603,7.45,0,0,0.0178,0.8983,0
0,0.1494,12.2,0,0,0.0716,0.7904,0
1,0.2384,0.05,0,0,0.1097,0.9534,0
0,0.1458,26.53,0,0,0.1027,0.5893,0
0,0.0897,9.0,0,0,0.1462,0.6015,0
1,0.0123,56.26,0,0,0.1295,0.9415,0
3,0.0571,63.59,0,0,0.2589,0.5544,0
2,0.1764,37.78,0,0,0.0696,0.8449,0
0,0.0673,28.62,0,0,0.1413,0.8519,0
2,0.0752,35.43,0,0,0.2073,0.8867,0
0,0.1469,35.57,0,0,0.343,0.8752,0
8,0.584,2564.94,1,0,0.5542,0.2437,1
0,0.0778,3.88,0,0,0.2152,0.7539,0
1,0.0529,168.36,0,0,0.1402,0.978,0
1,0.0211,13.17,0,0,0.094,0.8064,0
0,0.0574,46.68,0,0,0.647,0.9748,0
0,0.1495,24.03,0,0,0.0211,0.9128,0
1,0.1107,63.5,0,0,0.1546,0.5723,0
1,0.0611,71.52,0,0,0.0451,0.9101,0
0,0.4402,21.83,0,0,0.0853,0.7825,0
0,0.1407,12.74,0,0,0.0411,0.93,0
1,0.0862,1.68,0,0,0.1293,0.7315,0
1,0.1601,28.88,0,0,0.2149,0.6741,0
0,0.0596,39.93,0,0,0.326,0.8063,0
9,0.7488,1554.13,1,0,0.7145,0.2665,1
3,0.034,28.84,0,0,0.3924,0.7772,0
0,0.2011,7.84,0,0,0.1458,0.6447,0
0,0.1197,20.4,0,0,0.0676,0.7079,0
0,0.2432,111.2,0,0,0.1786,0.9212,0
0,0.0504,22.18,0,0,0.339,0.7531,0
0,0.2338,5.13,0,0,0.054,0.6322,0
2,0.0608,13.1,0,0,0.0827,0.9339,0
0,0.0885,84.41,0,0,0.1024,0.5918,0
0,0.104,17.7,0,0,0.1487,0.876,0
8,0.8158,79.5,1,0,0.6825,0.123,1
0,0.2501,2.03,0,0,0.0314,0.8825,0
3,0.0939,108.26,0,0,0.0341,0.9619,0
0,0.3094,30.98,0,0,0.0775,0.7511,0
0,0.1021,103.28,0,0,0.0509,0.9148,0
1,0.5015,85.25,0,0,0.0607,0.7583,0
0,0.108,66.18,0,0,0.1055,0.7778,0
0,0.2036,2.13,0,0,0.1871,0.7941,0
1,0.0642,21.9,0,0,0.1245,0.9474,0
0,0.0178,53.01,0,0,0.0303,0.9092,0
0,0.019,9.65,0,0,0.0953,0.8664,0
11,0.82,2765.25,1,0,0.8424,0.2522,1
1,0.044,24.07,0,0,0.164,0.8867,0
12,0.6637,150.5,1,0,0.9159,0.2125,1
1,0.078,0.02,0,0,0.3442,0.9574,0
0,0.2614,11.8,0,0,0.0992,0.959,0
2,0.1035,12.05,1,1,0.0744,0.9093,0
1,0.0433,52.99,0,0,0.1366,0.8529,0
0,0.056,12.41,0,1,0.04,0.9121,0
2,0.0027,32.88,0,0,0.0845,0.8555,0
0,0.0105,87.65,0,0,0.2694,0.8892,0
10,0.7608,1148.01,1,1,0.4622,0.0627,1
1,0.3252,37.04,0,0,0.2608,0.8748,0
0,0.0944,33.26,0,1,0.0905,0.9218,0
1,0.0903,79.13,0,0,0.002,0.9836,0
8,0.7947,73.27,1,0,0.8466,0.2152,1
0,0.0943,15.5,0,0,0.0503,0.7663,0
0,0.0488,3.44,0,0,0.1022,0.8848,0
2,0.2705,7.31,0,0,0.1739,0.8331,0
10,0.578,2835.53,1,0,0.7797,0.0871,1
0,0.222,52.1,0,0,0.5927,0.8251,0
0,0.014,26.41,0,0,0.0515,0.9552,0
1,0.0858,1.23,0,0,0.1653,0.8432,0
0,0.0174,16.94,0,0,0.0507,0.8477,0
0,0.1087,3.11,0,0,0.1601,0.7797,0
0,0.0389,4.02,0,0,0.2843,0.9075,0
1,0.1518,29.43,0,0,0.2995,0.952,0
0,0.1053,41.86,0,0,0.0483,0.7941,0
0,0.2946,6.52,0,0,0.2731,0.8506,0
0,0.0601,30.96,0,0,0.0788,0.9263,0
1,0.0204,53.07,0,1,0.1445,0.9558,0
9,0.4573,1431.88,0,0,0.3419,0.1657,1
0,0.0214,53.69,0,0,0.1967,0.9548,0
0,0.192,9.61,0,0,0.0557,0.9022,0
1,0.0645,27.75,0,0,0.1883,0.8541,0
0,0.0918,68.41,0,0,0.1648,0.9186,0
0,0.1998,60.95,0,0,0.1329,0.9759,0
18,0.8313,1151.77,1,1,0.4323,0.3547,1
0,0.0102,6.99,0,0,0.0221,0.8345,0
0,0.0139,26.71,0,0,0.0775,0.9263,0
0,0.2595,34.12,0,0,0.1056,0.7616,0
0,0.1176,46.41,0,0,0.3952,0.8101,0
0,0.1759,22.55,0,0,0.2377,0.9534,0
0,0.266,10.01,0,0,0.1551,0.7292,0
0,0.2116,31.23,0,0,0.113,0.894,0
0,0.0272,89.53,0,0,0.2013,0.9272,0
0,0.2626,5.2,0,0,0.0863,0.8799,0
1,0.2014,11.88,0,0,0.0682,0.8737,0
0,0.1793,25.76,0,1,0.0103,0.7365,0
2,0.0693,29.04,0,0,0.305,0.9665,0
1,0.0677,30.47,0,1,0.17,0.5684,0
5,0.9117,17.75,1,0,0.7901,0.0383,1
1,0.093,2.15,0,0,0.3291,0.773,0
0,0.0072,11.83,0,0,0.0081,0.8464,0
0,0.0868,21.94,0,0,0.0367,0.9292,0
1,0.0287,108.31,0,1,0.0903,0.7575,0
0,0.0999,11.19,0,0,0.105,0.9682,0
0,0.0555,157.27,0,0,0.0757,0.9004,0
8,0.622,2361.39,1,1,0.8471,0.3487,1
1,0.063,103.72,0,0,0.1849,0.8994,0
0,0.0582,2.12,0,0,0.0228,0.9855,0
0,0.1116,14.97,0,0,0.0765,0.9491,0
6,0.9241,26.7,1,1,0.4508,0.1375,1
1,0.2242,28.73,0,0,0.1502,0.6658,0
0,0.0881,2.73,0,0,0.1212,0.8687,0
1,0.0425,89.06,0,0,0.2613,0.946,0
0,0.1277,48.74,0,1,0.3437,0.8061,0
2,0.1766,109.61,0,0,0.1406,0.9797,0
0,0.0247,31.68,0,0,0.3978,0.8313,0
1,0.2813,91.83,0,0,0.0193,0.8841,0
0,0.06,29.31,0,0,0.2599,0.9869,0
1,0.0852,14.76,0,0,0.0474,0.8941,0
0,0.0743,30.01,0,0,0.0879,0.9169,0
0,0.1195,4.67,0,0,0.1276,0.9617,0
0,0.0406,0.11,0,0,0.4753,0.8707,0
0,0.0719,39.0,0,0,0.2547,0.8248,0
0,0.0576,30.73,0,0,0.2404,0.8211,0
0,0.0837,3.13,0,0,0.027,0.816,0
0,0.0997,18.08,0,1,0.0998,0.7551,0
0,0.1607,76.47,0,0,0.415,0.8299,0
0,0.0953,42.11,0,0,0.233,0.7337,0
0,0.0422,14.39,0,0,0.2821,0.9282,0
2,0.0772,6.03,0,0,0.1856,0.7831,0
0,0.0264,35.61,0,0,0.0149,0.6918,0
0,0.0105,60.05,0,0,0.5029,0.6923,0
0,0.0931,16.48,0,0,0.0513,0.7302,0
3,0.1087,37.22,0,0,0.111,0.7455,0
0,0.2379,1.54,0,0,0.2046,0.9466,0
0,0.0746,2.54,0,0,0.4227,0.8113,0
11,0.8305,94.85,0,1,0.6306,0.0889,1
10,0.6496,1575.8,0,1,0.6715,0.1572,1
0,0.2584,32.7,0,0,0.0581,0.9968,0
0,0.0273,42.21,0,0,0.0306,0.8984,0
0,0.0241,35.8,0,0,0.0159,0.9346,0
8,0.7911,2555.34,1,1,0.6604,0.1627,1
0,0.0128,16.8,0,0,0.044,0.8659,0
0,0.4104,3.88,0,0,0.263,0.8783,0
0,0.0128,59.14,0,0,0.1732,0.9708,0
0,0.0619,27.31,0,0,0.4304,0.7024,0
1,0.0102,7.36,0,0,0.0711,0.9599,0
15,0.725,53.58,1,0,0.5699,0.1543,1
0,0.0688,19.03,0,0,0.0911,0.9,0
0,0.0525,17.1,0,0,0.3196,0.7232,0
0,0.0261,38.74,0,0,0.1872,0.8641,0
0,0.1216,5.13,0,0,0.0023,0.9013,0
0,0.1087,100.86,0,0,0.0881,0.9194,0
0,0.1072,8.57,0,0,0.2175,0.9795,0
0,0.0541,23.02,0,0,0.1888,0.9415,0
1,0.089,11.89,0,0,0.0566,0.9263,0
0,0.1063,34.51,0,0,0.6079,0.8808,0
0,0.124,5.31,0,0,0.1364,0.887,0
0,0.3221,29.47,0,1,0.0321,0.9409,0
0,0.0634,59.9,0,0,0.223,0.7828,0
2,0.3388,6.15,0,0,0.1158,0.6656,0
0,0.1004,38.16,0,0,0.4097,0.9668,0
0,0.0851,22.05,0,0,0.2633,0.7624,0
0,0.153,33.55,0,0,0.1449,0.8285,0
0,0.0941,69.15,0,0,0.0196,0.7207,0
0,0.0588,83.88,0,0,0.0993,0.9279,0
1,0.1267,0.77,0,0,0.2645,0.7853,0
0,0.0731,64.49,0,0,0.2197,0.8735,0
1,0.0083,61.18,0,0,0.1819,0.8703,0
0,0.1585,41.16,0,0,0.3325,0.8985,0
0,0.0597,32.05,0,1,0.1664,0.5555,0
9,0.8415,1985.46,1,1,0.8697,0.0044,1
0,0.3129,27.13,0,0,0.1004,0.6424,0
0,0.0667,33.2,0,0,0.258,0.8191,0
4,0.8717,2082.01,0,1,0.76,0.3216,1
0,0.1,91.83,0,0,0.1661,0.9931,0
0,0.0454,33.99,0,0,0.0776,0.9834,0
1,0.1581,17.52,0,0,0.1326,0.6914,0
1,0.0997,80.94,0,0,0.0569,0.8993,0
1,0.0426,12.77,0,0,0.0908,0.7144,0
0,0.1542,79.12,0,0,0.2702,0.8944,0
0,0.0535,68.43,0,0,0.0906,0.9088,0
0,0.053,72.24,0,0,0.0373,0.858,0
12,0.7454,20.42,0,1,0.8308,0.0332,1
2,0.0573,21.42,0,0,0.1183,0.9853,0
1,0.2699,42.35,0,0,0.5972,0.9601,0
0,0.0847,1.17,0,0,0.2628,0.6689,0
0,0.0096,4.75,0,0,0.1034,0.9199,0
1,0.3336,21.93,0,0,0.1496,0.8646,0
0,0.0356,4.37,0,0,0.0455,0.6655,0
1,0.1531,98.79,0,0,0.2204,0.7658,0
0,0.0503,21.33,0,0,0.32,0.888,0
0,0.034,4.82,0,0,0.2594,0.8396,0
3,0.066,128.66,0,0,0.1109,0.8649,0
15,0.6579,13.34,0,0,0.76,0.1093,1
0,0.0246,26.1,0,0,0.1878,0.9088,0
0,0.1066,24.33,0,0,0.0611,0.9924,0
0,0.2406,10.65,0,0,0.0114,0.8803,0
0,0.0331,0.13,0,0,0.4959,0.7357,0
1,0.2937,20.31,0,0,0.0877,0.9862,0
1,0.1541,7.02,0,0,0.1968,0.6894,0
1,0.0763,4.81,0,0,0.2797,0.9198,0
0,0.0718,13.86,0,0,0.0261,0.86,0
1,0.164,114.88,0,0,0.1034,0.6417,0
0,0.2291,102.41,0,0,0.2679,0.7867,0
0,0.1769,15.21,0,0,0.1926,0.895,0
0,0.2552,6.59,0,0,0.1,0.9809,0
1,0.0557,64.39,0,0,0.0266,0.5595,0
0,0.12,27.44,0,0,0.4203,0.992,0
10,0.6606,7.91,1,0,0.6504,0.4712,1
0,0.058,23.13,0,0,0.2024,0.6534,0
1,0.1682,7.74,0,0,0.3709,0.8481,0
0,0.0062,28.95,0,0,0.3149,0.7395,0
1,0.1457,11.59,0,0,0.1212,0.9594,0
1,0.0524,27.25,0,0,0.2281,0.8833,0
0,0.1465,142.4,0,0,0.3102,0.8981,0
0,0.0642,12.05,0,0,0.4058,0.8265,0
0,0.0745,64.67,0,0,0.0345,0.9787,0
1,0.0977,41.16,0,0,0.3073,0.7244,0
0,0.0867,6.41,0,0,0.1169,0.6158,0
1,0.1621,72.29,0,0,0.1205,0.6419,0
0,0.0647,27.57,0,0,0.0169,0.9033,0
9,0.8813,1443.12,1,0,0.7043,0.1785,1
0,0.1891,13.76,0,1,0.3932,0.7921,0
0,0.3121,12.99,0,0,0.2667,0.9612,0
2,0.0062,23.56,0,0,0.0547,0.8549,0
0,0.0141,7.29,0,0,0.1614,0.7782,0
8,0.7208,56.51,0,0,0.6314,0.0863,1
0,0.1313,35.79,0,0,0.1186,0.8831,0
0,0.1626,27.35,0,0,0.1883,0.8564,0
1,0.2367,10.58,0,0,0.3972,0.7716,0
1,0.18,5.27,0,0,0.0432,0.8227,0
12,0.775,19.92,1,0,0.5893,0.0139,1
0,0.1076,18.94,0,0,0.0322,0.8338,0
0,0.0567,12.57,0,0,0.1815,0.9279,0
0,0.0155,7.25,0,0,0.4781,0.8864,0
0,0.0948,39.93,0,0,0.3132,0.7526,0
1,0.3317,35.18,0,0,0.2431,0.5406,0
0,0.0998,0.33,0,0,0.0528,0.9313,0
0,0.076,19.04,0,0,0.0978,0.4953,0
0,0.037,4.97,0,0,0.1073,0.8914,0
16,0.4603,153.71,1,0,0.8514,0.3212,1
7,0.8047,65.81,0,0,0.8346,0.1977,1
4,0.8922,1365.14,1,1,0.3632,0.183,1
0,0.0419,12.2,0,0,0.1577,0.7915,0
0,0.0022,42.08,0,0,0.1474,0.9018,0
1,0.1565,81.87,0,0,0.3051,0.9648,0
2,0.0589,55.56,0,0,0.0824,0.8953,0
0,0.0143,12.19,0,0,0.3021,0.9002,0
0,0.3225,56.83,0,0,0.3154,0.9327,0
0,0.0458,37.63,0,0,0.1848,0.9117,0
0,0.0839,9.96,0,0,0.2298,0.7138,0
8,0.7221,3168.95,0,1,0.3486,0.2328,1
4,0.3441,8.66,1,0,0.8418,0.3339,1
18,0.6021,1350.96,0,1,0.4681,0.1982,1
0,0.0246,0.79,0,0,0.4515,0.5345,0
1,0.0291,104.5,0,0,0.4726,0.6348,0
0,0.0637,31.58,0,0,0.0879,0.5876,0
0,0.0301,13.19,0,0,0.1435,0.9059,0
0,0.2048,23.93,0,0,0.4427,0.9086,0
0,0.1577,13.87,0,0,0.2565,0.9214,0
0,0.0194,50.51,0,0,0.1978,0.8635,0
1,0.0747,27.01,0,0,0.2422,0.7025,0
1,0.1978,47.57,0,0,0.0503,0.836,0
0,0.1124,13.91,0,0,0.1473,0.8008,0
0,0.1395,16.81,0,0,0.0052,0.9034,0
1,0.167,66.96,0,0,0.1623,0.598,0
1,0.0961,42.16,0,0,0.0047,0.9281,0
1,0.1034,72.16,0,0,0.0835,0.9168,0
0,0.1166,7.48,0,0,0.291,0.9436,0
1,0.0905,8.19,0,1,0.2961,0.7919,0
0,0.1779,27.59,0,0,0.0976,0.9537,0
0,0.066,36.44,0,0,0.1324,0.8496,0
1,0.0408,6.08,0,1,0.3183,0.9375,0
1,0.0383,31.82,0,0,0.215,0.7962,0
0,0.0413,19.73,0,0,0.1683,0.9213,0
0,0.0574,27.0,0,0,0.1387,0.965,0
0,0.0352,27.54,0,0,0.0385,0.9766,0
0,0.0115,48.7,0,0,0.2622,0.9225,0
0,0.0191,55.47,0,0,0.4108,0.8999,0
14,0.5609,36.57,1,1,0.7796,0.1761,1
1,0.0671,13.52,0,0,0.4112,0.6145,0
7,0.4716,2393.38,1,1,0.8336,0.2067,1
0,0.0637,59.24,0,0,0.1396,0.9084,0
0,0.0638,10.97,0,0,0.0132,0.9261,0
1,0.0706,29.87,0,0,0.2957,0.917,0
0,0.0996,21.0,0,0,0.2904,0.7881,0
1,0.0299,28.36,0,0,0.05,0.8988,0
3,0.1209,30.76,0,0,0.3191,0.6968,0
0,0.0514,17.87,0,0,0.0016,0.8769,0
0,0.0467,79.43,0,0,0.2783,0.7687,0
0,0.118,78.2,0,0,0.1588,0.8612,0
1,0.1593,6.87,0,0,0.1616,0.9459,0
12,0.8303,1003.54,0,0,0.638,0.1455,1
0,0.0438,42.29,0,0,0.0698,0.706,0
3,0.0587,11.08,0,0,0.3653,0.9443,0
0,0.0924,10.35,0,0,0.1577,0.926,0
0,0.1167,16.8,0,0,0.288,0.6954,0
0,0.1566,99.64,0,0,0.142,0.9037,0
0,0.016,31.57,0,0,0.1324,0.9584,0
2,0.0435,9.4,0,0,0.1449,0.8197,0
0,0.1468,52.15,0,0,0.0069,0.8545,0
0,0.0985,7.05,0,0,0.6013,0.7998,0
0,0.0838,11.65,0,0,0.1263,0.5245,0
2,0.6889,48.39,1,1,0.6587,0.1743,1
0,0.1085,38.76,0,0,0.0892,0.9366,0
0,0.0173,18.94,0,0,0.2798,0.9414,0
0,0.1648,51.44,0,0,0.017,0.9099,0
0,0.0547,9.78,0,0,0.183,0.9807,0
0,0.1129,77.0,0,0,0.0611,0.8018,0
0,0.2731,10.0,0,0,0.2183,0.9061,0
0,0.0302,41.24,0,0,0.4004,0.8258,0
0,0.1763,26.08,0,0,0.2607,0.8191,0
0,0.1,178.65,0,0,0.0765,0.6001,0
1,0.0649,2.28,0,0,0.3847,0.6809,0
0,0.3179,46.18,0,0,0.2423,0.7532,0
1,0.1153,50.39,0,0,0.0944,0.7663,0
0,0.1165,60.44,0,0,0.1784,0.9868,0
0,0.0919,6.55,0,0,0.217,0.9962,0
0,0.2408,41.34,0,1,0.0084,0.7197,0
0,0.0409,34.4,0,0,0.3554,0.9731,0
0,0.0407,2.09,0,0,0.419,0.9213,0
1,0.034,9.56,0,0,0.1805,0.6087,0
0,0.0598,7.16,0,0,0.0559,0.918,0
3,0.9262,1060.27,1,1,0.8505,0.3825,1
1,0.2195,10.62,0,0,0.004,0.8158,0
1,0.0383,16.5,0,0,0.4002,0.8838,0
1,0.0499,60.5,0,0,0.1935,0.7772,0
8,0.801,24.68,0,1,0.4288,0.1276,1
1,0.2387,2.12,0,0,0.0281,0.7988,0
0,0.073,20.39,0,0,0.0887,0.8773,0
0,0.1177,40.68,0,0,0.1872,0.9477,0
0,0.0966,27.39,0,0,0.4777,0.7142,0
0,0.264,83.44,0,0,0.4449,0.8136,0
0,0.0543,36.77,0,0,0.0095,0.8742,0
0,0.0088,60.75,0,1,0.0133,0.7608,0
2,0.1777,3.53,0,0,0.192,0.9024,0
19,0.9388,104.01,0,0,0.4187,0.1233,1
0,0.0252,8.04,0,0,0.0606,0.9038,0
1,0.1699,99.09,0,0,0.2954,0.948,0
0,0.1179,15.83,0,0,0.0323,0.8142,0
0,0.0692,56.23,0,0,0.1859,0.8057,0
0,0.0217,7.11,0,0,0.0369,0.8051,0
0,0.1884,39.54,0,0,0.302,0.9147,0
1,0.0763,47.97,0,0,0.0141,0.5462,0
1,0.218,34.29,0,0,0.214,0.8485,0
1,0.0716,84.45,0,0,0.3209,0.5422,0
0,0.0254,58.96,0,0,0.4735,0.8909,0
0,0.1757,86.08,0,0,0.2112,0.8584,0
0,0.1273,20.85,0,1,0.0582,0.8919,0
2,0.1242,91.51,0,0,0.113,0.7978,0
0,0.1198,15.77,0,0,0.1497,0.739,0
1,0.1244,31.28,0,0,0.1262,0.9435,0
0,0.1206,7.08,0,0,0.321,0.8255,0
0,0.0452,27.7,0,0,0.07,0.7853,0
0,0.0602,27.85,0,0,0.4078,0.7914,0
6,0.4516,29.92,1,0,0.8047,0.0368,1
1,0.0263,7.01,0,0,0.103,0.8459,0
1,0.0553,113.33,0,0,0.1002,0.9612,0
0,0.1913,33.54,0,0,0.0514,0.9305,0
0,0.0378,11.25,0,0,0.3094,0.9583,0
0,0.1429,76.38,0,0,0.0339,0.9306,0
0,0.144,3.74,0,0,0.1583,0.9406,0
1,0.0257,5.66,0,0,0.0062,0.5412,0
0,0.1457,36.36,0,0,0.0307,0.968,0
0,0.1186,5.34,0,0,0.1208,0.6105,0
0,0.0554,46.82,0,0,0.0244,0.9101,0
1,0.0768,23.82,0,0,0.0294,0.766,0
0,0.3228,53.19,0,0,0.1996,0.9833,0
0,0.0989,32.2,0,0,0.4762,0.8278,0
0,0.0889,38.96,0,0,0.3639,0.8657,0
0,0.1173,86.29,0,0,0.1356,0.9168,0
2,0.6992,54.94,0,1,0.4337,0.1124,1
7,0.9058,7.64,0,1,0.8499,0.164,1
0,0.0787,26.42,0,0,0.0005,0.7707,0
1,0.0482,17.8,0,0,0.2114,0.8864,0
0,0.0385,60.82,0,0,0.2864,0.8643,0
0,0.0387,23.21,0,0,0.3582,0.9725,0
0,0.0567,11.19,0,0,0.099,0.7322,0
1,0.0328,102.13,0,0,0.1642,0.9594,0
1,0.2379,29.88,0,0,0.1105,0.8779,0
1,0.0898,14.03,0,0,0.239,0.5827,0
0,0.1197,8.83,0,0,0.1008,0.9027,0
0,0.2313,2.49,0,0,0.2536,0.8229,0
5,0.783,2969.73,1,1,0.6322,0.0146,1
8,0.9058,2876.88,1,0,0.4889,0.1052,1
0,0.0786,52.63,0,0,0.1068,0.9796,0
0,0.1447,37.36,0,0,0.0482,0.7347,0
12,0.8496,1760.85,1,1,0.7879,0.3246,1
2,0.0141,7.28,0,0,0.1979,0.7628,0
0,0.2644,26.19,0,0,0.238,0.9576,0
0,0.1263,88.55,0,0,0.5324,0.8454,0
0,0.0889,8.83,0,0,0.0175,0.9335,0
4,0.0047,0.91,1,0,0.1141,0.9447,0
14,0.466,30.67,0,1,0.6319,0.0055,1
0,0.1744,139.94,0,0,0.177,0.968,0
1,0.1525,59.2,0,1,0.2571,0.8157,0
0,0.176,82.71,0,0,0.033,0.5402,0
6,0.6902,1081.99,1,0,0.7647,0.079,1
9,0.7975,72.74,1,0,0.6739,0.3577,1
0,0.1707,34.0,0,0,0.0222,0.9609,0
0,0.039,17.65,0,0,0.0431,0.8935,0
3,0.2138,57.17,0,0,0.3636,0.908,0
0,0.0837,38.62,0,0,0.0035,0.6533,0
1,0.1554,37.98,0,0,0.4815,0.7024,0
0,0.1304,50.05,0,0,0.161,0.9938,0
0,0.0625,23.76,0,0,0.2404,0.9425,0
2,0.2335,68.08,1,0,0.176,0.5878,0
0,0.0424,36.0,0,0,0.4441,0.873,0
0,0.1086,6.76,0,0,0.0523,0.9539,0
0,0.0184,19.67,0,0,0.1956,0.6392,0
1,0.112,34.87,0,0,0.1831,0.7136,0
3,0.9584,2499.64,1,1,0.4807,0.028,1
1,0.2269,145.6,0,0,0.4636,0.9877,0
0,0.1701,13.12,0,0,0.1064,0.9251,0
2,0.0536,4.7,0,0,0.1288,0.709,0
0,0.0821,54.65,0,0,0.1476,0.8098,0
0,0.1302,286.04,0,0,0.0367,0.8796,0
1,0.0416,46.1,0,0,0.4173,0.9143,0
1,0.1308,10.72,0,0,0.1854,0.8293,0
2,0.1124,44.11,0,0,0.3411,0.8407,0
9,0.8677,1.51,0,1,0.6738,0.129,1
0,0.024,33.89,0,0,0.0193,0.758,0
0,0.2535,5.44,0,0,0.1708,0.7567,0
1,0.1233,17.25,0,0,0.0656,0.875,0
0,0.1125,63.61,0,0,0.0753,0.8853,0
0,0.1324,1.74,0,0,0.0231,0.8453,0
0,0.1229,7.41,0,0,0.0863,0.9002,0
0,0.0518,3.49,0,0,0.1872,0.8331,0
0,0.0605,36.85,0,0,0.2387,0.8082,0
1,0.1387,27.63,0,0,0.1251,0.9399,0
3,0.8072,2223.52,1,0,0.2507,0.0076,1
0,0.0533,31.54,0,0,0.2351,0.7921,0
0,0.1177,71.65,0,0,0.1318,0.5881,0
0,0.0859,38.34,0,0,0.2348,0.9094,0
8,0.8418,31.0,1,1,0.9577,0.3243,1
1,0.0046,1.24,0,0,0.1018,0.8341,0
0,0.1021,57.93,0,0,0.5345,0.8319,0
0,0.0985,55.65,0,0,0.043,0.8654,0
0,0.2171,32.69,0,0,0.1696,0.8996,0
2,0.1187,17.94,0,0,0.203,0.8442,0
2,0.0273,7.91,0,0,0.0315,0.8724,0
1,0.2295,5.65,0,0,0.1821,0.9756,0
0,0.218,12.96,0,0,0.2152,0.9565,0
0,0.0411,48.69,0,0,0.2242,0.903,0
0,0.0185,1.33,0,0,0.2755,0.892,0
0,0.0974,16.07,0,0,0.0413,0.8032,0
6,0.8981,23.98,1,1,0.9173,0.0034,1
0,0.232,14.63,0,1,0.0391,0.9733,0
0,0.145,3.84,0,0,0.2053,0.7072,0
0,0.0571,114.88,0,0,0.1718,0.8216,0
0,0.1664,7.14,0,0,0.0189,0.9063,0
0,0.0278,95.04,0,0,0.3039,0.9867,0
0,0.214,153.5,0,0,0.4355,0.7779,0
0,0.2041,46.1,0,0,0.0576,0.9837,0
0,0.0364,5.06,0,0,0.3712,0.9426,0
1,0.1269,62.57,0,0,0.0636,0.8973,0
0,0.0288,10.88,0,0,0.1028,0.8883,0
0,0.0228,13.72,0,0,0.0359,0.9362,0
0,0.1016,2.88,0,0,0.2266,0.8865,0
0,0.0579,23.13,0,0,0.0967,0.8547,0
13,0.8649,2110.28,1,0,0.8193,0.0986,1
0,0.0202,42.38,0,0,0.1562,0.9265,0
9,0.7219,41.1,0,1,0.9082,0.6369,1
0,0.0768,18.1,0,0,0.0988,0.6298,0
0,0.0416,23.41,0,1,0.1342,0.9844,0
0,0.0352,6.79,0,0,0.242,0.6515,0
1,0.0805,26.98,0,0,0.1028,0.8643,0
1,0.099,37.78,1,0,0.0203,0.8871,0
0,0.0299,34.6,0,0,0.0613,0.9055,0
0,0.3219,34.06,0,0,0.0832,0.8072,0
1,0.0096,25.15,0,0,0.1113,0.7047,0
0,0.1368,29.19,0,0,0.1214,0.8506,0
0,0.1752,55.65,0,0,0.1119,0.8668,0
1,0.0632,14.95,0,0,0.0759,0.7134,0
0,0.1199,38.57,0,0,0.2351,0.688,0
0,0.1289,13.72,0,0,0.135,0.8275,0
11,0.897,36.36,1,0,0.6606,0.0329,1
0,0.0397,190.42,0,0,0.1865,0.5511,0
1,0.012,0.47,0,0,0.0239,0.5858,0
2,0.057,8.03,0,0,0.0929,0.6835,0
0,0.0374,13.83,0,0,0.1299,0.8043,0
1,0.3164,5.97,0,0,0.0681,0.6573,0
0,0.1673,12.24,0,0,0.0398,0.9172,0
0,0.3985,8.74,0,0,0.0999,0.7509,0
0,0.1286,24.82,0,0,0.2352,0.9668,0
1,0.1248,57.89,0,0,0.071,0.6916,0
0,0.112,17.9,0,0,0.2119,0.755,0
0,0.0413,42.96,0,0,0.1124,0.9104,0
0,0.023,1.64,0,0,0.0023,0.9284,0
1,0.2967,11.19,1,0,0.3511,0.9403,0
1,0.0659,12.33,0,0,0.0766,0.9979,0
0,0.0567,1.57,0,0,0.0454,0.8551,0
0,0.1585,30.14,0,0,0.0415,0.6029,0
0,0.1049,14.15,0,0,0.1757,0.9359,0
0,0.1839,6.08,0,0,0.1435,0.8584,0
0,0.1362,29.8,0,0,0.2016,0.9019,0
2,0.1758,37.3,0,0,0.1504,0.9904,0
1,0.0903,19.87,0,0,0.1895,0.9233,0
0,0.0414,42.3,0,0,0.4515,0.8229,0
0,0.1271,63.15,0,0,0.2426,0.9759,0
1,0.0434,2.28,0,0,0.0351,0.8746,0
0,0.1184,6.81,0,0,0.0487,0.9025,0
8,0.9697,19.36,1,0,0.5412,0.2365,1
1,0.0228,16.51,0,0,0.1985,0.8503,0
5,0.4551,15.32,1,0,0.5766,0.3553,1
0,0.2074,39.29,0,0,0.1512,0.7931,0
0,0.2462,40.62,0,0,0.1746,0.8001,0
0,0.1718,0.31,0,0,0.1349,0.5392,0
8,0.7878,3328.07,1,1,0.8245,0.192,1
1,0.0309,37.0,0,0,0.0441,0.9228,0
1,0.0611,6.12,0,0,0.3437,0.777,0
7,0.9084,55.55,1,1,0.8665,0.239,1
0,0.0601,34.27,0,0,0.2105,0.9958,0
1,0.1254,14.16,0,0,0.1627,0.8861,0
11,0.9221,2862.46,1,1,0.6899,0.0373,1
1,0.0762,2.5,0,0,0.0997,0.9027,0
8,0.8317,1528.26,0,0,0.6746,0.1964,1
6,0.672,2391.15,1,1,0.7365,0.2082,1
0,0.057,30.82,0,0,0.1836,0.566,0
0,0.108,53.24,1,0,0.0055,0.7833,0
2,0.0508,45.13,0,0,0.1299,0.795,0
0,0.0715,78.16,0,0,0.2333,0.8746,0
0,0.1459,35.17,0,0,0.2015,0.679,0
5,0.8126,36.3,1,0,0.6401,0.0185,1
1,0.0195,6.46,0,0,0.0982,0.7185,0
1,0.1161,36.39,0,0,0.0263,0.6719,0
21,0.9523,130.94,1,0,0.5042,0.0722,1
7,0.6735,2477.61,0,0,0.6253,0.4055,1
1,0.0672,13.88,0,0,0.0436,0.8708,0
13,0.605,153.93,1,1,0.8512,0.2068,1
0,0.0103,101.31,0,0,0.1287,0.9725,0
0,0.1806,48.3,0,0,0.1423,0.8644,0
9,0.8251,1980.52,1,0,0.5657,0.2374,1
9,0.7668,190.24,1,0,0.7747,0.2721,1
0,0.2089,45.52,0,0,0.121,0.8722,0
0,0.0759,17.32,0,0,0.4015,0.7882,0
0,0.1048,6.8,0,0,0.1832,0.8825,0
0,0.1231,4.67,0,0,0.09,0.8409,0
0,0.0982,33.54,0,0,0.043,0.8333,0
1,0.2312,5.46,0,0,0.2839,0.9231,0
0,0.0015,57.16,0,1,0.0974,0.9053,0
9,0.7319,1308.04,1,1,0.8417,0.1212,1
0,0.0938,18.78,0,0,0.1777,0.9469,0
10,0.8057,33.94,0,1,0.9154,0.0838,1
1,0.0735,7.82,0,0,0.0153,0.745,0
8,0.7613,1888.93,0,1,0.8885,0.326,1
11,0.9784,2595.29,0,0,0.7392,0.0925,1
0,0.2432,22.74,0,0,0.0705,0.8931,0
7,0.7412,36.19,1,0,0.5299,0.0207,1
0,0.2674,146.66,0,0,0.4136,0.7657,0
0,0.0287,1.7,0,0,0.1042,0.9498,0
0,0.2183,107.98,0,0,0.4598,0.923,0
0,0.1316,2.27,0,0,0.0958,0.8235,0
2,0.2149,42.82,0,0,0.0873,0.7872,0
0,0.0161,38.97,0,0,0.2876,0.9623,0
0,0.1352,34.15,0,0,0.2439,0.7404,0
0,0.0499,87.74,0,0,0.4454,0.9451,0
0,0.0626,42.03,0,0,0.3146,0.8762,0
1,0.0359,21.51,0,0,0.0718,0.8028,0
0,0.3296,39.55,0,0,0.3039,0.8,0
0,0.1566,28.19,0,0,0.1766,0.896,0
0,0.1837,18.6,1,0,0.0364,0.9629,0
10,0.7869,1226.0,1,0,0.7481,0.1959,1
2,0.0604,31.58,0,0,0.0338,0.8515,0
8,0.9274,46.61,0,0,0.6847,0.1984,1
0,0.0561,22.82,0,0,0.056,0.8115,0
0,0.1012,23.59,0,0,0.0605,0.9516,0
0,0.0794,33.48,0,0,0.1096,0.9058,0
0,0.111,38.37,0,0,0.1127,0.813,0
0,0.0843,105.77,0,0,0.3778,0.8574,0
0,0.1497,33.12,0,0,0.0472,0.6661,0
11,0.6759,1550.86,1,0,0.8959,0.1176,1
0,0.0326,26.83,0,0,0.2955,0.8376,0
1,0.026,67.99,0,0,0.4178,0.9194,0
0,0.0778,22.37,0,0,0.3665,0.7842,0
0,0.1155,2.66,0,0,0.0208,0.701,0
1,0.0327,104.22,0,0,0.0881,0.6579,0
7,0.8842,24.44,1,0,0.8645,0.1215,1
1,0.0612,44.25,0,0,0.0848,0.906,0
0,0.3026,4.06,0,0,0.0125,0.6654,0
0,0.1635,7.4,0,0,0.2317,0.8259,0
0,0.0762,9.62,0,0,0.2266,0.8794,0
1,0.0492,8.92,0,0,0.2039,0.9843,0
0,0.1172,11.72,0,0,0.2088,0.7591,0
0,0.2653,18.16,0,0,0.2466,0.9025,0
0,0.0366,25.6,0,0,0.1678,0.9104,0
1,0.0599,50.66,0,0,0.0102,0.9476,0
1,0.0132,3.89,0,0,0.3716,0.8533,0
1,0.0229,12.83,0,0,0.0813,0.6206,0
0,0.1525,70.82,0,0,0.1155,0.9263,0
0,0.1249,4.95,0,0,0.0254,0.7971,0
0,0.0927,21.8,0,0,0.0875,0.8414,0
0,0.1059,53.88,0,0,0.5635,0.7506,0
0,0.0043,5.6,0,1,0.2156,0.8476,0
5,0.8655,1462.6,1,1,0.7788,0.0549,1
0,0.2849,3.39,0,0,0.0986,0.9255,0
0,0.1097,25.58,0,0,0.1914,0.9543,0
0,0.0519,61.03,0,0,0.0565,0.8592,0
1,0.2773,101.2,1,0,0.0526,0.971,0
1,0.1451,121.23,0,0,0.0147,0.9426,0
1,0.2906,97.53,0,0,0.0821,0.9379,0
0,0.0415,74.87,0,0,0.0293,0.8191,0
1,0.0922,3.86,0,0,0.5126,0.747,0
15,0.9142,1115.32,1,1,0.5943,0.0271,1
20,0.9811,3.12,1,0,0.4808,0.1543,1
2,0.0074,120.79,0,0,0.0478,0.9895,0
0,0.0926,13.7,0,0,0.3745,0.8432,0
0,0.1626,20.46,0,0,0.3777,0.8201,0
1,0.2937,0.44,0,0,0.3826,0.745,0
1,0.0876,8.73,0,0,0.3032,0.9277,0
0,0.0327,8.24,0,0,0.0525,0.8743,0
1,0.0103,29.99,1,0,0.1146,0.9483,0
0,0.2201,82.79,0,1,0.404,0.8907,0
0,0.0017,17.58,0,0,0.0242,0.973,0
0,0.1804,35.49,0,0,0.077,0.8749,0
0,0.1526,29.17,0,0,0.1658,0.8154,0
1,0.1313,11.9,0,0,0.1614,0.9439,0
0,0.1103,18.22,0,0,0.1151,0.963,0
0,0.2076,138.33,0,0,0.0079,0.845,0
0,0.052,44.6,0,0,0.0584,0.854,0
0,0.1713,76.33,0,0,0.1608,0.9822,0
0,0.0357,36.37,0,0,0.1978,0.8458,0
0,0.1762,20.91,0,0,0.0484,0.9131,0
8,0.9251,29.79,1,0,0.567,0.0996,1
18,0.6806,2089.77,0,0,0.7554,0.1646,1
1,0.3118,27.73,0,0,0.1337,0.7242,0
0,0.016,87.57,0,0,0.0558,0.4956,0
0,0.0481,73.52,0,0,0.1237,0.7957,0
1,0.1151,5.36,0,0,0.1782,0.8049,0
0,0.0764,20.83,0,0,0.1897,0.9396,0
0,0.0417,2.01,0,0,0.0747,0.8842,0
1,0.0837,48.82,0,0,0.1494,0.9394,0
0,0.0412,60.58,0,0,0.0115,0.7946,0
0,0.0166,22.16,0,0,0.2867,0.9079,0
0,0.0952,8.43,0,0,0.1096,0.6379,0
0,0.0593,47.11,0,0,0.05,0.7696,0
1,0.0125,6.38,1,0,0.1619,0.7796,0
1,0.1052,16.09,0,0,0.0427,0.8191,0
0,0.1501,8.83,0,0,0.0321,0.5252,0
7,0.8756,72.64,0,0,0.5763,0.1015,1
0,0.0126,8.16,0,0,0.2072,0.8775,0
0,0.0658,57.23,0,0,0.0313,0.9635,0
1,0.0857,32.71,0,0,0.3136,0.7824,0
6,0.7524,7.6,1,0,0.5685,0.1195,1
6,0.8787,2119.33,1,1,0.549,0.1047,1
1,0.1167,83.73,0,0,0.0592,0.939,0
0,0.0248,6.08,0,0,0.2589,0.9279,0
0,0.0375,16.95,0,0,0.3671,0.4623,0
0,0.2198,5.09,0,0,0.301,0.8211,0
0,0.0478,1.27,0,0,0.0378,0.912,0
0,0.0158,5.61,0,0,0.3092,0.9701,0
0,0.053,2.39,0,0,0.0766,0.8501,0
0,0.2806,63.72,0,0,0.4013,0.7401,0
1,0.3098,55.6,0,0,0.0673,0.9569,0
7,0.827,105.31,0,0,0.4916,0.1549,1
1,0.0563,26.49,0,0,0.2988,0.9562,0
0,0.0859,20.77,0,0,0.1184,0.7055,0
2,0.7085,1206.14,0,0,0.4009,0.1001,1
1,0.0453,34.19,0,0,0.0472,0.8971,0
5,0.7008,61.56,1,1,0.6757,0.5253,1
0,0.061,10.95,0,0,0.1471,0.927,0
1,0.1289,85.75,0,0,0.0088,0.9381,0
1,0.1487,28.97,0,0,0.1679,0.9606,0
11,0.5625,19.05,0,0,0.6065,0.3241,1
0,0.0131,16.0,0,0,0.161,0.9348,0
0,0.1907,52.1,0,0,0.0766,0.9389,0
1,0.3321,30.82,0,0,0.1669,0.9137,0
10,0.9188,3149.34,1,1,0.9212,0.1388,1
1,0.2003,22.94,0,0,0.5446,0.8269,0
1,0.0197,17.94,0,1,0.0453,0.8917,0
7,0.7954,1790.71,1,0,0.5721,0.1404,1
4,0.0441,10.5,0,0,0.0948,0.8449,0
0,0.0391,10.97,0,0,0.0879,0.9966,0
0,0.0044,68.97,0,0,0.2728,0.8646,0
12,0.9202,10.04,0,0,0.6607,0.2127,1
0,0.0007,40.13,0,0,0.3422,0.7886,0
0,0.2411,38.27,0,0,0.5662,0.8699,0
0,0.1235,28.35,0,0,0.3078,0.8628,0
0,0.0684,62.95,0,0,0.1023,0.8968,0
6,0.9481,153.23,1,0,0.4998,0.4547,1
0,0.1583,1.75,1,0,0.1807,0.822,0
0,0.0506,0.89,0,0,0.1612,0.9556,0
0,0.1713,2.81,0,0,0.0871,0.9385,0
1,0.0997,120.36,0,0,0.0837,0.9324,0
1,0.079,74.02,0,0,0.1701,0.8311,0
0,0.1389,25.86,0,1,0.0615,0.9632,0
0,0.1898,0.98,0,0,0.229,0.9345,0
0,0.0091,25.32,0,0,0.1343,0.8329,0
7,0.9107,18.64,1,1,0.7194,0.1963,1
1,0.1757,15.84,0,0,0.3211,0.8901,0
0,0.0773,0.57,0,0,0.457,0.9085,0
1,0.0447,61.05,0,0,0.117,0.9147,0
2,0.2103,1.15,0,0,0.2549,0.8251,0
12,0.6253,2633.92,1,0,0.7145,0.0328,1
0,0.0449,9.12,0,0,0.3077,0.658,0
0,0.0784,62.55,0,0,0.4699,0.9402,0
0,0.1131,22.51,0,0,0.0703,0.8348,0
0,0.0377,8.4,0,0,0.2028,0.7392,0
2,0.383,18.54,0,0,0.3622,0.8516,0
16,0.7074,2131.46,0,1,0.4502,0.2388,1
1,0.1264,3.75,0,0,0.1272,0.9248,0
1,0.2003,29.57,0,0,0.1491,0.884,0
5,0.6756,1.18,0,1,0.5522,0.2156,1
0,0.0699,55.83,0,0,0.1618,0.8267,0
1,0.0187,87.17,0,0,0.0026,0.9687,0
0,0.122,4.71,0,0,0.1675,0.9629,0
0,0.0688,38.36,0,0,0.2706,0.7333,0
0,0.1053,40.24,0,0,0.2789,0.9624,0
0,0.2682,15.02,0,0,0.1827,0.8554,0
0,0.1578,85.6,0,0,0.0121,0.8915,0
0,0.0317,109.69,0,0,0.0047,0.9022,0
0,0.0325,57.2,0,0,0.1375,0.7983,0
0,0.0236,62.9,0,0,0.1111,0.705,0
0,0.1538,65.49,0,0,0.0575,0.9104,0
0,0.0982,116.94,0,0,0.4934,0.8282,0
0,0.2163,9.59,0,0,0.0948,0.7853,0
0,0.1489,2.45,0,0,0.0637,0.7495,0
1,0.0314,90.85,0,0,0.0272,0.6979,0
8,0.8028,24.03,1,0,0.7692,0.0436,1
2,0.8833,3178.19,1,1,0.7439,0.0444,1
0,0.0813,126.89,0,0,0.1904,0.9246,0
0,0.0663,21.07,0,0,0.016,0.985,0
6,0.722,859.24,1,0,0.5055,0.1794,1
0,0.0636,130.78,0,0,0.0716,0.8753,0
0,0.176,21.99,0,0,0.2018,0.9276,0
0,0.0242,142.64,0,0,0.115,0.687,0
0,0.0584,98.53,0,0,0.1106,0.7675,0
0,0.0357,12.03,0,0,0.2981,0.8896,0
5,0.667,2464.59,1,1,0.8123,0.3663,1
1,0.0561,70.53,0,0,0.0119,0.8814,0
0,0.0592,4.35,0,0,0.0649,0.7681,0
1,0.2052,10.12,0,0,0.3427,0.8926,0
1,0.0242,7.8,0,0,0.3096,0.9119,0
1,0.1574,30.25,0,0,0.1173,0.7172,0
11,0.8659,62.55,1,0,0.649,0.0776,1
1,0.0463,43.56,0,0,0.0469,0.6815,0
0,0.1178,61.31,0,0,0.012,0.5158,0
0,0.1263,76.23,0,1,0.0645,0.6877,0
0,0.0743,34.16,0,0,0.3033,0.9728,0
7,0.8149,987.71,1,1,0.6421,0.3413,1
0,0.1598,20.35,0,0,0.2167,0.9213,0
9,0.9066,85.68,1,0,0.7802,0.1847,1
0,0.0383,6.2,0,0,0.3756,0.9384,0
0,0.1089,2.26,0,0,0.1791,0.9427,0
0,0.1173,41.98,0,0,0.2698,0.8336,0
0,0.0928,7.32,0,1,0.2682,0.7609,0
0,0.0367,37.41,0,0,0.0178,0.8772,0
4,0.7636,2472.72,0,0,0.6958,0.1171,1
1,0.0557,3.79,0,0,0.0395,0.7363,0
2,0.1408,19.91,0,0,0.1967,0.6583,0
2,0.1519,9.81,0,0,0.1575,0.5322,0
6,0.8151,2616.47,0,0,0.2577,0.1926,1
1,0.2197,68.3,0,0,0.3092,0.8701,0
11,0.7671,3009.37,1,0,0.5361,0.3965,1
0,0.1192,31.26,0,0,0.1104,0.9494,0
13,0.7229,90.5,0,0,0.6144,0.0456,1
0,0.0725,90.87,0,0,0.4327,0.9525,0
0,0.0234,14.71,0,0,0.2519,0.8989,0
1,0.0604,5.05,0,0,0.242,0.845,0
0,0.0008,21.04,0,0,0.1735,0.9467,0
6,0.893,66.25,0,1,0.6598,0.1711,1
0,0.1044,26.71,0,0,0.3261,0.437,0
1,0.0456,18.82,0,0,0.3397,0.9367,0
0,0.07,12.57,0,0,0.3819,0.9943,0
0,0.0112,13.39,0,0,0.0699,0.9205,0
2,0.0864,17.89,0,0,0.0274,0.6952,0
3,0.6786,2852.87,1,1,0.3935,0.2196,1
0,0.1579,14.86,0,0,0.2293,0.9122,0
1,0.0164,17.35,0,0,0.1579,0.6531,0
0,0.2027,22.35,0,0,0.169,0.8675,0
7,0.8345,122.79,1,0,0.6944,0.0482,1
0,0.1287,65.92,0,0,0.433,0.9045,0
1,0.0019,46.22,0,0,0.1392,0.5904,0
1,0.1751,13.35,0,0,0.2908,0.5228,0
0,0.3602,94.45,0,0,0.1063,0.5691,0
0,0.1957,8.95,0,0,0.1803,0.9647,0
0,0.088,2.51,0,0,0.212,0.7803,0
0,0.0286,21.98,0,0,0.3212,0.3903,0
0,0.0435,0.45,0,0,0.1182,0.6256,0
0,0.2333,66.33,0,0,0.1049,0.8574,0
0,0.0959,26.99,0,0,0.0669,0.8565,0
0,0.1062,69.94,0,0,0.0376,0.5751,0
5,0.8421,194.34,0,0,0.7798,0.3531,1
13,0.5682,74.88,1,1,0.7043,0.3018,1
1,0.07,147.68,0,0,0.0579,0.9671,0
1,0.0934,23.76,0,0,0.1865,0.8176,0
1,0.0095,28.66,0,0,0.0505,0.9142,0
16,0.5754,0.27,1,1,0.5414,0.0444,1
0,0.1258,36.96,0,1,0.1651,0.8315,0
0,0.1374,34.28,0,0,0.1036,0.8425,0
0,0.0507,9.81,0,0,0.0718,0.6196,0
5,0.8259,43.01,1,1,0.7126,0.1462,1
0,0.1581,16.65,1,0,0.0192,0.9301,0
0,0.3564,49.66,0,0,0.0259,0.7538,0
13,0.627,977.45,1,0,0.8194,0.0522,1
0,0.1112,109.52,0,0,0.0957,0.9452,0
0,0.0708,42.72,0,1,0.1308,0.8993,0
0,0.1504,16.42,0,0,0.0782,0.6826,0
8,0.6607,2143.4,1,0,0.5369,0.1529,1
0,0.0357,19.93,0,0,0.3139,0.842,0
2,0.0596,74.65,0,0,0.0889,0.9223,0
0,0.1014,11.46,0,0,0.0358,0.8428,0
0,0.0329,48.31,0,0,0.2911,0.917,0
0,0.2034,6.49,0,0,0.0524,0.7402,0
1,0.418,25.33,0,0,0.0513,0.8099,0
0,0.1023,93.41,0,0,0.1179,0.9492,0
0,0.1387,8.09,0,0,0.1876,0.9245,0
0,0.0564,84.46,0,0,0.2712,0.8757,0
0,0.0975,2.76,0,0,0.3037,0.741,0
19,0.7983,56.27,1,0,0.5734,0.5931,1
1,0.0412,57.96,0,0,0.5799,0.8774,0
0,0.095,13.57,0,0,0.1149,0.8621,0
0,0.1018,6.04,0,0,0.177,0.6164,0
5,0.759,40.77,0,0,0.612,0.2592,1
0,0.0231,44.07,0,0,0.0472,0.6225,0
2,0.0872,13.73,0,0,0.4978,0.9338,0
8,0.8924,28.69,1,1,0.568,0.398,1
2,0.7184,1134.15,1,1,0.5405,0.5121,1
1,0.1775,119.55,0,0,0.1028,0.7363,0
0,0.1721,28.73,0,0,0.0621,0.8132,0
0,0.1163,1.53,0,0,0.0497,0.8071,0
0,0.0815,13.75,0,0,0.1007,0.8836,0
1,0.1975,36.2,0,0,0.124,0.9511,0
0,0.1614,35.8,0,0,0.0235,0.8961,0
0,0.0456,49.61,0,0,0.3237,0.9479,0
0,0.12,155.95,0,0,0.2817,0.9311,0
1,0.0128,48.77,0,0,0.0719,0.8833,0
0,0.031,8.15,0,0,0.1596,0.6267,0
0,0.1211,118.55,0,0,0.0857,0.845,0
13,0.7501,1693.31,0,1,0.4399,0.093,1
1,0.1124,74.24,0,0,0.1602,0.918,0
0,0.0623,54.61,0,0,0.0968,0.8745,0
1,0.3763,1.17,0,0,0.0092,0.8093,0
0,0.0961,41.87,0,0,0.0976,0.7848,0
1,0.1878,44.67,0,0,0.3042,0.9697,0
6,0.8073,2736.57,1,1,0.7633,0.4033,1
0,0.224,1.43,0,0,0.0277,0.9013,0
1,0.2695,19.19,0,0,0.0441,0.9202,0
2,0.2676,45.02,0,0,0.0893,0.701,0
1,0.0742,22.37,0,0,0.3067,0.8577,0
0,0.1604,7.99,0,0,0.2317,0.8149,0
0,0.1821,34.97,0,0,0.1939,0.9442,0
2,0.1742,19.4,0,0,0.1193,0.8796,0
0,0.1822,2.62,0,0,0.0398,0.9294,0
0,0.1493,5.4,0,0,0.1233,0.8523,0
0,0.1009,3.39,0,0,0.1278,0.8531,0
0,0.107,8.83,0,0,0.0228,0.8458,0
0,0.08,163.7,0,0,0.1496,0.836,0
0,0.1829,6.8,0,0,0.0433,0.949,0
0,0.1264,11.68,0,0,0.147,0.661,0
0,0.0891,5.04,0,0,0.0594,0.9215,0
1,0.0612,38.53,0,1,0.3028,0.9224,0
1,0.1439,5.0,0,0,0.1064,0.5653,0
0,0.1537,15.66,0,0,0.0337,0.7475,0
0,0.1813,26.38,0,0,0.1362,0.865,0
1,0.0315,11.95,0,0,0.1395,0.9788,0
1,0.031,14.63,0,0,0.0403,0.8575,0
0,0.0853,15.24,0,0,0.1137,0.7504,0
0,0.0162,14.19,0,0,0.1307,0.8059,0
2,0.1631,16.3,0,0,0.2557,0.7285,0
1,0.0722,33.32,0,0,0.378,0.9133,0
1,0.1756,59.38,0,0,0.1842,0.9358,0
1,0.0062,31.64,0,0,0.1948,0.9673,0
0,0.1145,1.51,0,0,0.5695,0.9808,0
13,0.9519,32.3,0,0,0.6109,0.2891,1
0,0.0839,54.08,0,0,0.5405,0.9934,0
0,0.0152,11.41,0,0,0.1769,0.9551,0
0,0.1131,73.83,0,0,0.4901,0.6336,0
0,0.036,51.31,0,0,0.0253,0.9773,0
0,0.0708,65.44,0,0,0.156,0.8085,0
0,0.0299,72.6,0,0,0.3301,0.7176,0
1,0.0061,20.55,0,0,0.2443,0.8205,0
0,0.0834,41.36,0,0,0.0852,0.9583,0
0,0.1111,24.42,0,0,0.0138,0.9255,0
2,0.0179,15.56,0,0,0.3076,0.9295,0
0,0.1887,13.21,0,0,0.3773,0.9481,0
0,0.0746,0.45,0,0,0.0933,0.7908,0
0,0.118,47.61,0,0,0.1217,0.9515,0
0,0.0492,36.4,0,0,0.1104,0.9306,0
4,0.8777,3358.26,1,0,0.5797,0.0733,1
0,0.0849,50.6,0,0,0.1633,0.8202,0
1,0.2787,7.97,0,0,0.1902,0.7976,0
1,0.1369,75.97,0,0,0.2714,0.8454,0
0,0.1316,11.74,0,0,0.0264,0.9158,0
1,0.014,20.61,0,0,0.3036,0.8933,0
0,0.1495,34.15,0,0,0.1993,0.8815,0
0,0.0129,8.27,0,0,0.0046,0.8978,0
0,0.0581,34.91,0,0,0.1709,0.8892,0
2,0.0834,70.15,0,0,0.4108,0.8365,0
1,0.0934,10.81,0,0,0.2075,0.8237,0
1,0.2471,51.79,0,1,0.3745,0.8951,0
1,0.1303,68.84,0,0,0.3098,0.8585,0
1,0.0113,23.57,0,0,0.1639,0.808,0
0,0.0619,18.67,0,0,0.0446,0.8644,0
0,0.0277,13.36,0,0,0.3458,0.8318,0
2,0.0702,1.63,0,0,0.127,0.9218,0
0,0.0294,17.9,0,0,0.2483,0.8014,0
0,0.0147,28.71,0,0,0.3391,0.9312,0
0,0.2106,32.65,0,0,0.0681,0.7617,0
1,0.3108,23.62,0,0,0.0985,0.7465,0
0,0.0955,44.99,0,0,0.0279,0.6795,0
15,0.9278,1618.91,0,0,0.4684,0.2456,1
0,0.0988,67.03,0,0,0.1095,0.8615,0
0,0.1485,59.51,0,1,0.4245,0.7753,0
6,0.6717,86.48,1,0,0.8274,0.0974,1
1,0.1065,31.73,0,0,0.3353,0.8237,0
1,0.0598,43.86,0,0,0.1684,0.891,0
2,0.0558,13.61,0,0,0.2339,0.95,0
0,0.0977,9.21,0,0,0.5044,0.9394,0
0,0.178,41.35,0,0,0.3129,0.7784,0
0,0.0756,0.9,0,0,0.3823,0.5815,0
1,0.2351,60.59,0,0,0.0591,0.9831,0
0,0.2858,139.59,0,0,0.1145,0.9112,0
0,0.1055,13.89,1,0,0.0163,0.9269,0
2,0.1415,24.92,0,0,0.218,0.9504,0
0,0.0759,11.82,0,0,0.2582,0.9629,0
0,0.1212,34.03,0,0,0.2943,0.7908,0
0,0.0945,91.55,0,0,0.2273,0.9591,0
0,0.0326,7.13,0,0,0.1866,0.9177,0
6,0.694,287.75,1,1,0.5514,0.1116,1
0,0.2658,4.14,0,0,0.0229,0.5711,0
1,0.0114,55.92,0,0,0.0023,0.923,0
0,0.077,9.9,0,0,0.5899,0.5541,0
1,0.1055,5.8,0,0,0.0157,0.7289,0
0,0.0679,18.98,0,0,0.1714,0.8254,0
0,0.065,21.37,0,0,0.0274,0.5704,0
0,0.0369,74.2,0,0,0.0342,0.9737,0
1,0.0629,64.9,0,0,0.1051,0.8528,0
0,0.2181,25.99,0,1,0.071,0.9631,0
0,0.0654,39.5,0,0,0.0241,0.8868,0
2,0.1039,19.7,0,0,0.026,0.7871,0
0,0.1453,4.7,0,1,0.0395,0.9846,0
0,0.0233,22.74,0,0,0.1292,0.6613,0
7,0.6426,20.78,1,0,0.5604,0.183,1
0,0.0415,103.84,1,0,0.1134,0.8815,0
0,0.0447,36.61,1,0,0.0133,0.7112,0
1,0.0322,78.36,0,0,0.0203,0.683,0
19,0.8099,3440.7,1,1,0.5233,0.1377,1
0,0.0371,25.73,0,0,0.1879,0.8668,0
15,0.8485,2074.1,1,1,0.5268,0.109,1
12,0.4329,51.86,0,1,0.5561,0.1654,1
1,0.064,9.5,0,0,0.2084,0.9932,0
0,0.0458,55.83,0,0,0.3126,0.875,0
0,0.0266,47.43,0,0,0.2135,0.9724,0
1,0.0669,21.05,0,0,0.3135,0.8587,0
1,0.013,0.5,0,0,0.0714,0.8781,0
0,0.042,22.4,0,0,0.1597,0.5775,0
0,0.0496,20.75,0,0,0.0044,0.777,0
0,0.0206,31.96,0,0,0.1923,0.9305,0
0,0.0243,29.29,0,0,0.1094,0.8667,0
0,0.0767,4.89,0,0,0.0926,0.9638,0
0,0.0141,60.21,0,0,0.1691,0.9726,0
14,0.7593,3356.58,0,0,0.7058,0.1033,1
0,0.0177,14.24,0,0,0.0817,0.8642,0
0,0.0209,3.83,0,0,0.271,0.8753,0
18,0.9539,2301.0,0,1,0.5183,0.1574,1
0,0.1256,12.6,1,0,0.116,0.7739,0
1,0.1324,40.75,0,0,0.0642,0.8765,0
13,0.8462,937.86,0,1,0.7109,0.1123,1
12,0.7668,14.81,1,0,0.7522,0.2422,1
4,0.7134,2795.23,1,1,0.6815,0.076,1
2,0.0036,32.29,0,0,0.1473,0.1644,0
0,0.0763,13.88,0,0,0.0907,0.947,0
2,0.1133,10.64,0,0,0.3344,0.9188,0
0,0.0902,6.39,0,0,0.108,0.4276,0
0,0.1228,18.66,0,0,0.2473,0.9712,0
0,0.0757,32.95,0,0,0.4209,0.9556,0
0,0.2648,35.78,0,0,0.0841,0.9019,0
3,0.0885,24.91,0,0,0.3245,0.9699,0
0,0.0376,6.19,0,0,0.026,0.9974,0
1,0.0223,17.98,0,1,0.2921,0.9725,0
2,0.0782,16.43,0,0,0.2067,0.9452,0
0,0.1038,56.3,0,0,0.0162,0.9438,0
8,0.6997,1125.34,1,1,0.8286,0.1026,1
6,0.6592,2.89,1,1,0.8667,0.1046,1
0,0.0909,6.58,0,0,0.0912,0.9141,0
0,0.1677,32.68,0,0,0.1616,0.7178,0
0,0.0216,16.39,0,0,0.0729,0.8883,0
0,0.0267,19.45,0,0,0.1141,0.8772,0
0,0.0403,9.43,0,0,0.1954,0.8173,0
0,0.0186,1.09,0,0,0.1261,0.804,0
0,0.2998,46.2,0,0,0.318,0.8313,0
0,0.0973,58.19,0,0,0.099,0.8609,0
0,0.1787,25.77,0,0,0.094,0.9209,0
9,0.9031,70.2,1,0,0.3876,0.1485,1
0,0.3936,66.5,0,0,0.1648,0.8106,0
0,0.0039,28.99,0,0,0.2934,0.841,0
0,0.1214,18.05,0,0,0.093,0.9348,0
1,0.0408,56.19,0,0,0.1592,0.8483,0
0,0.3066,3.28,0,0,0.1136,0.9323,0
18,0.8413,3281.15,1,0,0.8371,0.4846,1
1,0.1848,9.85,0,0,0.0494,0.8445,0
0,0.0803,9.04,0,0,0.2913,0.9047,0
11,0.8403,16.88,1,1,0.7807,0.185,1
12,0.6959,31.45,0,0,0.8554,0.2309,1
1,0.0688,62.87,0,0,0.0292,0.7497,0
0,0.1085,24.07,0,0,0.1053,0.9239,0
0,0.1176,90.46,0,0,0.0214,0.8526,0
0,0.1226,9.56,0,0,0.0066,0.9467,0
0,0.0783,7.89,0,0,0.0828,0.9352,0
0,0.1769,7.94,0,0,0.5317,0.9384,0
1,0.1022,81.91,0,0,0.2813,0.9308,0
0,0.0316,36.11,0,0,0.0213,0.8598,0
15,0.7913,2531.43,1,0,0.8356,0.4556,1
1,0.1753,171.83,0,1,0.166,0.5528,0
1,0.1403,10.36,0,0,0.2584,0.6989,0
0,0.0391,28.84,0,0,0.0662,0.8691,0
0,0.1723,8.7,0,0,0.3184,0.9417,0
6,0.9399,1833.47,1,1,0.6717,0.1963,1
0,0.0318,14.75,0,0,0.0354,0.8254,0
1,0.0056,9.63,0,0,0.1078,0.6968,0
1,0.0771,5.68,0,1,0.1954,0.9665,0
8,0.868,3028.39,0,1,0.4952,0.3867,1
1,0.1041,50.09,0,0,0.431,0.8716,0
0,0.0089,25.22,0,0,0.1656,0.8645,0
0,0.0881,11.14,0,0,0.2527,0.893,0
0,0.0867,38.33,0,0,0.2502,0.9026,0
1,0.0396,76.38,0,0,0.2167,0.9873,0
0,0.1824,29.02,0,0,0.0308,0.7198,0
1,0.0063,3.5,0,0,0.154,0.8341,0
0,0.1665,237.02,0,0,0.124,0.6053,0
0,0.2637,13.26,0,0,0.2882,0.8498,0
0,0.1175,5.52,0,0,0.2195,0.7064,0
0,0.1145,5.9,0,0,0.1001,0.9198,0
0,0.0431,70.93,0,0,0.0068,0.6422,0
0,0.2054,28.41,0,0,0.3871,0.9368,0
1,0.0782,47.02,1,0,0.1058,0.9471,0
2,0.0973,29.31,0,0,0.2832,0.8561,0
1,0.1697,43.42,0,0,0.4483,0.8922,0
0,0.0805,51.74,0,0,0.2577,0.7284,0
0,0.0919,109.87,0,0,0.0839,0.8553,0
0,0.0666,62.2,0,0,0.2707,0.8784,0
12,0.8947,27.83,1,1,0.5841,0.1888,1
0,0.0658,5.16,0,0,0.1161,0.9899,0
0,0.2293,22.88,0,0,0.3804,0.7344,0
0,0.1085,11.1,0,0,0.1497,0.9836,0
0,0.0458,46.64,0,0,0.0527,0.7894,0
0,0.1412,37.52,0,0,0.3412,0.7999,0
0,0.002,56.96,1,0,0.0903,0.7351,0
0,0.0611,95.59,0,0,0.0154,0.7378,0
0,0.2231,24.42,0,0,0.3991,0.9463,0
5,0.7954,3005.96,1,1,0.7317,0.0358,1
1,0.1764,9.11,0,0,0.016,0.8837,0
0,0.1174,6.37,0,0,0.0716,0.9543,0
0,0.023,62.35,0,1,0.4659,0.9454,0
7,0.8215,2717.38,1,1,0.8486,0.086,1
0,0.2097,27.8,0,0,0.1685,0.8817,0
1,0.262,74.64,0,0,0.1587,0.7696,0
0,0.0508,42.0,0,0,0.1369,0.8275,0
1,0.0781,20.27,0,0,0.0877,0.9285,0
0,0.0165,84.6,0,0,0.1348,0.93,0
0,0.0497,4.72,0,0,0.3409,0.7505,0
1,0.2374,76.28,0,0,0.0836,0.9334,0
0,0.1789,1.88,0,0,0.1621,0.8706,0
0,0.0567,20.08,0,0,0.2036,0.8302,0
1,0.0469,8.47,0,1,0.177,0.6855,0
0,0.2107,1.0,0,0,0.176,0.9445,0
1,0.1274,9.41,0,0,0.0967,0.9149,0
0,0.3747,35.51,0,0,0.1488,0.8228,0
1,0.1205,165.3,0,0,0.2703,0.9293,0
0,0.2771,147.95,0,0,0.0965,0.8514,0
0,0.0429,1.5,0,0,0.4957,0.7574,0
8,0.9474,2059.92,0,0,0.2429,0.1623,1
11,0.8092,1381.96,1,1,0.2899,0.2017,1
0,0.1234,1.44,0,0,0.1774,0.9699,0
14,0.8466,58.85,1,0,0.8824,0.041,1
0,0.1327,31.93,0,0,0.1865,0.8092,0
0,0.1723,13.04,0,0,0.1419,0.8595,0
0,0.0978,15.44,0,0,0.2575,0.8215,0
0,0.0292,43.81,0,0,0.0232,0.9554,0
2,0.0424,81.34,0,0,0.178,0.9842,0
0,0.1502,25.79,0,0,0.0365,0.875,0
1,0.029,108.8,0,0,0.2169,0.7919,0
0,0.1328,141.26,0,0,0.4197,0.9519,0
0,0.1118,39.01,0,0,0.0154,0.9457,0
0,0.0951,29.99,0,0,0.2329,0.8929,0
1,0.0909,26.96,0,0,0.0035,0.8855,0
1,0.1379,15.39,0,0,0.2647,0.8753,0
0,0.1497,194.24,0,0,0.0225,0.6811,0
1,0.0709,53.4,0,0,0.1604,0.9296,0
0,0.1668,12.88,0,0,0.2543,0.9518,0
12,0.8173,1757.68,0,0,0.3965,0.0603,1
0,0.0799,90.41,0,0,0.1903,0.9297,0
0,0.0451,2.57,0,0,0.3418,0.7868,0
0,0.2814,10.01,0,0,0.139,0.8241,0
0,0.1038,0.84,0,1,0.2089,0.744,0
0,0.108,76.97,0,0,0.0429,0.9437,0
5,0.9558,1565.6,1,0,0.6182,0.1322,1
1,0.0244,102.69,0,0,0.2042,0.6111,0
0,0.0657,2.45,0,0,0.2223,0.588,0
0,0.1166,42.85,0,0,0.1647,0.7382,0
0,0.0128,73.42,0,0,0.3611,0.702,0
0,0.1157,38.23,0,0,0.1759,0.9179,0
0,0.3069,9.14,0,0,0.36,0.6573,0
2,0.102,9.51,0,0,0.2181,0.9404,0
0,0.1237,44.05,0,0,0.1049,0.9613,0
0,0.0976,4.16,0,0,0.1226,0.7705,0
0,0.1945,118.68,0,0,0.0874,0.7301,0
1,0.0662,29.73,0,0,0.3627,0.8613,0
0,0.0139,6.79,0,0,0.0984,0.8462,0
0,0.0504,25.99,0,0,0.0098,0.9264,0
0,0.1412,3.85,0,0,0.0641,0.9575,0
9,0.7347,2752.33,1,0,0.6398,0.5921,1
2,0.1463,31.85,0,0,0.428,0.9598,0
0,0.0527,0.4,0,0,0.0103,0.683,0
1,0.1421,43.11,0,0,0.0151,0.8636,0
0,0.2568,132.01,0,0,0.0484,0.6975,0
0,0.0708,37.81,0,0,0.3203,0.9056,0
0,0.0547,58.26,0,0,0.0038,0.3941,0
9,0.841,1686.47,0,1,0.5331,0.122,1
0,0.0415,34.19,0,0,0.1553,0.9624,0
0,0.1552,15.61,0,0,0.1242,0.8699,0
0,0.2003,41.91,0,0,0.2874,0.974,0
1,0.1221,21.2,0,0,0.0996,0.8534,0
2,0.0831,6.7,0,0,0.2187,0.7456,0
1,0.039,14.97,0,0,0.0406,0.9922,0
2,0.7559,2292.5,1,0,0.7623,0.3898,1
8,0.717,3206.85,1,1,0.8136,0.1614,1
0,0.3259,24.24,0,0,0.1196,0.8059,0
1,0.0748,24.04,0,0,0.1126,0.8407,0
1,0.033,56.01,0,0,0.3492,0.7331,0
0,0.1494,88.93,0,0,0.064,0.8948,0
0,0.0275,16.33,0,0,0.1294,0.8968,0
0,0.104,7.31,0,0,0.2055,0.8444,0
0,0.1851,103.54,0,0,0.1588,0.912,0
0,0.2122,8.97,0,0,0.2917,0.7461,0
4,0.9541,217.71,1,0,0.7939,0.4761,1
1,0.0207,39.15,0,0,0.0134,0.8219,0
0,0.0422,38.93,0,0,0.0026,0.9916,0
0,0.0138,4.62,0,0,0.2186,0.8642,0
0,0.1257,33.23,0,0,0.3765,0.7829,0
15,0.8021,3412.3,0,0,0.8482,0.0356,1
1,0.2201,89.87,0,0,0.0541,0.9018,0
0,0.0667,53.74,0,0,0.1685,0.9663,0
0,0.0213,2.71,0,0,0.0694,0.6395,0
0,0.1059,38.77,0,0,0.0557,0.9839,0
0,0.1999,44.34,0,0,0.1544,0.8873,0
14,0.8053,29.65,1,0,0.8625,0.098,1
1,0.1488,12.11,0,0,0.1275,0.9224,0
0,0.0798,31.73,0,0,0.378,0.7547,0
1,0.0451,24.92,0,0,0.3084,0.6115,0
1,0.0343,12.74,0,0,0.1572,0.9444,0
0,0.0749,1.79,0,0,0.0413,0.9572,0
0,0.2502,150.34,0,0,0.1352,0.8305,0
0,0.0346,33.22,0,0,0.0336,0.7495,0
0,0.0979,136.35,0,0,0.276,0.9913,0
9,0.8721,83.18,1,0,0.4747,0.1046,1
0,0.3222,8.07,0,0,0.0903,0.645,0
0,0.1147,166.39,0,0,0.294,0.947,0
0,0.1083,2.36,0,0,0.0271,0.847,0
0,0.0587,28.98,1,0,0.0175,0.9885,0
9,0.7508,216.61,0,0,0.7622,0.1412,1
1,0.2215,38.01,0,0,0.2651,0.8399,0
0,0.1102,58.52,0,0,0.0361,0.9959,0
1,0.0371,40.88,0,0,0.007,0.8942,0
1,0.0989,37.05,0,0,0.0781,0.8763,0
0,0.128,45.42,0,0,0.5116,0.7979,0
0,0.3828,98.43,0,0,0.1272,0.972,0
0,0.0425,16.3,0,0,0.0706,0.9838,0
0,0.0307,34.94,0,0,0.1027,0.9977,0
0,0.0372,98.91,0,0,0.0767,0.8945,0
6,0.9075,1334.68,1,1,0.3307,0.2755,1
1,0.2757,5.96,0,0,0.0407,0.8832,0
1,0.0834,3.44,0,0,0.2339,0.8465,0
0,0.177,107.89,0,0,0.0702,0.9476,0
1,0.0662,17.18,0,0,0.2292,0.7861,0
1,0.1595,67.04,0,0,0.1841,0.9078,0
0,0.0338,8.52,0,0,0.2251,0.8085,0
1,0.0296,46.13,0,0,0.2242,0.9449,0
0,0.0351,15.85,0,0,0.1487,0.7095,0
0,0.0216,9.57,0,0,0.2532,0.6552,0
1,0.0478,5.58,0,0,0.0578,0.8441,0
0,0.058,100.54,0,0,0.0374,0.7865,0
0,0.321,12.85,0,0,0.1804,0.8788,0
1,0.0501,10.65,0,0,0.4016,0.7132,0
0,0.0013,18.88,0,0,0.3017,0.7168,0
1,0.1881,10.97,0,0,0.1241,0.9714,0
0,0.0441,77.94,0,0,0.106,0.9875,0
1,0.0924,26.29,0,0,0.0126,0.9038,0
7,0.9269,22.53,1,0,0.5437,0.1252,1
0,0.0967,69.06,0,0,0.4489,0.7316,0
1,0.1934,49.5,0,0,0.0963,0.9393,0
0,0.0666,10.91,0,1,0.2001,0.9385,0
0,0.0339,6.15,0,0,0.1327,0.863,0
0,0.1784,24.9,0,0,0.1483,0.8953,0
1,0.0427,21.93,0,0,0.1628,0.7687,0
10,0.7565,3.94,1,0,0.8901,0.0992,1
0,0.2888,2.97,0,0,0.1581,0.9785,0
2,0.0608,14.61,0,0,0.2349,0.7352,0
5,0.8534,2070.54,1,1,0.8204,0.4442,1
4,0.9485,26.62,1,0,0.4822,0.2094,1
1,0.0693,44.11,0,0,0.0268,0.9865,0
0,0.1386,31.28,0,0,0.1468,0.8767,0
0,0.0065,32.42,0,0,0.1283,0.7561,0
0,0.0094,38.71,0,0,0.2118,0.8006,0
9,0.8426,2597.54,0,1,0.703,0.6095,1
0,0.0633,12.7,0,0,0.217,0.9121,0
1,0.0149,16.84,0,0,0.5451,0.9371,0
0,0.0535,27.08,0,0,0.1428,0.9514,0
1,0.251,41.43,0,0,0.1105,0.9882,0
0,0.0241,41.27,0,0,0.2356,0.8238,0
8,0.925,84.61,0,1,0.4306,0.3131,1
0,0.23,1.85,0,0,0.1709,0.5879,0
5,0.9345,48.05,1,1,0.7007,0.3574,1
0,0.1808,58.35,0,0,0.1969,0.8473,0
1,0.0795,13.45,0,0,0.1662,0.9478,0
3,0.0863,13.43,0,0,0.2351,0.783,0
0,0.0629,29.84,0,0,0.1069,0.7853,0
0,0.0286,110.89,0,0,0.2315,0.8636,0
0,0.3286,3.91,0,0,0.1741,0.8584,0
1,0.061,8.05,0,0,0.3165,0.9726,0
5,0.7256,22.93,0,1,0.4857,0.3207,1
0,0.0595,100.65,0,0,0.0904,0.5816,0
1,0.0809,84.38,0,0,0.0058,0.8137,0
0,0.1633,69.87,0,0,0.2405,0.993,0
0,0.2531,24.46,0,0,0.1184,0.8863,0
0,0.1116,0.51,0,0,0.3942,0.5913,0
4,0.8824,2411.45,0,0,0.7691,0.0333,1
0,0.0579,26.4,0,0,0.0087,0.6588,0
1,0.1356,17.69,0,0,0.0438,0.9301,0
0,0.0222,62.63,0,0,0.099,0.7547,0
0,0.0266,26.61,0,0,0.2365,0.8631,0
0,0.0668,42.31,0,0,0.4163,0.8218,0
0,0.062,13.54,0,0,0.0569,0.979,0
0,0.04,26.05,0,0,0.1406,0.7974,0
0,0.2755,31.32,0,0,0.0649,0.7594,0
3,0.9065,9.87,1,0,0.5201,0.161,1
0,0.0534,21.64,0,0,0.38,0.87,0
0,0.1236,13.42,0,0,0.1829,0.7338,0
0,0.1406,2.41,0,1,0.3803,0.9239,0
0,0.0325,21.59,0,0,0.5722,0.7997,0
1,0.2152,51.77,0,0,0.3377,0.8233,0
0,0.1924,3.24,0,0,0.1405,0.8758,0
0,0.0588,18.92,0,0,0.3235,0.9651,0
0,0.0345,66.66,0,0,0.6202,0.5958,0
0,0.0197,29.46,0,0,0.2944,0.9343,0
0,0.0612,40.56,0,0,0.2044,0.916,0
13,0.6482,1696.66,1,1,0.6571,0.1233,1
9,0.4306,3243.94,0,1,0.804,0.1164,1
0,0.0533,17.24,0,0,0.0601,0.8388,0
2,0.0231,19.44,0,0,0.3377,0.7737,0
0,0.1899,21.5,0,0,0.0327,0.9408,0
0,0.073,31.74,0,0,0.1945,0.946,0
0,0.1794,103.21,0,1,0.0124,0.9409,0
0,0.2358,42.1,0,0,0.1316,0.8393,0
0,0.3581,30.34,0,0,0.1845,0.9048,0
0,0.0455,101.86,0,0,0.1099,0.8291,0
1,0.0515,7.66,0,0,0.1946,0.5869,0
1,0.1286,2.16,0,0,0.324,0.8222,0
0,0.1706,97.85,0,0,0.0703,0.968,0
0,0.0406,1.46,0,0,0.0474,0.7865,0
0,0.0828,14.52,0,0,0.1261,0.8167,0
0,0.0991,52.54,0,0,0.1149,0.9907,0
1,0.0348,30.05,0,0,0.089,0.5771,0
3,0.036,45.25,0,0,0.4521,0.8288,0
0,0.0437,0.55,0,0,0.1337,0.9126,0
0,0.2105,15.87,0,0,0.379,0.9578,0
0,0.0759,1.23,0,0,0.033,0.8419,0
0,0.0339,137.5,0,0,0.1732,0.9437,0
0,0.267,11.2,0,0,0.1523,0.9774,0
7,0.6228,2580.41,1,0,0.6261,0.5154,1
3,0.1172,60.17,0,0,0.034,0.8652,0
0,0.1195,2.54,0,0,0.1535,0.9157,0
0,0.0647,94.55,0,0,0.0488,0.6106,0
1,0.0625,10.57,0,0,0.0962,0.8569,0
1,0.068,2.09,0,0,0.1033,0.9359,0
0,0.1164,12.89,0,0,0.4178,0.7674,0
0,0.0304,37.3,0,0,0.0534,0.8007,0
0,0.0637,15.47,0,0,0.4696,0.7186,0
0,0.0958,31.07,0,1,0.1396,0.9571,0
0,0.0294,11.52,0,0,0.2465,0.9038,0
18,0.9694,2806.91,0,0,0.5065,0.121,1
0,0.1278,4.97,0,0,0.2887,0.9305,0
1,0.1012,56.75,0,0,0.145,0.7991,0
0,0.068,32.96,0,0,0.1099,0.7964,0
0,0.1668,95.22,0,0,0.1389,0.988,0
0,0.0215,70.41,0,0,0.1823,0.9194,0
0,0.0637,17.45,0,0,0.0112,0.9486,0
2,0.1711,84.9,0,0,0.3176,0.7738,0
0,0.1432,29.93,0,0,0.2122,0.9615,0
1,0.107,14.64,0,0,0.0452,0.9401,0
0,0.0349,2.98,0,0,0.1412,0.9533,0
1,0.1023,33.62,0,0,0.4354,0.8507,0
0,0.0425,1.72,0,0,0.1063,0.9576,0
0,0.1244,16.52,0,0,0.1712,0.8801,0
8,0.4537,342.9,1,0,0.877,0.2543,1
1,0.0966,34.55,0,0,0.0437,0.4093,0
0,0.1829,10.52,0,0,0.1979,0.9143,0
0,0.1019,5.56,0,0,0.0757,0.9751,0
0,0.0575,11.52,0,0,0.1421,0.9132,0
1,0.0215,4.28,1,0,0.1693,0.8483,0
0,0.1679,61.9,0,0,0.0408,0.9049,0
0,0.131,8.72,0,0,0.1953,0.9428,0
0,0.2822,16.43,0,0,0.4141,0.9667,0
0,0.0891,5.11,0,0,0.1278,0.7055,0
7,0.8601,2302.49,1,0,0.5971,0.4426,1
0,0.0549,36.43,1,0,0.1131,0.8965,0
0,0.0238,46.6,0,0,0.1424,0.7036,0
15,0.8121,88.85,1,0,0.8476,0.2651,1
0,0.1248,120.49,0,0,0.0113,0.9756,0
0,0.012,16.91,0,0,0.1064,0.7047,0
0,0.3305,50.32,0,0,0.1313,0.6367,0
0,0.0132,54.25,0,0,0.1298,0.907,0
1,0.1152,218.08,0,0,0.1583,0.8929,0
0,0.0638,36.15,0,1,0.1248,0.8574,0
2,0.0598,29.72,0,0,0.1652,0.8694,0
0,0.1506,11.04,0,0,0.4259,0.6555,0
12,0.7465,121.6,0,1,0.6433,0.0596,1
0,0.1408,38.9,0,0,0.0345,0.9721,0
0,0.0269,66.45,0,0,0.0329,0.7613,0
1,0.078,2.19,0,0,0.3136,0.8556,0
0,0.0683,26.58,0,0,0.2573,0.9703,0
2,0.0945,31.42,0,0,0.2119,0.9407,0
1,0.1178,40.21,0,0,0.1296,0.9347,0
1,0.0116,4.02,0,0,0.2469,0.7185,0
0,0.1439,20.04,0,0,0.0462,0.955,0
1,0.0784,23.11,0,0,0.2462,0.8866,0
0,0.2565,13.28,0,0,0.3656,0.9943,0
7,0.6726,1106.52,1,0,0.6496,0.1166,1
0,0.0995,42.05,0,0,0.234,0.959,0
10,0.5849,3101.33,0,0,0.6598,0.3403,1
1,0.1815,5.13,0,0,0.0592,0.9824,0
18,0.7485,1970.92,0,0,0.5417,0.2446,1
0,0.0368,5.09,0,0,0.0992,0.8633,0
7,0.7745,2325.69,1,0,0.6786,0.0369,1
1,0.0099,13.46,0,1,0.1217,0.798,0
0,0.0443,15.76,0,0,0.0322,0.8812,0
1,0.1171,32.48,0,0,0.0891,0.7542,0
1,0.1289,58.48,0,0,0.0574,0.7889,0
0,0.1379,4.41,0,0,0.3375,0.8876,0
0,0.0743,0.39,0,0,0.0247,0.7398,0
6,0.7716,29.1,0,1,0.7242,0.1657,1
0,0.2204,23.48,0,0,0.2112,0.901,0
1,0.1621,21.38,0,0,0.0535,0.9,0
0,0.1499,27.24,0,0,0.0644,0.7798,0
12,0.9742,8.0,1,1,0.8148,0.2825,1
0,0.0805,13.06,0,0,0.0065,0.9093,0
1,0.1636,18.0,0,0,0.3128,0.7803,0
0,0.0968,10.22,0,0,0.2092,0.9648,0
0,0.0237,3.06,0,0,0.3105,0.8064,0
0,0.1457,11.52,0,0,0.0415,0.8278,0
0,0.0435,26.24,0,0,0.098,0.9392,0
1,0.1512,30.64,0,0,0.2621,0.7582,0
0,0.1097,24.09,0,0,0.1842,0.9748,0
1,0.0582,53.19,0,0,0.0306,0.6561,0
1,0.0515,12.79,0,0,0.4959,0.9405,0
0,0.0357,90.21,1,0,0.0463,0.9827,0
0,0.2754,0.34,0,0,0.158,0.9073,0
0,0.2131,0.65,0,0,0.0629,0.9012,0
2,0.1127,80.59,0,0,0.2036,0.833,0
0,0.1192,6.57,0,0,0.3603,0.569,0
1,0.3319,1.9,0,0,0.24,0.8319,0
0,0.1919,29.03,0,0,0.1953,0.7347,0
0,0.0678,161.53,0,0,0.0738,0.9511,0
0,0.0701,19.54,0,0,0.0755,0.9903,0
0,0.1393,16.28,0,0,0.1211,0.8935,0
0,0.1364,8.52,0,0,0.0185,0.7095,0
0,0.1704,10.38,0,0,0.1109,0.9449,0
0,0.3011,53.33,0,0,0.0738,0.8069,0
1,0.074,62.51,0,0,0.0659,0.9327,0
6,0.4812,2716.02,1,0,0.283,0.0732,1
0,0.1714,27.87,0,0,0.132,0.9394,0
2,0.0519,152.94,0,0,0.2135,0.881,0
0,0.0472,147.02,0,0,0.4789,0.9657,0
12,0.8424,21.07,1,0,0.7909,0.1627,1
1,0.0517,6.97,0,0,0.0934,0.7572,0
1,0.2537,32.0,0,0,0.0227,0.9515,0
0,0.0433,18.19,0,0,0.3311,0.8478,0
0,0.2321,26.01,0,0,0.4559,0.4639,0
7,0.9495,21.59,1,1,0.5173,0.063,1
0,0.233,2.46,0,0,0.0102,0.9512,0
0,0.0203,11.95,0,0,0.3374,0.9355,0
0,0.108,10.42,0,0,0.1879,0.8536,0
0,0.062,128.31,0,0,0.1567,0.9291,0
0,0.1127,56.69,0,0,0.0355,0.887,0
1,0.0304,10.21,0,0,0.0726,0.957,0
1,0.0697,28.07,0,0,0.168,0.8082,0
0,0.0025,52.83,0,0,0.3298,0.6689,0
0,0.0331,87.69,0,0,0.2731,0.7134,0
1,0.154,7.62,0,0,0.0838,0.8307,0
0,0.1546,15.54,0,0,0.1926,0.8492,0
0,0.0589,79.6,0,0,0.1457,0.8841,0
1,0.0792,21.97,0,1,0.3146,0.8135,0
2,0.131,53.49,0,0,0.0334,0.8589,0
12,0.8636,3393.12,1,0,0.3373,0.1031,1
1,0.1666,17.76,0,0,0.1255,0.9074,0
0,0.1514,46.39,0,0,0.0687,0.7376,0
0,0.1918,6.35,0,0,0.0359,0.8225,0
1,0.0979,85.74,0,0,0.0088,0.9714,0
0,0.2063,192.95,0,1,0.4797,0.8841,0
1,0.0007,64.27,0,0,0.015,0.5739,0
0,0.2145,53.01,0,0,0.1273,0.7962,0
0,0.1024,58.23,0,0,0.0179,0.9531,0
0,0.1825,55.62,0,0,0.0132,0.9202,0
0,0.1453,5.45,0,0,0.1453,0.981,0
0,0.1221,47.65,0,0,0.0555,0.5596,0
0,0.1491,12.78,0,0,0.2952,0.7047,0
1,0.0101,14.48,0,0,0.4507,0.8921,0
0,0.0152,109.81,0,0,0.3459,0.9548,0
0,0.0677,7.03,0,0,0.0278,0.9017,0
9,0.7418,1553.32,1,0,0.9144,0.3555,1
1,0.2249,1.26,0,0,0.2949,0.8837,0
2,0.115,2.47,0,0,0.1561,0.8921,0
1,0.0386,41.52,0,0,0.2226,0.9188,0
2,0.7224,1416.23,1,0,0.898,0.2968,1
0,0.1953,109.74,0,0,0.2606,0.7724,0
0,0.183,28.94,0,0,0.0588,0.8979,0
0,0.061,10.53,0,0,0.0232,0.5298,0
0,0.125,65.0,0,0,0.2027,0.9746,0
0,0.0525,2.45,0,0,0.2728,0.867,0
0,0.2079,23.47,0,0,0.1182,0.5663,0
0,0.0187,49.06,0,0,0.1261,0.8897,0
0,0.019,68.08,0,0,0.3769,0.6792,0
0,0.3856,172.51,0,0,0.0416,0.478,0
5,0.3506,3129.09,0,1,0.4827,0.2343,1
1,0.0414,7.25,0,0,0.0566,0.9271,0
15,0.9073,3457.53,1,0,0.6574,0.0167,1
0,0.1035,79.31,0,0,0.0293,0.7479,0
9,0.7028,1061.99,0,0,0.8813,0.0783,1
0,0.1004,73.17,0,0,0.1397,0.8612,0
0,0.0608,38.38,0,0,0.01,0.8517,0
0,0.0495,57.98,0,0,0.171,0.9922,0
0,0.0389,102.28,0,0,0.0713,0.6852,0
0,0.0188,3.02,0,0,0.0637,0.9682,0
0,0.0851,23.44,0,0,0.3943,0.8005,0
0,0.0545,28.84,0,0,0.3613,0.8559,0
0,0.0651,25.37,0,0,0.0414,0.7525,0
1,0.3358,9.24,0,0,0.1915,0.9202,0
2,0.8925,34.76,1,1,0.8277,0.2926,1
1,0.0587,101.21,1,0,0.0089,0.8702,0
0,0.1867,24.15,0,1,0.1515,0.804,0
0,0.0551,43.21,0,0,0.2995,0.8847,0
10,0.4872,2055.54,1,1,0.3312,0.386,1
0,0.0874,30.95,0,0,0.3064,0.9266,0
19,0.8077,2047.98,1,0,0.6505,0.204,1
0,0.0412,19.67,0,0,0.3912,0.7636,0
1,0.3273,23.04,0,0,0.1256,0.6732,0
0,0.087,1.27,1,0,0.3404,0.9781,0
9,0.5251,5.07,0,1,0.4941,0.1612,1
0,0.0421,27.15,0,1,0.1243,0.7387,0
0,0.0053,25.97,0,0,0.1192,0.8981,0
0,0.0397,14.85,0,0,0.2322,0.7464,0
0,0.0558,12.17,0,0,0.2194,0.9079,0
14,0.5351,2935.26,1,1,0.2786,0.0799,1
1,0.0995,4.66,0,0,0.5268,0.9188,0
0,0.0249,38.87,0,0,0.021,0.8597,0
0,0.1107,41.65,0,0,0.0837,0.8628,0
1,0.1025,123.74,0,0,0.1026,0.6137,0
7,0.7666,1307.66,1,0,0.7035,0.0974,1
0,0.0536,3.31,0,1,0.0327,0.766,0
1,0.1164,8.73,0,0,0.0842,0.8153,0
0,0.347,45.92,0,0,0.1941,0.8468,0
0,0.0462,63.87,0,0,0.0868,0.9685,0
1,0.2694,3.13,0,0,0.0561,0.9274,0
25,0.9173,1339.34,0,1,0.757,0.064,1
11,0.7087,1780.77,1,1,0.9001,0.212,1
0,0.1312,53.41,0,0,0.1233,0.9575,0
17,0.6506,2652.89,0,0,0.4882,0.1771,1
0,0.2391,3.61,0,0,0.1845,0.8587,0
1,0.0759,52.32,0,0,0.1364,0.9324,0
0,0.1659,29.16,0,0,0.2587,0.8097,0
0,0.1591,15.61,0,0,0.1081,0.8216,0
0,0.0215,3.45,0,0,0.091,0.9439,0
0,0.2447,44.27,0,0,0.1222,0.997,0
0,0.0256,22.45,0,0,0.4813,0.9768,0
0,0.3737,14.6,0,0,0.2199,0.8548,0
0,0.0547,148.73,0,0,0.2464,0.9479,0
0,0.1024,28.3,0,0,0.5714,0.9411,0
2,0.1977,8.79,0,0,0.0212,0.9259,0
9,0.7497,2606.69,0,1,0.686,0.1648,1
0,0.0317,32.69,0,0,0.0217,0.944,0
4,0.7568,2255.32,0,0,0.3398,0.2269,1
0,0.0992,11.9,0,0,0.0112,0.8212,0
0,0.1118,23.98,0,0,0.1389,0.947,0
1,0.1019,0.28,0,0,0.0796,0.9113,0
1,0.0472,19.64,0,0,0.1341,0.9527,0
0,0.0932,91.48,0,0,0.1784,0.8414,0
10,0.8708,2919.3,1,1,0.4444,0.0752,1
0,0.0473,20.52,0,0,0.2394,0.8468,0
0,0.132,15.58,0,0,0.3265,0.8942,0
0,0.159,2.19,0,0,0.036,0.7209,0
0,0.0388,40.3,0,0,0.0572,0.6943,0
2,0.0748,29.55,0,0,0.2336,0.7383,0
2,0.1529,134.97,0,0,0.3333,0.5854,0
1,0.3241,5.39,0,0,0.0686,0.9838,0
11,0.77,12.22,1,0,0.6028,0.1736,1
0,0.3857,20.05,0,1,0.0876,0.7475,0
1,0.0277,7.35,0,0,0.1924,0.8386,0
7,0.9399,857.31,1,0,0.5246,0.6601,1
2,0.0216,4.21,0,0,0.3214,0.8634,0
1,0.0442,43.43,0,0,0.2124,0.9719,0
1,0.0104,12.65,0,0,0.0156,0.8264,0
0,0.0973,129.28,0,0,0.2325,0.9305,0
0,0.1618,16.01,0,0,0.4068,0.782,0
1,0.1642,21.21,0,0,0.1491,0.9079,0
12,0.7138,1867.4,0,0,0.7921,0.2805,1
7,0.856,17.0,0,0,0.8688,0.3172,1
0,0.1816,84.65,0,0,0.4772,0.8721,0
10,0.9143,285.03,0,0,0.5472,0.1985,1
2,0.3326,35.49,0,0,0.1262,0.8874,0
0,0.0498,36.83,0,0,0.3872,0.853,0
1,0.0543,12.5,0,0,0.4195,0.908,0
2,0.016,65.58,0,0,0.2964,0.895,0
0,0.3004,12.67,0,0,0.2634,0.9012,0
0,0.0112,24.55,0,0,0.0598,0.8523,0
0,0.1502,10.07,0,0,0.1475,0.9035,0
0,0.1494,9.95,0,0,0.3913,0.9194,0
0,0.0688,14.93,0,0,0.1303,0.835,0
0,0.1316,12.64,1,0,0.0703,0.8081,0
1,0.2088,35.33,0,0,0.0784,0.833,0
0,0.0407,54.74,0,0,0.6173,0.9631,0
1,0.0751,8.33,0,0,0.1672,0.7519,0
0,0.089,63.51,0,0,0.1829,0.8196,0
1,0.0584,4.51,0,0,0.2746,0.9772,0
0,0.0942,32.88,0,0,0.069,0.9841,0
0,0.1255,24.54,0,0,0.2322,0.7043,0
0,0.1483,8.22,0,0,0.069,0.8574,0
2,0.2061,0.33,0,0,0.0881,0.845,0
0,0.0437,12.3,1,0,0.2442,0.9478,0
0,0.1468,51.2,0,0,0.037,0.8029,0
1,0.0237,10.04,0,0,0.0812,0.8984,0
0,0.0295,19.32,0,0,0.2009,0.9735,0
1,0.0261,13.09,0,0,0.4119,0.8346,0
3,0.0288,147.42,0,0,0.2669,0.748,0
0,0.0288,44.39,0,0,0.4792,0.985,0
13,0.7391,2737.74,0,0,0.4647,0.3925,1
0,0.0565,29.49,0,0,0.0576,0.7374,0
0,0.0287,40.84,0,0,0.1188,0.7612,0
0,0.0693,0.43,0,0,0.1305,0.8316,0
1,0.1478,6.85,0,0,0.3103,0.9887,0
0,0.2502,26.17,0,1,0.1375,0.9607,0
0,0.0427,28.17,0,0,0.3426,0.6102,0
2,0.0067,27.17,0,0,0.1618,0.9332,0
0,0.3824,51.68,0,0,0.2151,0.8772,0
0,0.0373,32.13,0,0,0.0335,0.5996,0
0,0.0914,1.71,0,0,0.0243,0.7658,0
0,0.2557,26.41,0,0,0.1877,0.7742,0
1,0.0332,34.01,0,0,0.1312,0.8959,0
9,0.8873,2704.9,0,1,0.5803,0.1808,1
0,0.0477,52.86,0,0,0.3779,0.8275,0
1,0.0074,31.09,0,0,0.2033,0.5457,0
13,0.8374,2852.62,1,1,0.4119,0.2728,1
1,0.0955,4.44,0,0,0.453,0.8929,0
1,0.1091,10.18,0,0,0.1906,0.6722,0
3,0.8197,3340.01,1,0,0.7501,0.2164,1
1,0.0969,13.63,0,0,0.1213,0.9325,0
8,0.5592,1690.76,1,0,0.7604,0.5774,1
0,0.1783,41.72,0,0,0.0637,0.9529,0
0,0.0412,17.32,0,0,0.0729,0.7734,0
0,0.0551,3.51,0,0,0.0795,0.5643,0
3,0.7861,173.73,0,1,0.731,0.1186,1
1,0.297,150.84,0,1,0.0261,0.9195,0
1,0.2386,1.18,0,0,0.2232,0.8347,0
0,0.1723,12.83,0,1,0.0345,0.9375,0
0,0.1325,45.88,0,0,0.073,0.7924,0
0,0.2088,4.5,0,0,0.0968,0.9722,0
0,0.1237,28.56,0,0,0.0154,0.8871,0
0,0.0888,1.77,0,0,0.3865,0.9501,0
1,0.084,20.72,0,0,0.0594,0.8706,0
10,0.908,26.02,0,1,0.8698,0.0777,1
0,0.0353,17.88,0,0,0.1395,0.6781,0
1,0.0412,32.52,0,0,0.4092,0.7693,0
0,0.152,58.32,0,0,0.0387,0.7311,0
0,0.0436,13.27,0,0,0.3514,0.8335,0
0,0.0633,34.53,0,0,0.1731,0.7485,0
0,0.0264,13.74,0,0,0.0163,0.8047,0
0,0.3162,5.72,0,0,0.2039,0.8856,0
1,0.0859,2.62,0,0,0.1472,0.945,0
2,0.2536,21.43,0,0,0.0055,0.7704,0
0,0.0453,0.62,0,0,0.0194,0.8386,0
0,0.1069,36.1,0,0,0.0486,0.9463,0
1,0.0165,32.9,0,0,0.1195,0.9555,0
0,0.2387,21.78,0,0,0.0365,0.8032,0
1,0.1053,2.69,0,0,0.175,0.7691,0
0,0.1384,1.44,0,0,0.0385,0.7893,0
1,0.3229,57.16,0,0,0.4368,0.9446,0
0,0.1988,29.48,0,0,0.127,0.756,0
0,0.1593,4.37,0,0,0.1237,0.9035,0
0,0.0605,46.0,0,0,0.2428,0.6191,0
0,0.0698,65.07,0,0,0.2407,0.7703,0
0,0.0617,35.13,1,0,0.3238,0.9296,0
0,0.3116,39.56,0,0,0.0577,0.9593,0
0,0.1188,23.2,0,0,0.2248,0.9548,0
0,0.0416,0.39,0,0,0.0396,0.8531,0
1,0.2161,27.4,0,0,0.2265,0.9408,0
0,0.0981,12.22,0,0,0.4308,0.9422,0
1,0.1231,38.14,0,0,0.0041,0.743,0
1,0.3632,29.19,0,0,0.1482,0.8358,0
0,0.029,13.04,0,0,0.0383,0.8206,0
11,0.9072,3093.84,1,0,0.6135,0.3609,1
10,0.7857,42.05,1,1,0.4353,0.3241,1
1,0.0299,71.56,0,0,0.0418,0.792,0
0,0.1535,16.9,0,0,0.116,0.8755,0
0,0.0321,82.47,0,0,0.011,0.7683,0
0,0.0405,75.97,0,0,0.2551,0.9026,0
0,0.0858,86.79,0,0,0.1835,0.6361,0
1,0.1664,4.31,0,0,0.0503,0.8772,0
7,0.9405,1704.28,1,0,0.8688,0.1402,1
0,0.0854,45.6,0,0,0.2841,0.9644,0
0,0.0531,52.86,0,0,0.1207,0.8138,0
1,0.16,3.6,0,0,0.182,0.8368,0
1,0.3281,19.34,0,0,0.002,0.7717,0
0,0.0361,25.33,0,0,0.1156,0.8652,0
2,0.0449,3.14,0,0,0.0174,0.8988,0
0,0.176,41.29,0,0,0.5199,0.702,0
0,0.0767,28.84,0,0,0.0078,0.8817,0
1,0.1801,24.8,0,0,0.1409,0.9793,0
0,0.0886,39.55,0,0,0.1384,0.9985,0
0,0.1274,51.83,0,0,0.2729,0.7161,0
1,0.2073,5.5,0,0,0.1064,0.7726,0
3,0.2207,12.29,0,0,0.1611,0.9132,0
0,0.0581,31.7,0,0,0.1746,0.7228,0
1,0.2087,75.5,0,0,0.3497,0.8914,0
0,0.1039,3.72,0,0,0.3469,0.8042,0
0,0.0442,68.36,0,0,0.0434,0.838,0
0,0.0573,2.57,0,0,0.2627,0.9066,0
10,0.9157,0.61,0,1,0.5987,0.0737,1
1,0.1007,15.68,0,0,0.1489,0.9253,0
1,0.1812,9.76,0,0,0.0275,0.9122,0
1,0.2546,84.44,0,0,0.1412,0.8877,0
0,0.0647,36.35,0,0,0.2976,0.4906,0
0,0.1906,2.62,0,0,0.582,0.7159,0
0,0.1554,25.81,0,0,0.2612,0.7463,0
0,0.0761,2.08,0,0,0.5889,0.6696,0
0,0.1661,7.75,0,0,0.2697,0.9717,0
0,0.0042,79.0,0,0,0.343,0.9363,0
0,0.0584,24.97,0,0,0.3008,0.9571,0
0,0.2742,4.92,0,0,0.361,0.7873,0
1,0.1269,36.93,0,0,0.2175,0.9441,0
0,0.1374,12.42,0,0,0.1716,0.9175,0
0,0.0413,17.7,0,0,0.2138,0.8864,0
0,0.202,5.83,0,0,0.1298,0.875,0
1,0.175,38.62,0,0,0.1815,0.9666,0
0,0.1042,4.39,0,0,0.117,0.9013,0
12,0.8945,1462.61,1,1,0.7665,0.1105,1
0,0.1505,5.13,0,0,0.1231,0.9275,0
1,0.3341,126.09,0,0,0.1472,0.85,0
1,0.1651,31.77,0,0,0.1274,0.8502,0
4,0.5076,70.11,0,1,0.5754,0.0046,1
2,0.1938,60.68,0,0,0.0493,0.7996,0
2,0.1642,219.61,0,0,0.0353,0.6738,0
1,0.1195,105.64,0,1,0.1284,0.7164,0
7,0.5952,1700.14,1,0,0.8831,0.0163,1
6,0.8435,3358.43,0,1,0.919,0.0634,1
0,0.0814,42.76,0,0,0.2832,0.8332,0
6,0.934,208.2,0,0,0.7089,0.8143,1
0,0.1117,79.19,0,0,0.2901,0.8678,0
15,0.9416,2387.51,1,0,0.475,0.3754,1
1,0.1244,134.26,0,0,0.1298,0.8758,0
0,0.0423,27.92,0,0,0.162,0.7622,0
2,0.1327,29.64,0,0,0.1498,0.7211,0
0,0.0137,2.36,0,0,0.0684,0.8814,0
0,0.0136,10.99,0,0,0.3226,0.6402,0
1,0.2266,13.42,0,0,0.0248,0.6743,0
0,0.1623,65.44,0,0,0.2038,0.8915,0
0,0.0486,38.06,0,0,0.4388,0.8658,0
12,0.9812,1950.0,0,1,0.828,0.0372,1
1,0.0639,38.6,0,0,0.4992,0.9562,0
2,0.1115,37.05,0,0,0.0196,0.739,0
0,0.0646,34.56,0,0,0.0597,0.765,0
0,0.1212,20.67,0,1,0.1462,0.942,0
1,0.1092,150.3,0,0,0.1447,0.9229,0
0,0.0702,26.21,0,0,0.0875,0.9659,0
10,0.6749,1512.54,1,1,0.8047,0.0957,1
0,0.0725,4.59,0,0,0.0077,0.6786,0
0,0.0895,13.53,0,0,0.1632,0.6492,0
0,0.0784,4.99,0,0,0.1497,0.8576,0
2,0.0267,29.98,0,0,0.1163,0.9527,0
2,0.0146,12.97,0,0,0.0523,0.7204,0
0,0.0269,131.81,0,0,0.0664,0.7305,0
5,0.8376,36.1,0,0,0.741,0.0393,1
6,0.9059,1550.89,1,1,0.6117,0.2421,1
1,0.0659,65.83,0,0,0.094,0.9106,0
0,0.063,1.33,0,0,0.2544,0.9265,0
0,0.0688,14.57,0,0,0.0583,0.9347,0
0,0.106,57.47,0,0,0.0553,0.7731,0
0,0.0898,10.2,0,0,0.4573,0.7679,0
12,0.8698,1608.43,1,1,0.778,0.0775,1
0,0.0225,25.03,0,0,0.1955,0.9265,0
0,0.1164,45.31,0,0,0.0042,0.8003,0
11,0.3348,968.07,1,0,0.3539,0.268,1
0,0.0837,72.0,0,0,0.1847,0.8566,0
0,0.0538,214.46,0,0,0.4061,0.8162,0
0,0.013,12.89,0,0,0.0679,0.9808,0
0,0.1249,132.32,0,0,0.1984,0.5352,0
0,0.1273,94.96,0,0,0.007,0.9647,0
0,0.0373,11.78,0,0,0.0253,0.7277,0
2,0.0524,58.39,0,0,0.0205,0.813,0
0,0.1008,31.81,0,0,0.0041,0.9545,0
0,0.0584,50.85,0,0,0.3209,0.7848,0
0,0.045,12.13,0,0,0.2249,0.6909,0
0,0.0228,70.04,0,1,0.259,0.6779,0
0,0.4194,38.31,0,0,0.2835,0.8962,0
7,0.8119,2927.11,1,1,0.7388,0.028,1
0,0.224,1.24,0,0,0.0076,0.864,0
0,0.1675,25.93,0,0,0.2227,0.6566,0
0,0.0258,13.59,0,0,0.0437,0.4163,0
0,0.1095,12.42,0,0,0.0566,0.7345,0
1,0.115,103.64,0,0,0.0556,0.9246,0
18,0.8617,3435.79,0,0,0.5999,0.0884,1
0,0.0384,5.4,0,0,0.017,0.7013,0
0,0.0209,2.06,0,0,0.0529,0.9781,0
0,0.0995,71.42,1,0,0.2833,0.7518,0
0,0.109,67.06,0,0,0.0625,0.8697,0
0,0.0511,31.49,0,0,0.0381,0.6903,0
1,0.0498,15.21,0,0,0.1246,0.6622,0
6,0.9271,30.62,1,1,0.7551,0.2012,1
0,0.0852,57.4,0,0,0.0181,0.9432,0
0,0.1006,22.88,0,0,0.0778,0.8969,0
8,0.7907,2437.92,0,0,0.8191,0.1882,1
0,0.0232,60.94,0,0,0.3295,0.815,0
6,0.527,39.24,1,0,0.454,0.1154,1
0,0.0614,14.62,0,0,0.2122,0.9189,0
0,0.0057,13.74,0,1,0.1086,0.8789,0
0,0.025,2.26,0,0,0.0816,0.8781,0
0,0.0968,18.02,0,0,0.1302,0.8301,0
0,0.0746,11.45,0,0,0.1949,0.6409,0
0,0.0225,28.1,0,0,0.1319,0.9243,0
0,0.3149,12.64,0,0,0.3345,0.8493,0
10,0.6631,21.5,0,1,0.947,0.0941,1
0,0.1645,27.21,0,0,0.1456,0.8758,0
1,0.1014,2.68,0,0,0.0609,0.8849,0
2,0.1036,58.57,0,0,0.0543,0.9291,0
0,0.2026,48.47,0,0,0.2049,0.982,0
9,0.7734,50.59,1,1,0.5055,0.1628,1
0,0.056,2.92,0,0,0.0171,0.9579,0
0,0.2095,3.0,0,1,0.2001,0.8712,0
1,0.0109,25.48,0,0,0.0727,0.8699,0
0,0.2563,14.73,0,0,0.0296,0.82,0
0,0.0439,30.1,0,0,0.3004,0.7382,0
4,0.7494,860.62,1,1,0.8017,0.638,1
0,0.099,109.59,0,0,0.1032,0.9067,0
0,0.0458,1.7,0,0,0.382,0.9704,0
0,0.0102,79.14,0,0,0.1335,0.8631,0
1,0.2999,3.37,0,0,0.01,0.7869,0
0,0.0915,24.83,0,0,0.4151,0.7143,0
6,0.8629,1283.47,1,1,0.6896,0.1356,1
0,0.0012,30.25,0,0,0.0627,0.7593,0
0,0.2354,16.56,0,0,0.324,0.5996,0
1,0.1173,14.15,0,0,0.0076,0.725,0
0,0.1768,13.56,0,0,0.0976,0.8924,0
13,0.7192,860.45,1,1,0.8505,0.0454,1
0,0.0059,13.42,0,0,0.1967,0.9173,0
1,0.0339,33.71,0,0,0.1184,0.9624,0
1,0.0293,14.92,0,0,0.0748,0.8153,0
0,0.0735,61.04,0,0,0.1564,0.7761,0
0,0.1271,120.79,0,0,0.0816,0.8018,0
0,0.1137,97.81,0,0,0.1922,0.9009,0
1,0.085,6.03,0,0,0.0876,0.6098,0
1,0.104,72.7,0,0,0.3284,0.8959,0
0,0.1329,46.33,0,0,0.073,0.9291,0
0,0.0811,0.38,0,0,0.2189,0.9425,0
2,0.2545,13.54,0,0,0.0536,0.7736,0
0,0.0619,17.71,0,0,0.196,0.9284,0
0,0.0978,104.98,0,0,0.1344,0.6383,0
14,0.6063,2955.18,1,1,0.5627,0.131,1
1,0.1303,6.11,0,0,0.2263,0.6938,0
0,0.0369,12.98,0,0,0.1515,0.938,0
0,0.141,35.72,0,0,0.0359,0.9856,0
6,0.8196,2503.53,1,1,0.7147,0.1081,1
0,0.1627,84.27,0,1,0.1855,0.4078,0
9,0.8584,1869.48,1,0,0.8072,0.0702,1
0,0.0597,1.84,0,0,0.0484,0.8694,0
0,0.2329,28.72,0,0,0.2468,0.8578,0
0,0.1093,2.98,0,0,0.0541,0.8496,0
0,0.3168,116.23,0,0,0.0294,0.9512,0
0,0.1205,40.67,0,0,0.2733,0.9131,0
0,0.2107,34.79,0,0,0.3679,0.8976,0
0,0.1015,35.8,0,0,0.2643,0.8599,0
0,0.1335,35.35,0,0,0.0183,0.9639,0
0,0.0211,21.88,0,0,0.0747,0.9876,0
0,0.1729,49.39,0,0,0.2268,0.9598,0
0,0.1498,38.03,0,0,0.1691,0.9745,0
0,0.1018,32.96,0,0,0.1802,0.7861,0
2,0.0812,62.5,0,0,0.1339,0.9032,0
1,0.1607,16.32,0,0,0.0518,0.7469,0
0,0.1288,3.46,0,1,0.0786,0.9139,0
1,0.0046,5.11,0,0,0.1361,0.7644,0
0,0.1459,1.5,0,0,0.1497,0.9165,0
2,0.0389,58.87,0,0,0.1262,0.7664,0
0,0.0572,10.57,0,0,0.2753,0.8298,0
0,0.0829,11.86,0,0,0.0104,0.8425,0
0,0.0429,190.28,0,0,0.4013,0.9282,0
13,0.84,129.58,1,0,0.8556,0.1343,1
0,0.1292,43.38,0,0,0.1682,0.807,0
1,0.1847,51.48,0,0,0.0408,0.6938,0
0,0.0778,22.15,0,1,0.0547,0.7445,0
6,0.8761,2218.12,0,0,0.519,0.2238,1
12,0.9387,2259.15,0,1,0.5866,0.3075,1
0,0.0878,120.41,0,0,0.0821,0.9583,0
0,0.0374,64.5,0,0,0.2144,0.5954,0
0,0.1421,1.35,0,0,0.1192,0.9482,0
1,0.32,92.98,0,0,0.1496,0.9282,0
0,0.1245,63.34,0,0,0.2925,0.8106,0
0,0.1302,15.75,0,0,0.0107,0.8955,0
0,0.2702,18.11,0,0,0.0837,0.9745,0
0,0.0758,13.01,0,0,0.2298,0.6372,0
0,0.2679,38.24,0,0,0.0014,0.714,0
9,0.8075,64.39,1,0,0.4078,0.1657,1
8,0.8279,27.55,0,1,0.9216,0.179,1
1,0.0697,19.3,1,0,0.2034,0.9934,0
2,0.1583,9.54,0,0,0.1389,0.8288,0
0,0.1097,79.18,0,0,0.1779,0.7,0
0,0.1155,5.31,0,0,0.1088,0.7299,0
0,0.0456,42.82,0,0,0.3677,0.754,0
0,0.0134,0.93,0,0,0.0959,0.9186,0
0,0.0418,46.31,0,0,0.0631,0.9457,0
0,0.1012,43.53,0,0,0.583,0.9131,0
5,0.6234,13.68,1,1,0.8743,0.2023,1
0,0.0657,47.16,0,0,0.0216,0.9624,0
0,0.0614,0.42,0,0,0.4605,0.9062,0
0,0.0853,50.96,0,0,0.2122,0.7585,0
1,0.1198,16.29,0,0,0.3554,0.9311,0
8,0.942,1548.04,1,1,0.5647,0.0251,1
9,0.714,27.5,0,1,0.674,0.0281,1
0,0.2876,19.1,0,0,0.122,0.917,0
6,0.4824,2923.68,1,0,0.3007,0.099,1
0,0.0418,20.14,0,0,0.0103,0.8468,0
0,0.1693,40.47,0,0,0.3545,0.8105,0
1,0.0836,15.52,0,1,0.3958,0.8131,0
1,0.0935,19.21,0,0,0.0673,0.9341,0
0,0.1398,26.44,0,0,0.0918,0.7315,0
0,0.0941,1.4,0,0,0.135,0.8918,0
0,0.106,24.99,0,0,0.4576,0.8991,0
1,0.0729,30.86,0,0,0.0346,0.7203,0
0,0.0426,69.15,0,0,0.3738,0.9336,0
1,0.208,8.26,0,0,0.0673,0.865,0
0,0.1712,25.15,0,0,0.1417,0.5761,0
0,0.1444,58.71,0,0,0.1453,0.9357,0
0,0.2574,18.56,0,0,0.0509,0.8539,0
0,0.0727,34.83,0,0,0.1367,0.974,0
0,0.119,52.19,0,0,0.285,0.8537,0
7,0.9063,2235.39,0,1,0.857,0.1102,1
0,0.2529,5.37,0,0,0.2236,0.9596,0
3,0.6085,1790.45,1,0,0.647,0.2212,1
7,0.7923,1315.94,0,1,0.6654,0.0801,1
12,0.5742,38.6,0,0,0.5679,0.2683,1
0,0.2073,159.0,0,1,0.0876,0.9409,0
0,0.0691,87.31,0,0,0.1545,0.4326,0
0,0.0836,0.68,0,0,0.4296,0.8538,0
5,0.5169,890.08,0,0,0.5945,0.3588,1
0,0.0543,8.43,0,0,0.1275,0.9606,0
0,0.2999,113.07,0,0,0.0093,0.7562,0
0,0.0146,77.49,0,0,0.1797,0.8393,0
0,0.145,19.26,0,0,0.0227,0.8169,0
0,0.0424,23.1,0,0,0.0449,0.9192,0
2,0.1394,38.45,0,0,0.0869,0.8879,0
0,0.1854,9.71,0,0,0.19,0.9336,0
1,0.1052,7.47,0,0,0.1476,0.7905,0
0,0.2,3.74,0,0,0.1649,0.7575,0
0,0.1613,142.48,0,0,0.2117,0.8362,0
0,0.0535,2.27,0,0,0.4635,0.8815,0
0,0.1714,21.5,0,0,0.1097,0.882,0
0,0.0391,20.5,0,0,0.0859,0.7147,0
1,0.1519,54.27,0,0,0.0076,0.8867,0
0,0.0785,15.64,0,0,0.3042,0.9918,0
1,0.0436,20.62,0,0,0.4199,0.7506,0
1,0.0032,89.73,0,0,0.1145,0.9284,0
9,0.9249,150.8,0,0,0.8252,0.1212,1
0,0.2602,6.97,0,0,0.2435,0.9072,0
0,0.0769,72.36,0,0,0.3319,0.9375,0
0,0.0697,46.46,0,0,0.3759,0.9058,0
1,0.0534,3.92,0,0,0.08,0.7476,0
0,0.0687,1.3,0,0,0.038,0.9776,0
0,0.2664,9.63,0,0,0.1381,0.943,0
2,0.0554,34.27,0,0,0.0272,0.8657,0
0,0.0206,39.34,0,0,0.3486,0.9196,0
0,0.1216,14.4,0,0,0.0778,0.9826,0
0,0.0467,34.91,0,0,0.1175,0.9035,0
0,0.0483,71.76,0,0,0.1393,0.7958,0
13,0.6021,3.37,0,1,0.4805,0.293,1
0,0.0792,4.17,0,0,0.2022,0.9309,0
0,0.0394,19.39,0,0,0.318,0.7991,0
1,0.12,55.54,0,0,0.0364,0.9542,0
0,0.1726,3.98,0,0,0.04,0.9265,0
0,0.0636,6.81,0,1,0.1225,0.8215,0
7,0.6591,35.49,1,1,0.6318,0.1367,1
0,0.0271,40.28,0,0,0.1814,0.9511,0
1,0.0592,46.27,0,0,0.1936,0.9025,0
0,0.1376,13.0,0,0,0.1916,0.9128,0
0,0.2157,81.37,0,0,0.1508,0.8754,0
1,0.0883,18.23,0,0,0.0162,0.9291,0
4,0.7946,136.61,0,0,0.6564,0.3289,1
0,0.126,53.47,0,0,0.1425,0.9807,0
0,0.0586,32.78,0,0,0.0669,0.7646,0
0,0.3221,38.22,0,0,0.0591,0.889,0
10,0.9358,3318.51,1,0,0.6645,0.2865,1
0,0.0632,1.94,0,0,0.3132,0.9158,0
0,0.2555,29.4,0,0,0.0773,0.8621,0
17,0.8995,3446.55,1,1,0.768,0.1585,1
1,0.0092,29.86,0,0,0.0699,0.9344,0
1,0.052,142.38,0,0,0.0643,0.8331,0
2,0.0709,20.96,0,0,0.1019,0.8916,0
0,0.0163,3.0,0,0,0.1021,0.8636,0
1,0.0344,32.96,0,0,0.0959,0.7586,0
0,0.0166,9.33,0,0,0.2264,0.837,0
0,0.0415,36.32,0,0,0.2875,0.7058,0
1,0.1381,26.73,0,0,0.2026,0.8856,0
1,0.2319,17.52,0,0,0.1654,0.8103,0
1,0.0449,25.58,0,0,0.1957,0.6801,0
1,0.1986,21.82,0,0,0.0259,0.9181,0
1,0.1661,78.05,0,0,0.1976,0.8033,0
0,0.1944,8.18,0,0,0.1835,0.7431,0
0,0.0944,7.61,0,0,0.074,0.511,0
1,0.1174,2.53,0,0,0.3368,0.6228,0
1,0.2713,10.52,0,0,0.1894,0.8167,0
0,0.1103,55.72,0,0,0.0847,0.5877,0
1,0.1108,22.97,0,0,0.0708,0.8389,0
0,0.1125,4.14,0,0,0.0324,0.9177,0
0,0.0834,24.41,0,0,0.0811,0.9827,0
8,0.9732,1604.82,1,0,0.3702,0.0387,1
0,0.1385,21.79,0,0,0.1111,0.6068,0
1,0.0838,70.99,0,0,0.1572,0.8318,0
14,0.8429,1409.41,1,1,0.4736,0.0453,1
0,0.086,46.43,0,0,0.0196,0.9005,0
0,0.0579,19.05,0,0,0.0605,0.8579,0
0,0.0789,12.85,0,0,0.1173,0.6383,0
0,0.0658,141.37,0,1,0.1726,0.7145,0
1,0.3527,90.22,0,0,0.0257,0.7917,0
1,0.1809,34.2,0,0,0.0974,0.8854,0
2,0.0123,83.21,0,0,0.2067,0.8653,0
0,0.1356,24.62,0,0,0.0681,0.8815,0
12,0.5754,3.02,0,0,0.5942,0.2338,1
0,0.1486,6.86,0,0,0.0932,0.7848,0
0,0.0137,8.23,0,1,0.086,0.589,0
0,0.1095,3.05,0,0,0.3705,0.4528,0
7,0.7755,92.37,0,1,0.666,0.1844,1
2,0.0506,35.59,0,0,0.0306,0.7925,0
1,0.0454,21.81,0,0,0.313,0.9607,0
0,0.0192,5.13,0,0,0.2675,0.7125,0
1,0.0424,4.04,0,1,0.4346,0.6562,0
1,0.198,42.29,0,0,0.1547,0.722,0
0,0.0602,36.04,0,0,0.3868,0.5702,0
9,0.9527,3393.09,0,1,0.8157,0.6194,1
1,0.1565,72.69,0,0,0.2415,0.8031,0
0,0.1516,22.13,0,0,0.2545,0.9298,0
1,0.24,76.22,0,0,0.0085,0.8048,0
0,0.0609,22.57,0,0,0.0122,0.7735,0
0,0.0765,18.72,0,0,0.1132,0.7285,0
0,0.0578,21.11,0,0,0.03,0.9626,0
0,0.1683,5.68,0,0,0.2937,0.8457,0
0,0.0383,5.0,0,0,0.1452,0.8351,0
1,0.1248,52.64,0,0,0.1962,0.885,0
0,0.0119,18.75,0,0,0.2618,0.876,0
0,0.1201,62.24,0,0,0.1992,0.8669,0
1,0.0468,17.69,0,0,0.3723,0.874,0
0,0.2136,28.12,0,0,0.4864,0.7608,0
1,0.1052,5.8,0,0,0.0553,0.707,0
0,0.0638,51.18,0,0,0.5026,0.9323,0
0,0.0189,6.46,0,0,0.005,0.9886,0
0,0.0166,29.94,0,0,0.0586,0.8777,0
1,0.0925,26.34,0,0,0.1429,0.7381,0
0,0.0343,11.13,0,0,0.2095,0.9439,0
2,0.2348,17.12,0,0,0.1633,0.8077,0
0,0.1175,4.79,0,0,0.1129,0.882,0
1,0.0845,55.37,0,0,0.1847,0.8155,0
6,0.7793,3493.15,1,0,0.5452,0.1842,1
8,0.7745,260.16,0,1,0.6576,0.5751,1
1,0.007,4.75,0,0,0.073,0.3344,0
2,0.326,3.83,0,0,0.2654,0.6548,0
0,0.0494,10.95,0,0,0.0286,0.9336,0
0,0.1078,38.75,0,0,0.1225,0.9471,0
0,0.2271,6.86,0,0,0.0698,0.6233,0
8,0.9113,1799.2,1,1,0.6573,0.2123,1
0,0.0181,24.32,0,0,0.0509,0.8992,0
1,0.1483,127.04,0,0,0.1244,0.837,0
0,0.0447,6.51,0,0,0.0862,0.7586,0
0,0.1065,26.88,0,0,0.038,0.9457,0
0,0.0241,7.03,0,0,0.1495,0.9584,0
5,0.8647,66.01,0,1,0.7791,0.2235,1
0,0.008,67.89,0,0,0.1172,0.8146,0
0,0.2175,8.06,0,0,0.3067,0.8065,0
1,0.1312,4.26,0,0,0.011,0.8559,0
0,0.1151,0.94,0,0,0.1812,0.9107,0
0,0.0273,48.2,0,0,0.0717,0.9249,0
6,0.7857,1135.06,1,1,0.8893,0.0285,1
2,0.161,1.14,0,0,0.1717,0.9587,0
1,0.154,42.14,0,0,0.3808,0.892,0
1,0.143,15.14,0,0,0.2259,0.8584,0
0,0.0238,7.33,0,0,0.2479,0.9579,0
0,0.1858,3.82,0,0,0.2893,0.8752,0
0,0.0278,71.02,0,0,0.1066,0.9965,0
1,0.159,15.26,0,0,0.315,0.7645,0
5,0.8375,3263.98,1,0,0.627,0.3775,1
0,0.1766,35.91,0,0,0.2214,0.8335,0
0,0.0852,100.63,0,0,0.0088,0.9136,0
9,0.6196,2965.19,1,0,0.7255,0.1025,1
0,0.0146,58.41,0,0,0.0074,0.8718,0
23,0.9377,2370.32,1,0,0.7175,0.0395,1
7,0.8833,2533.73,1,1,0.6495,0.2414,1
0,0.0438,23.83,0,0,0.0864,0.8085,0
1,0.054,9.07,0,1,0.0135,0.8419,0
17,0.8786,2070.26,1,1,0.5714,0.1261,1
2,0.1964,13.14,0,0,0.0136,0.992,0
8,0.6758,24.61,1,1,0.6358,0.3353,1
1,0.0781,13.85,0,0,0.3238,0.8749,0
0,0.1092,102.64,0,0,0.3789,0.8235,0
1,0.1373,73.31,0,0,0.0796,0.9045,0
0,0.0213,78.16,0,1,0.0854,0.9681,0
1,0.2572,25.52,0,1,0.0688,0.9604,0
0,0.0482,22.29,0,0,0.0827,0.9571,0
2,0.4532,34.37,0,0,0.0877,0.9734,0
9,0.7238,2658.98,0,0,0.4124,0.1697,1
0,0.0576,17.84,0,0,0.1049,0.9605,0
0,0.1291,0.87,0,0,0.0656,0.7062,0
9,0.9006,998.54,0,1,0.5288,0.0446,1
1,0.0432,4.28,0,0,0.1916,0.9798,0
10,0.7096,3273.53,1,0,0.9249,0.0421,1
1,0.0983,21.69,0,0,0.1686,0.8652,0
0,0.1424,60.33,0,0,0.0569,0.7845,0
0,0.0448,133.76,0,0,0.1096,0.912,0
1,0.1139,102.34,0,0,0.1317,0.9868,0
1,0.0784,4.31,0,0,0.0921,0.7565,0
0,0.0886,72.72,0,0,0.1495,0.9826,0
0,0.0205,17.52,0,0,0.0431,0.846,0
12,0.9297,3013.07,0,0,0.3348,0.35,1
1,0.0346,0.53,0,1,0.1785,0.8258,0
0,0.0543,10.42,0,0,0.4353,0.7921,0
3,0.0512,10.2,0,0,0.3339,0.6753,0
7,0.8773,1786.86,1,0,0.8499,0.2806,1
0,0.035,49.3,0,0,0.2044,0.867,0
6,0.7062,2644.14,1,1,0.8688,0.3665,1
0,0.1672,4.12,0,0,0.0196,0.6414,0
1,0.0612,34.35,0,0,0.2334,0.913,0
0,0.0959,2.48,0,0,0.0903,0.971,0
2,0.0531,1.01,0,0,0.0711,0.963,0
0,0.1945,46.52,0,0,0.7768,0.9112,0
2,0.0391,1.9,0,0,0.0391,0.6874,0
1,0.1353,0.04,0,0,0.1609,0.7873,0
0,0.314,6.04,0,0,0.0258,0.705,0
0,0.1351,10.69,0,0,0.126,0.973,0
9,0.9577,45.76,0,1,0.4081,0.325,1
0,0.089,46.68,0,0,0.0529,0.9543,0
0,0.2756,28.56,0,0,0.4114,0.6112,0
1,0.1704,23.66,0,0,0.3645,0.6733,0
0,0.2068,16.14,0,0,0.0218,0.8567,0
0,0.0481,86.74,0,0,0.0084,0.9839,0
1,0.0912,0.1,0,0,0.1018,0.9854,0
0,0.1332,32.0,0,0,0.1279,0.9164,0
2,0.0598,20.08,0,0,0.0306,0.7996,0
2,0.0809,83.67,0,0,0.0505,0.8718,0
10,0.9192,866.82,0,1,0.7686,0.1514,1
1,0.0698,104.75,0,0,0.1493,0.8159,0
0,0.2988,24.84,0,0,0.0495,0.8365,0
10,0.864,17.35,0,0,0.4372,0.0685,1
1,0.1655,17.2,0,0,0.1713,0.9344,0
0,0.125,6.79,0,0,0.2979,0.9063,0
0,0.1684,20.25,0,0,0.0238,0.9648,0
1,0.1335,8.02,0,0,0.3119,0.7654,0
0,0.0691,85.19,0,0,0.1892,0.957,0
1,0.0592,6.88,0,0,0.0729,0.963,0
0,0.0727,5.98,0,0,0.0899,0.9482,0
1,0.0826,0.58,0,1,0.0234,0.6279,0
0,0.1677,36.5,0,0,0.0562,0.8644,0
0,0.1578,31.13,0,0,0.188,0.991,0
0,0.0854,30.74,0,0,0.2056,0.9378,0
1,0.0887,21.32,1,0,0.0307,0.7871,0
0,0.0253,49.81,0,0,0.1365,0.8953,0
0,0.1767,29.19,0,0,0.1727,0.8884,0
20,0.813,1285.62,1,1,0.8262,0.1836,1
0,0.1309,8.56,0,0,0.0344,0.8042,0
0,0.007,0.42,0,0,0.0124,0.8887,0
1,0.0593,46.42,0,0,0.0195,0.6846,0
1,0.3836,41.61,0,0,0.3994,0.8616,0
1,0.2494,47.89,0,0,0.4315,0.9029,0
0,0.0311,46.74,0,0,0.0945,0.9253,0
0,0.0652,82.5,0,0,0.0563,0.6672,0
0,0.0451,25.94,0,0,0.1014,0.9683,0
0,0.042,65.35,0,0,0.0004,0.7714,0
1,0.0736,59.76,0,0,0.0908,0.9816,0
0,0.1961,27.67,0,0,0.1542,0.9393,0
1,0.0546,23.73,0,0,0.0184,0.8491,0
1,0.0365,146.81,0,0,0.0749,0.8841,0
1,0.0794,48.99,0,0,0.2522,0.9443,0
2,0.0931,56.79,0,0,0.2387,0.9367,0
0,0.0451,9.97,0,0,0.0518,0.7836,0
0,0.1248,172.66,0,0,0.1915,0.9423,0
0,0.0283,49.37,0,0,0.0518,0.9856,0
0,0.026,3.82,0,0,0.0633,0.9161,0
8,0.8029,63.65,0,0,0.6745,0.1191,1
0,0.1825,45.97,0,0,0.0666,0.8892,0
1,0.2174,50.96,0,0,0.0626,0.9078,0
7,0.774,150.32,0,1,0.7331,0.0754,1
0,0.1226,69.03,1,0,0.2822,0.8928,0
0,0.051,2.16,0,0,0.4224,0.8048,0
0,0.037,21.41,0,0,0.1051,0.8221,0
0,0.1077,14.0,0,0,0.0189,0.9518,0
8,0.6907,3232.36,0,0,0.7376,0.0061,1
2,0.1435,20.65,0,0,0.5069,0.9653,0
0,0.0108,11.86,0,0,0.122,0.8088,0
0,0.0267,9.71,0,0,0.0756,0.9779,0
19,0.7674,34.59,0,1,0.7844,0.1934,1
0,0.0905,11.6,0,0,0.0604,0.8361,0
1,0.0905,161.81,0,0,0.223,0.8403,0
0,0.2424,34.8,0,0,0.2531,0.9205,0
1,0.0493,67.55,0,0,0.2144,0.8681,0
0,0.1992,95.91,0,0,0.1859,0.9082,0
0,0.0746,22.71,0,0,0.3953,0.897,0
0,0.313,46.5,0,0,0.1227,0.9426,0
1,0.0447,75.07,0,0,0.0104,0.8954,0
12,0.875,80.24,1,0,0.6709,0.3346,1
2,0.1445,59.96,0,0,0.1081,0.9878,0
0,0.1736,9.7,0,0,0.1208,0.9437,0
1,0.0597,7.65,0,0,0.1454,0.9032,0
2,0.0398,4.24,0,0,0.416,0.6606,0
0,0.0829,11.33,0,0,0.0443,0.9715,0
0,0.0949,29.29,0,0,0.1998,0.7616,0
0,0.3117,0.9,0,0,0.204,0.9556,0
0,0.1165,78.26,0,0,0.0313,0.7902,0
0,0.1545,0.51,0,1,0.07,0.7999,0
1,0.0173,34.89,0,0,0.0213,0.7517,0
5,0.7627,123.75,1,1,0.4689,0.1755,1
0,0.1561,160.22,0,0,0.4619,0.9256,0
0,0.1174,9.43,0,0,0.2626,0.8409,0
0,0.084,73.45,0,0,0.0039,0.9895,0
1,0.1612,51.73,0,0,0.3946,0.8744,0
2,0.0902,64.26,0,0,0.0368,0.7291,0
0,0.0317,10.4,0,0,0.1657,0.9442,0
1,0.0063,63.33,0,0,0.0422,0.9653,0
1,0.174,0.16,0,0,0.0588,0.8462,0
0,0.0327,5.33,0,0,0.2441,0.9039,0
2,0.2804,47.5,0,0,0.0979,0.9721,0
0,0.1207,68.66,0,0,0.0261,0.9611,0
8,0.9118,1102.95,1,0,0.5942,0.1029,1
0,0.0209,7.49,0,1,0.1421,0.7652,0
0,0.0264,17.38,0,0,0.2099,0.8482,0
1,0.0457,8.28,0,0,0.2152,0.8964,0
0,0.0545,35.05,0,0,0.133,0.9236,0
0,0.0643,6.83,0,0,0.354,0.8681,0
0,0.0195,44.58,0,0,0.0306,0.628,0
2,0.1736,5.88,0,0,0.007,0.9601,0
11,0.9753,1.84,1,1,0.6638,0.1743,1
0,0.2185,51.43,0,0,0.1205,0.8962,0
0,0.1879,58.55,0,0,0.0953,0.7768,0
0,0.0141,20.34,0,0,0.1959,0.92,0
0,0.1017,28.21,0,0,0.1523,0.8361,0
12,0.6248,33.4,0,1,0.6123,0.2297,1
11,0.7859,894.63,0,1,0.8272,0.476,1
1,0.1882,18.62,0,0,0.1071,0.8918,0
1,0.103,36.31,0,0,0.0378,0.9942,0
8,0.7636,1926.29,0,0,0.9083,0.0931,1
1,0.3633,10.82,0,0,0.1662,0.7527,0
1,0.0093,11.29,0,0,0.037,0.9631,0
0,0.0377,10.74,0,0,0.0195,0.913,0
0,0.0911,81.33,0,0,0.0474,0.6559,0
1,0.0702,7.14,0,0,0.1919,0.703,0
1,0.1888,19.96,0,0,0.0918,0.9334,0
0,0.049,3.87,0,0,0.28,0.6486,0
0,0.0155,6.46,0,0,0.0312,0.7442,0
0,0.0173,43.29,0,0,0.3533,0.8763,0
1,0.0072,7.14,0,0,0.0233,0.9015,0
1,0.2936,34.08,0,0,0.2318,0.9875,0
2,0.8568,67.06,0,0,0.8608,0.0783,1
0,0.033,19.63,0,0,0.0812,0.9333,0
1,0.0649,21.23,0,0,0.1553,0.9649,0
14,0.3428,2490.68,1,0,0.8693,0.2031,1
0,0.0805,46.98,0,0,0.1053,0.8879,0
0,0.0113,17.39,0,0,0.3871,0.7633,0
0,0.0763,5.75,0,0,0.1669,0.7535,0
0,0.0174,10.98,0,0,0.0883,0.8288,0
4,0.5293,20.86,1,1,0.354,0.317,1
0,0.021,16.03,0,0,0.0274,0.7686,0
3,0.225,7.1,0,0,0.2524,0.9136,0
0,0.0278,29.83,0,0,0.3986,0.7868,0
0,0.1447,2.37,0,0,0.0059,0.9248,0
2,0.0454,32.82,0,0,0.0827,0.9597,0
0,0.1814,19.09,0,0,0.1088,0.9845,0
0,0.1308,2.01,0,0,0.1612,0.9786,0
0,0.0224,14.06,0,0,0.0914,0.9486,0
0,0.1048,141.54,0,1,0.1409,0.8709,0
0,0.0741,12.65,0,0,0.3879,0.8444,0
2,0.1505,69.47,0,0,0.2784,0.8381,0
0,0.1526,14.91,0,0,0.2795,0.857,0
0,0.1005,49.92,0,0,0.1743,0.7979,0
0,0.1833,76.87,0,0,0.191,0.9252,0
0,0.0306,13.14,0,0,0.1423,0.562,0
0,0.0438,39.29,0,0,0.3101,0.9269,0
1,0.1606,21.29,0,0,0.2489,0.9393,0
0,0.218,2.75,0,0,0.2757,0.978,0
4,0.8308,4.15,1,0,0.7635,0.1399,1
0,0.0732,38.62,0,0,0.1034,0.8401,0
1,0.104,3.82,0,0,0.1454,0.9648,0
1,0.1988,2.65,0,0,0.3252,0.8512,0
0,0.1257,10.56,0,0,0.3698,0.9297,0
1,0.3387,32.95,0,0,0.0605,0.9103,0
0,0.1178,1.62,0,0,0.4628,0.9431,0
2,0.0894,45.53,0,0,0.0141,0.9794,0
1,0.1383,38.33,0,0,0.1461,0.7629,0
0,0.1261,5.14,0,0,0.2165,0.6992,0
0,0.0338,58.14,0,0,0.0466,0.8148,0
0,0.1209,2.64,0,0,0.0924,0.8263,0
1,0.1301,5.78,0,1,0.1808,0.8755,0
0,0.0292,6.27,0,0,0.2164,0.7798,0
0,0.0125,69.62,0,0,0.3708,0.783,0
14,0.8073,77.58,1,1,0.8166,0.3365,1
0,0.0292,0.26,0,0,0.2208,0.7378,0
0,0.0353,111.05,0,0,0.1123,0.8789,0
0,0.0744,53.39,0,0,0.0196,0.6385,0
0,0.0188,117.57,0,0,0.4067,0.9616,0
0,0.0338,32.85,0,0,0.1216,0.8173,0
1,0.0389,3.63,0,0,0.1204,0.967,0
4,0.3381,27.15,0,0,0.5755,0.0504,1
0,0.1161,43.17,0,0,0.1927,0.7968,0
0,0.2996,89.73,0,0,0.1812,0.9,0
0,0.2844,5.98,0,0,0.1575,0.9589,0
0,0.071,51.83,0,0,0.1042,0.8537,0
13,0.7536,927.12,1,0,0.7285,0.2095,1
1,0.1951,17.07,0,0,0.0283,0.8495,0
0,0.0338,63.43,0,0,0.2487,0.8458,0
0,0.0632,5.3,0,0,0.2228,0.7895,0
0,0.1182,25.29,0,0,0.19,0.9327,0
0,0.2321,60.14,0,0,0.2604,0.8507,0
1,0.0808,36.39,0,0,0.3862,0.4728,0
0,0.0821,16.98,0,0,0.1974,0.6704,0
1,0.1819,69.12,0,0,0.0466,0.5705,0
0,0.0675,26.13,0,0,0.3547,0.8187,0
0,0.3014,95.82,0,0,0.2289,0.7381,0
0,0.0055,3.56,0,0,0.0179,0.8395,0
1,0.1305,101.28,0,0,0.4815,0.5279,0
0,0.0995,29.17,0,0,0.2314,0.8964,0
0,0.0066,38.07,0,0,0.1412,0.7724,0
0,0.0062,100.88,0,0,0.2012,0.6901,0
0,0.2867,26.2,0,0,0.3719,0.8748,0
2,0.0651,6.0,0,0,0.1057,0.9294,0
0,0.1174,3.98,0,0,0.058,0.9059,0
7,0.6948,2804.8,1,0,0.4001,0.1226,1
9,0.8621,50.59,1,0,0.5025,0.3451,1
0,0.1313,5.2,0,0,0.1425,0.8533,0
0,0.0424,90.21,0,0,0.0141,0.7739,0
1,0.324,37.58,0,0,0.1984,0.8803,0
0,0.0545,9.11,0,0,0.0636,0.8075,0
12,0.9094,3448.32,1,1,0.7992,0.351,1
0,0.0993,17.53,0,0,0.1506,0.8048,0
0,0.0139,23.11,0,0,0.329,0.891,0
9,0.8717,47.31,1,1,0.5246,0.3488,1
1,0.0121,2.73,0,0,0.2136,0.717,0
0,0.04,13.13,0,0,0.2853,0.8763,0
1,0.0334,24.48,0,0,0.0396,0.9048,0
0,0.2564,7.46,0,0,0.3148,0.9732,0
0,0.0337,64.01,0,0,0.1049,0.8064,0
6,0.7213,80.19,0,0,0.7183,0.0778,1
0,0.0351,54.84,0,0,0.1544,0.882,0
1,0.3444,139.23,0,0,0.3242,0.9282,0
0,0.1519,16.21,0,0,0.0355,0.9776,0
0,0.0745,133.6,0,0,0.2577,0.9453,0
1,0.1816,3.15,0,0,0.02,0.9515,0
1,0.0507,81.8,0,0,0.0514,0.9104,0
0,0.009,7.56,0,0,0.0614,0.8591,0
0,0.0801,20.23,0,0,0.1874,0.6726,0
0,0.0682,11.05,0,0,0.0286,0.8703,0
0,0.1216,74.93,0,0,0.0793,0.8669,0
0,0.1052,5.66,0,0,0.0328,0.8795,0
0,0.0613,140.3,0,0,0.0545,0.6797,0
1,0.1184,63.45,0,0,0.2408,0.7661,0
0,0.3253,0.55,0,0,0.3666,0.8914,0
5,0.9036,897.4,0,1,0.4129,0.1842,1
1,0.1525,63.08,0,0,0.2009,0.7338,0
0,0.2027,38.94,0,0,0.0198,0.995,0
0,0.0633,84.45,0,0,0.1126,0.9132,0
1,0.0386,16.09,0,0,0.1336,0.957,0
0,0.1125,22.13,0,0,0.6111,0.7638,0
0,0.2197,18.59,0,0,0.1292,0.8043,0
1,0.0053,2.85,0,0,0.0169,0.9283,0
0,0.0687,36.76,0,0,0.0457,0.9037,0
0,0.0173,5.5,0,0,0.1649,0.8652,0
5,0.7557,37.02,0,1,0.6296,0.1903,1
0,0.128,46.94,0,0,0.2877,0.9893,0
11,0.6527,3416.27,1,0,0.8397,0.6233,1
2,0.0205,89.83,0,0,0.1834,0.9295,0
0,0.12,41.31,1,0,0.2124,0.9676,0
1,0.0362,5.23,0,0,0.3356,0.9394,0
0,0.0651,39.63,0,0,0.1386,0.9481,0
0,0.0209,179.01,0,0,0.067,0.938,0
1,0.0336,5.77,0,0,0.0197,0.9114,0
14,0.885,2378.64,1,0,0.5944,0.1478,1
0,0.0163,98.42,0,0,0.0469,0.9512,0
11,0.7343,1024.92,1,0,0.4097,0.4009,1
16,0.554,1522.16,1,1,0.8952,0.4198,1
0,0.0905,1.07,0,0,0.1202,0.6123,0
0,0.1304,52.54,0,0,0.2092,0.9955,0
0,0.0199,7.23,0,0,0.0547,0.8793,0
1,0.0111,30.32,0,1,0.0735,0.9689,0
0,0.0561,25.35,0,0,0.0158,0.9412,0
1,0.1715,34.3,0,0,0.2596,0.9085,0
0,0.1551,34.62,0,0,0.0703,0.9588,0
2,0.0787,0.08,0,0,0.2222,0.8271,0
1,0.4394,11.26,0,0,0.0457,0.9531,0
0,0.084,1.98,0,0,0.0016,0.9574,0
1,0.117,2.35,0,0,0.216,0.9237,0
0,0.0724,3.15,0,0,0.2457,0.8239,0
0,0.0537,21.14,0,0,0.2574,0.8572,0
0,0.143,3.28,0,0,0.0236,0.9829,0
0,0.04,3.21,0,0,0.1779,0.7004,0
9,0.7674,1940.34,1,1,0.9686,0.1986,1
1,0.2386,19.08,0,0,0.0876,0.8617,0
1,0.1161,6.94,0,0,0.4961,0.9228,0
0,0.268,20.75,0,1,0.6399,0.9692,0
0,0.2338,103.93,0,0,0.0444,0.8313,0
0,0.0929,41.61,0,0,0.2094,0.9243,0
0,0.1961,24.93,0,0,0.1347,0.9438,0
18,0.6192,3400.16,1,1,0.2138,0.2584,1
1,0.1638,9.15,0,0,0.5169,0.9227,0
0,0.0193,46.69,0,0,0.0452,0.9811,0
0,0.0805,21.2,0,0,0.1059,0.8559,0
0,0.0141,13.14,0,0,0.1503,0.9939,0
0,0.0011,5.48,0,0,0.0671,0.6528,0
1,0.0996,6.62,0,0,0.1451,0.7723,0
1,0.124,18.07,0,0,0.4345,0.7987,0
1,0.0882,12.65,0,0,0.1353,0.9227,0
1,0.0922,51.03,0,0,0.4021,0.8639,0
1,0.0831,47.76,0,0,0.015,0.9481,0
1,0.1317,29.35,0,0,0.0024,0.8808,0
0,0.1262,18.87,0,1,0.0111,0.9349,0
0,0.1829,13.21,0,0,0.0077,0.9783,0
1,0.1359,32.54,0,0,0.0174,0.9581,0
0,0.0122,18.08,0,0,0.2148,0.9336,0
0,0.1095,10.29,0,0,0.0823,0.7087,0
0,0.0719,47.51,0,0,0.1204,0.8612,0
1,0.2929,15.5,0,0,0.0044,0.7454,0
0,0.2008,7.32,0,0,0.4208,0.9453,0
0,0.109,49.1,0,0,0.0548,0.8784,0
0,0.1105,52.22,0,0,0.2439,0.9715,0
1,0.1466,3.57,0,0,0.2933,0.8254,0
1,0.0196,40.29,0,0,0.1619,0.7934,0
0,0.0372,123.08,0,0,0.1513,0.8625,0
1,0.0415,15.75,0,0,0.0831,0.8777,0
0,0.03,3.96,0,0,0.1131,0.693,0
0,0.2786,2.79,0,0,0.0785,0.6208,0
0,0.0141,18.51,0,0,0.1929,0.7866,0
0,0.1156,10.3,0,0,0.2077,0.5409,0
2,0.0791,134.33,0,0,0.165,0.9402,0
0,0.0242,25.2,0,0,0.0433,0.8949,0
0,0.0206,31.61,0,0,0.1482,0.8928,0
0,0.0666,38.81,0,0,0.0717,0.9341,0
0,0.2159,0.4,0,0,0.0565,0.8492,0
0,0.3853,148.82,0,0,0.3745,0.8668,0
1,0.015,53.66,0,0,0.1821,0.929,0
1,0.0304,85.24,0,0,0.2332,0.8165,0
1,0.1105,41.74,0,0,0.235,0.7904,0
0,0.1756,48.66,0,0,0.1877,0.7441,0
9,0.3761,135.82,1,1,0.723,0.0654,1
2,0.1058,14.8,0,0,0.0861,0.9347,0
0,0.0578,44.2,0,0,0.086,0.9984,0
0,0.0172,116.33,0,0,0.5013,0.7239,0
0,0.006,0.02,0,0,0.2267,0.8319,0
1,0.2297,64.49,0,0,0.0368,0.7719,0
0,0.0495,25.17,0,0,0.3194,0.8527,0
0,0.2171,7.7,0,0,0.1928,0.8933,0
0,0.0505,18.67,0,0,0.0453,0.9537,0
0,0.0139,57.14,0,0,0.1884,0.849,0
0,0.1177,3.38,0,0,0.2816,0.9028,0
1,0.1197,14.52,0,0,0.2234,0.9845,0
1,0.0119,52.75,0,1,0.0059,0.6348,0
0,0.0292,23.58,0,0,0.0415,0.7687,0
0,0.1486,41.44,0,0,0.2659,0.7212,0
2,0.0952,80.53,0,0,0.3235,0.9296,0
2,0.1927,0.65,0,0,0.0311,0.999,0
1,0.0996,23.63,0,0,0.205,0.7685,0
0,0.1228,4.31,0,0,0.0729,0.8996,0
2,0.0111,32.49,0,0,0.1127,0.8988,0
1,0.1291,9.24,0,0,0.2295,0.9866,0
0,0.1305,5.59,0,0,0.0668,0.5857,0
1,0.1726,45.88,0,1,0.1143,0.9374,0
1,0.1062,6.61,0,0,0.1453,0.8639,0
1,0.0421,18.23,0,0,0.0033,0.8682,0
1,0.1508,34.33,0,0,0.2648,0.8194,0
0,0.1117,22.35,0,0,0.0423,0.7337,0
0,0.1072,48.89,0,0,0.0291,0.8271,0
7,0.6869,3306.64,0,1,0.5869,0.2046,1
0,0.0886,53.35,0,0,0.1131,0.9259,0
0,0.0025,5.3,0,0,0.0946,0.9788,0
1,0.2389,26.79,0,0,0.3915,0.825,0
8,0.6216,1351.54,1,0,0.6867,0.204,1
1,0.1893,48.37,0,0,0.0283,0.9887,0
0,0.1461,16.43,0,0,0.2259,0.55,0
0,0.038,8.89,0,0,0.0389,0.8514,0
0,0.1101,8.52,0,0,0.1132,0.7735,0
1,0.0704,20.05,0,0,0.1791,0.9883,0
11,0.6329,3428.6,1,1,0.2616,0.2527,1
1,0.1847,25.86,0,0,0.1084,0.7639,0
1,0.1183,45.05,0,0,0.1792,0.4371,0
0,0.1351,0.82,0,0,0.2384,0.4821,0
1,0.0201,42.73,0,0,0.3922,0.8104,0
1,0.0113,37.81,0,0,0.0361,0.8215,0
1,0.066,11.29,0,0,0.0268,0.9954,0
0,0.3021,17.09,0,0,0.131,0.9718,0
0,0.0693,33.28,0,0,0.1313,0.9321,0
1,0.0438,30.6,0,0,0.0441,0.9434,0
1,0.0391,82.96,0,0,0.2145,0.9739,0
0,0.2338,71.34,0,0,0.0941,0.7897,0
13,0.7682,17.54,0,1,0.8997,0.0843,1
0,0.096,133.32,0,0,0.1441,0.8959,0
0,0.0867,48.64,0,0,0.335,0.8439,0
1,0.0398,12.9,0,0,0.0931,0.9112,0
0,0.0936,1.26,0,0,0.0779,0.9442,0
0,0.0962,14.12,0,0,0.3207,0.6055,0
0,0.2536,23.04,0,0,0.3203,0.8328,0
1,0.0697,6.87,0,0,0.1768,0.7021,0
1,0.0401,13.66,0,0,0.4487,0.7634,0
0,0.0605,10.79,0,0,0.082,0.9396,0
0,0.0515,71.61,0,0,0.1563,0.8929,0
4,0.8876,2389.18,0,1,0.8576,0.0319,1
6,0.6627,1376.19,0,0,0.3285,0.1482,1
0,0.0804,16.13,0,0,0.4689,0.9412,0
1,0.0425,88.72,0,0,0.1406,0.608,0
0,0.1654,28.46,0,0,0.0518,0.7429,0
0,0.0442,47.85,0,0,0.2999,0.7895,0
0,0.2358,40.42,0,0,0.1862,0.8852,0
2,0.1798,46.99,0,0,0.2718,0.9635,0
0,0.1556,0.36,0,0,0.0152,0.6315,0
0,0.0244,97.85,0,1,0.0859,0.8675,0
0,0.0979,25.9,0,0,0.0165,0.9317,0
1,0.0952,15.26,0,0,0.1831,0.7744,0
0,0.0241,33.96,0,0,0.1904,0.9962,0
0,0.4043,9.15,0,1,0.2238,0.9058,0
5,0.8333,1464.17,1,0,0.9353,0.2257,1
0,0.1692,10.07,0,0,0.3527,0.9092,0
8,0.8839,1547.84,1,0,0.7292,0.1103,1
12,0.8271,3236.07,1,1,0.6332,0.1098,1
0,0.0641,21.88,0,0,0.4087,0.7421,0
1,0.1136,31.76,0,0,0.0598,0.8155,0
15,0.9133,50.36,0,1,0.8636,0.2397,1
1,0.2096,8.76,0,0,0.0877,0.8153,0
0,0.0869,118.13,0,0,0.1338,0.9847,0
1,0.0023,0.86,0,0,0.1309,0.9205,0
9,0.8454,1791.52,0,0,0.6807,0.0821,1
0,0.024,5.2,0,0,0.109,0.8641,0
0,0.1685,13.25,0,0,0.2562,0.9502,0
0,0.0888,6.29,0,0,0.0309,0.9348,0
2,0.2538,28.88,0,1,0.0731,0.8994,0
1,0.0739,3.03,0,0,0.239,0.6678,0
9,0.8717,2353.26,0,1,0.6222,0.426,1
3,0.0367,62.28,0,0,0.0155,0.8481,0
1,0.0486,47.81,0,0,0.0999,0.8496,0
0,0.1731,83.03,0,0,0.0337,0.867,0
11,0.7677,197.64,1,1,0.7113,0.0327,1
0,0.0664,2.1,0,1,0.0693,0.8513,0
1,0.0533,2.16,0,0,0.0392,0.7935,0
0,0.1214,24.92,0,0,0.1901,0.7578,0
1,0.2066,5.37,0,0,0.0516,0.8574,0
0,0.1973,204.01,0,0,0.058,0.8479,0
0,0.2577,6.64,0,0,0.1528,0.9344,0
1,0.3093,46.3,0,0,0.0644,0.9537,0
0,0.2441,5.31,0,0,0.1017,0.7163,0
10,0.807,218.16,1,1,0.7519,0.1146,1
1,0.0692,8.89,0,0,0.076,0.9214,0
0,0.1577,49.23,0,0,0.0418,0.9382,0
1,0.0572,32.51,0,0,0.1237,0.8865,0
5,0.8565,2435.9,1,1,0.7831,0.0851,1
9,0.6117,3285.67,1,0,0.8688,0.1395,1
1,0.1861,30.24,0,0,0.2136,0.9385,0
2,0.0782,44.43,0,0,0.1741,0.9416,0
0,0.1702,49.96,0,0,0.0142,0.9396,0
1,0.1185,18.71,0,0,0.0305,0.8542,0
10,0.5185,1677.96,1,0,0.6771,0.2514,1
0,0.0366,204.95,0,0,0.2459,0.9091,0
2,0.0575,6.05,0,0,0.2662,0.8647,0
10,0.6413,59.21,0,1,0.6641,0.1483,1
0,0.0939,164.9,0,0,0.3865,0.7768,0
0,0.2308,25.46,0,0,0.3254,0.5421,0
1,0.0425,40.67,0,0,0.1075,0.9376,0
6,0.9614,28.91,1,0,0.466,0.1239,1
1,0.1243,39.46,0,0,0.2326,0.9744,0
0,0.0661,104.32,0,0,0.0783,0.9524,0
0,0.1391,49.73,0,0,0.0762,0.6274,0
0,0.027,28.96,0,0,0.3071,0.9878,0
0,0.0576,0.33,0,0,0.0647,0.6435,0
0,0.0507,27.41,0,0,0.0464,0.8227,0
0,0.0777,92.0,0,0,0.2459,0.6857,0
0,0.0573,16.29,0,0,0.3002,0.9792,0
0,0.2159,43.7,0,0,0.0585,0.9743,0
0,0.1357,38.19,0,0,0.1509,0.7989,0
9,0.8958,33.06,1,1,0.513,0.0961,1
2,0.128,78.54,0,0,0.1556,0.9287,0
4,0.6327,2149.51,1,0,0.4929,0.1402,1
0,0.1917,20.12,0,0,0.0214,0.8097,0
1,0.0722,116.77,0,0,0.0362,0.803,0
0,0.1165,141.34,0,0,0.2261,0.909,0
0,0.1792,0.33,0,0,0.4567,0.8958,0
2,0.0236,21.6,0,0,0.3246,0.7853,0
4,0.7323,27.2,1,1,0.7411,0.0668,1
3,0.1023,6.06,0,0,0.1644,0.8924,0
0,0.0721,52.48,0,0,0.0228,0.7895,0
0,0.043,20.0,0,0,0.0321,0.6294,0
8,0.7982,871.36,0,1,0.4575,0.1115,1
0,0.1096,55.42,0,0,0.1882,0.8185,0
2,0.2054,56.93,0,0,0.0999,0.6793,0
11,0.588,79.55,1,0,0.7708,0.5353,1
0,0.1371,158.03,0,0,0.096,0.9554,0
1,0.0398,56.07,0,0,0.0405,0.882,0
1,0.1485,24.07,0,0,0.3466,0.9677,0
3,0.1318,14.45,0,0,0.0617,0.8862,0
1,0.0896,22.39,0,0,0.08,0.8795,0
0,0.0851,17.56,0,0,0.047,0.639,0
1,0.0681,70.27,0,0,0.1469,0.915,0
0,0.1,8.38,0,0,0.1247,0.9555,0
7,0.9799,3131.25,1,0,0.8064,0.1568,1
0,0.0491,42.39,0,0,0.0384,0.7947,0
0,0.0924,8.89,0,0,0.2351,0.6874,0
9,0.8294,79.27,1,1,0.6179,0.2662,1
0,0.0445,16.41,0,0,0.1095,0.7627,0
0,0.3002,21.76,1,0,0.2637,0.6786,0
1,0.0826,86.56,0,0,0.0076,0.8739,0
0,0.0062,2.43,0,0,0.2454,0.8745,0
0,0.0653,7.63,0,0,0.0593,0.9289,0
0,0.1708,27.64,0,0,0.1405,0.9622,0
0,0.0579,1.01,0,0,0.0116,0.7722,0
0,0.2618,11.13,0,0,0.0659,0.7653,0
5,0.7108,87.25,1,1,0.4554,0.216,1
0,0.0896,2.38,0,0,0.0534,0.9529,0
11,0.8143,2888.78,0,1,0.5861,0.2167,1
0,0.0599,15.25,0,0,0.1883,0.7785,0
0,0.0586,13.4,0,0,0.134,0.9087,0
0,0.0176,78.0,0,0,0.013,0.7826,0
0,0.2428,131.94,0,0,0.3001,0.9147,0
0,0.0743,31.29,0,0,0.0517,0.7794,0
0,0.102,31.2,0,0,0.1595,0.7861,0
1,0.0411,8.41,0,0,0.1355,0.8761,0
12,0.6154,164.31,1,1,0.7952,0.5196,1
0,0.0281,32.75,0,0,0.0367,0.8774,0
0,0.1445,57.38,0,1,0.5294,0.8736,0
0,0.0546,42.98,0,0,0.0046,0.9523,0
5,0.6675,3406.45,1,0,0.3876,0.3376,1
2,0.2576,42.77,0,0,0.301,0.9638,0
0,0.2513,17.79,0,0,0.257,0.847,0
0,0.1205,2.45,0,0,0.1042,0.972,0
0,0.18,72.51,0,0,0.239,0.8914,0
0,0.2077,31.59,0,0,0.1455,0.8238,0
0,0.0406,21.48,0,0,0.2687,0.8922,0
0,0.0274,10.08,0,0,0.4995,0.8321,0
1,0.0725,8.35,0,0,0.165,0.9563,0
0,0.0965,13.23,0,0,0.1161,0.9355,0
14,0.7767,2.85,1,0,0.5314,0.3065,1
0,0.1335,8.64,0,0,0.4123,0.9117,0
14,0.8749,103.22,1,1,0.4373,0.3799,1
9,0.922,11.17,0,0,0.4417,0.0305,1
8,0.7319,3110.9,0,1,0.4594,0.0552,1
8,0.6701,21.93,1,1,0.4925,0.2358,1
0,0.0942,4.82,0,0,0.1152,0.9742,0
0,0.1549,63.94,0,0,0.1967,0.9449,0
0,0.0636,2.86,0,0,0.076,0.959,0
1,0.0935,35.22,0,0,0.0084,0.9623,0
1,0.0631,77.92,0,0,0.0161,0.75,0
0,0.2594,11.31,0,0,0.1885,0.887,0
0,0.0662,72.6,0,0,0.2306,0.9916,0
17,0.5266,1204.26,1,0,0.6616,0.0592,1
0,0.1007,6.46,0,0,0.0604,0.7986,0
14,0.8911,2128.64,0,0,0.7289,0.1077,1
0,0.0572,11.77,0,0,0.3276,0.8696,0
0,0.0888,35.49,0,0,0.0593,0.9823,0
0,0.0431,13.85,0,0,0.2381,0.6569,0
0,0.1196,58.11,1,0,0.2288,0.7752,0
1,0.2399,6.66,0,0,0.0547,0.8843,0
1,0.105,14.05,0,0,0.0494,0.9366,0
0,0.0628,5.89,1,0,0.1102,0.9051,0
0,0.2153,86.64,0,0,0.1254,0.8997,0
8,0.9898,38.17,0,0,0.7376,0.2715,1
0,0.0757,57.29,0,0,0.1891,0.9049,0
0,0.1712,54.55,0,0,0.016,0.9146,0
4,0.3536,0.48,0,0,0.1616,0.8924,0
0,0.0623,74.92,0,0,0.2254,0.8451,0
0,0.1295,36.9,0,0,0.0168,0.919,0
0,0.3073,59.44,0,0,0.2783,0.8136,0
1,0.0264,43.7,0,0,0.0011,0.4657,0
0,0.2247,12.41,0,0,0.2238,0.796,0
0,0.124,4.98,0,0,0.1843,0.8976,0
8,0.7362,38.68,1,1,0.7111,0.2704,1
0,0.1443,23.88,0,0,0.1632,0.8425,0
0,0.3263,1.45,0,0,0.1471,0.6136,0
0,0.0459,14.43,0,0,0.185,0.9013,0
0,0.0212,10.95,0,0,0.1295,0.8485,0
1,0.0708,13.67,0,0,0.2953,0.8567,0
0,0.0543,53.71,0,0,0.0323,0.9229,0
3,0.7305,3.48,0,1,0.412,0.1434,1
0,0.0975,0.28,0,0,0.1108,0.9245,0
0,0.0338,22.17,0,0,0.1344,0.5511,0
0,0.1538,7.7,0,0,0.0288,0.5793,0
1,0.1428,5.62,0,0,0.0476,0.9626,0
0,0.0771,103.93,0,0,0.2486,0.8166,0
1,0.0953,29.82,0,0,0.0899,0.8878,0
0,0.1081,86.34,0,1,0.1823,0.9844,0
0,0.1618,14.49,0,0,0.0733,0.9014,0
0,0.097,41.64,0,1,0.1779,0.9171,0
1,0.032,11.89,0,0,0.3815,0.9579,0
0,0.0725,24.52,0,1,0.1232,0.9977,0
1,0.3411,0.62,0,0,0.2924,0.8078,0
0,0.0904,30.37,0,0,0.0849,0.9773,0
0,0.1192,30.91,0,0,0.0441,0.9472,0
18,0.9343,75.47,0,0,0.6259,0.2327,1
0,0.0334,74.83,0,0,0.386,0.8429,0
0,0.0263,56.09,0,0,0.1951,0.9738,0
0,0.1135,1.81,0,0,0.0983,0.8144,0
1,0.0458,39.65,0,0,0.1553,0.9304,0
0,0.1211,66.67,0,0,0.3347,0.8879,0
1,0.1379,10.48,0,0,0.1437,0.9029,0
0,0.1454,3.95,0,0,0.107,0.6955,0
0,0.0757,13.57,0,0,0.1496,0.9043,0
0,0.1833,21.88,0,0,0.3683,0.8742,0
6,0.8196,994.78,1,0,0.6786,0.5819,1
1,0.0676,9.67,0,0,0.1543,0.9591,0
0,0.0859,4.23,0,0,0.1896,0.927,0
1,0.1491,3.38,0,0,0.0435,0.7429,0
0,0.0696,66.68,0,0,0.0664,0.9197,0
0,0.2379,23.42,0,0,0.0283,0.7694,0
0,0.1846,1.71,0,1,0.0665,0.8039,0
6,0.5785,1120.27,1,0,0.5353,0.0714,1
0,0.0552,118.7,0,0,0.1481,0.8943,0
0,0.0658,46.1,0,0,0.1286,0.9959,0
0,0.1172,51.22,0,0,0.11,0.9084,0
0,0.0729,151.02,0,0,0.127,0.8305,0
0,0.0292,15.27,0,0,0.0545,0.9672,0
2,0.2577,9.69,0,0,0.0065,0.9605,0
0,0.0609,17.2,0,0,0.5396,0.7162,0
0,0.2403,24.17,0,0,0.1272,0.9539,0
1,0.041,5.99,0,0,0.2381,0.7128,0
0,0.0426,23.8,0,0,0.0668,0.8176,0
1,0.1588,0.62,0,0,0.2607,0.7935,0
0,0.0617,12.61,0,0,0.2934,0.6568,0
1,0.0624,4.89,0,0,0.071,0.8344,0
2,0.0627,40.88,0,0,0.0113,0.8907,0
10,0.7569,1102.13,1,1,0.8972,0.2707,1
1,0.2206,26.78,0,0,0.1815,0.7311,0
0,0.1623,14.19,0,0,0.1834,0.9339,0
0,0.0227,10.76,0,0,0.0341,0.8735,0
1,0.1661,33.57,0,0,0.0834,0.9714,0
0,0.2691,47.01,0,0,0.0531,0.7659,0
0,0.1229,14.5,0,0,0.1375,0.8781,0
0,0.1304,0.0,0,0,0.2818,0.8969,0
0,0.0986,31.3,0,0,0.05,0.9736,0
0,0.2981,1.06,0,0,0.1067,0.9396,0
9,0.9069,3452.27,0,0,0.874,0.1088,1
2,0.1655,1.54,0,0,0.036,0.9106,0
0,0.0401,11.7,0,0,0.1112,0.9192,0
1,0.074,2.06,0,0,0.2379,0.799,0
0,0.1107,52.17,0,0,0.1823,0.9399,0
0,0.0164,10.63,0,0,0.1391,0.8842,0
9,0.6034,2009.38,1,0,0.6493,0.1413,1
0,0.4071,39.23,0,0,0.0254,0.7338,0
0,0.132,7.04,0,0,0.0993,0.9877,0
5,0.6478,12.23,0,1,0.7223,0.4694,1
0,0.0455,2.36,0,0,0.2709,0.9068,0
0,0.0535,16.41,0,1,0.0385,0.6862,0
0,0.0721,15.02,0,0,0.3262,0.8176,0
0,0.0644,24.88,0,0,0.1963,0.9871,0
1,0.1064,7.08,0,0,0.0626,0.5786,0
1,0.0905,72.93,0,0,0.0983,0.9655,0
1,0.0592,49.84,0,1,0.041,0.8273,0
0,0.0896,42.39,0,0,0.3487,0.9219,0
0,0.0626,61.09,0,0,0.403,0.8731,0
4,0.7452,92.55,0,0,0.6436,0.1614,1
3,0.9229,27.24,1,0,0.3017,0.0093,1
1,0.3619,48.82,0,0,0.1444,0.7739,0
0,0.0342,23.7,0,0,0.2062,0.9495,0
0,0.0664,4.35,0,0,0.0996,0.9788,0
0,0.3321,5.18,0,0,0.1052,0.7555,0
0,0.0819,10.65,0,0,0.0876,0.791,0
0,0.0364,0.79,0,0,0.2489,0.7841,0
0,0.1694,19.66,0,0,0.2733,0.603,0
1,0.0621,34.59,0,0,0.03,0.8829,0
1,0.1487,8.0,0,0,0.1346,0.9766,0
0,0.1159,0.11,0,0,0.018,0.5953,0
10,0.7088,2788.64,1,0,0.9184,0.15,1
0,0.1561,67.1,0,0,0.376,0.9392,0
1,0.0207,85.67,0,0,0.0337,0.9183,0
0,0.0712,38.67,0,0,0.0719,0.7971,0
0,0.0755,23.4,0,0,0.2454,0.9288,0
1,0.1192,37.56,0,0,0.2627,0.5623,0
0,0.0171,23.42,0,0,0.0442,0.7121,0
0,0.0866,62.39,0,0,0.2827,0.9461,0
0,0.0741,6.83,0,0,0.0369,0.6168,0
1,0.0222,29.35,0,0,0.1359,0.9444,0
0,0.1192,9.05,0,0,0.1341,0.8738,0
0,0.081,25.02,0,0,0.2567,0.8876,0
0,0.0242,1.84,0,0,0.0358,0.8125,0
1,0.1542,10.68,0,0,0.2013,0.9135,0
0,0.2878,26.77,0,0,0.0076,0.6764,0
0,0.1895,55.97,0,0,0.1419,0.7533,0
0,0.1173,1.84,0,0,0.0226,0.9047,0
0,0.1611,100.21,0,0,0.2886,0.8689,0
1,0.0441,33.62,0,0,0.1984,0.7225,0
0,0.0882,0.99,0,0,0.007,0.8037,0
0,0.1193,6.79,0,0,0.0255,0.9904,0
0,0.091,33.76,0,0,0.0855,0.6403,0
0,0.244,14.48,0,0,0.3761,0.832,0
1,0.1577,1.75,0,0,0.642,0.9419,0
15,0.7195,2208.32,0,1,0.7545,0.3026,1
0,0.0014,76.88,0,0,0.0147,0.5467,0
1,0.0787,3.96,0,0,0.2898,0.7521,0
0,0.0785,36.77,0,0,0.2707,0.9478,0
0,0.1289,4.62,0,0,0.0006,0.8989,0
4,0.8083,13.09,0,0,0.8206,0.233,1
0,0.0556,21.01,0,0,0.0476,0.8024,0
0,0.0749,1.36,0,0,0.1789,0.8745,0
0,0.0489,10.62,0,0,0.0985,0.982,0
1,0.0339,39.02,0,0,0.4026,0.7977,0
15,0.7249,8.93,1,1,0.7312,0.0816,1
0,0.0637,102.14,0,0,0.4316,0.6912,0
0,0.0325,21.37,0,0,0.1652,0.8559,0
0,0.0846,11.93,0,0,0.3336,0.7903,0
1,0.0954,12.47,0,0,0.3062,0.8313,0
1,0.1406,4.83,0,0,0.0054,0.8779,0
0,0.2288,47.79,0,0,0.017,0.9748,0
0,0.2549,0.43,0,0,0.0596,0.9692,0
0,0.2374,14.36,0,0,0.2016,0.9604,0
8,0.7985,2021.3,0,1,0.6205,0.2796,1
1,0.011,5.62,0,0,0.0791,0.9354,0
0,0.0074,49.0,0,0,0.1634,0.7685,0
0,0.0729,27.05,0,0,0.1627,0.9361,0
15,0.9422,2847.42,1,0,0.767,0.3472,1
2,0.1749,31.45,0,0,0.0972,0.8237,0
1,0.0696,36.14,0,0,0.296,0.8384,0
1,0.0873,14.03,0,0,0.3317,0.7005,0
1,0.2102,17.77,0,0,0.0331,0.9222,0
5,0.8235,1550.82,1,0,0.5552,0.161,1
0,0.0298,22.77,0,0,0.2313,0.8308,0
0,0.0807,9.48,0,0,0.0659,0.7685,0
3,0.1102,4.57,0,0,0.1255,0.6844,0
1,0.1188,0.31,0,0,0.0139,0.9341,0
0,0.1412,29.37,0,0,0.1068,0.9588,0
2,0.1114,37.44,0,0,0.2274,0.9599,0
15,0.9356,12.63,1,0,0.6208,0.5498,1
9,0.646,2462.91,0,1,0.4096,0.1433,1
4,0.9888,2178.28,0,0,0.587,0.0684,1
5,0.7747,3061.22,0,0,0.8303,0.3026,1
20,0.8305,151.85,0,0,0.8403,0.2572,1
6,0.9395,70.58,0,1,0.7904,0.0127,1
0,0.0524,97.05,0,0,0.0214,0.6855,0
1,0.2981,95.49,0,0,0.1294,0.8147,0
0,0.2584,92.05,0,0,0.159,0.9778,0
1,0.0715,46.64,0,0,0.4338,0.9612,0
0,0.0306,23.27,0,0,0.0729,0.9487,0
0,0.0449,3.77,0,0,0.0064,0.8926,0
18,0.8876,2099.08,0,1,0.8115,0.2748,1
0,0.0623,12.85,0,0,0.0862,0.7167,0
0,0.1671,16.73,0,0,0.2958,0.8563,0
1,0.0953,12.03,0,0,0.2531,0.9667,0
7,0.6476,61.19,1,1,0.9304,0.0141,1
1,0.1609,27.8,0,0,0.0745,0.8618,0
0,0.0443,2.98,0,0,0.0214,0.8103,0
1,0.0716,0.73,0,0,0.3347,0.5321,0
17,0.7639,1370.06,1,0,0.4211,0.5769,1
0,0.0925,2.59,0,0,0.1665,0.4693,0
0,0.2459,15.36,1,0,0.2769,0.8073,0
0,0.0175,102.74,0,0,0.0693,0.8773,0
0,0.1649,54.42,0,0,0.0709,0.9257,0
14,0.4107,73.55,1,1,0.9254,0.2249,1
0,0.2543,92.13,0,0,0.2984,0.9498,0
1,0.0843,3.47,0,0,0.392,0.8749,0
0,0.04,28.06,0,0,0.0296,0.8148,0
0,0.2125,62.3,0,0,0.1474,0.9076,0
0,0.0852,20.35,0,0,0.1276,0.5535,0
0,0.2061,17.71,0,0,0.016,0.8005,0
0,0.0414,20.92,0,0,0.0825,0.7772,0
0,0.0969,71.43,0,0,0.1806,0.4945,0
1,0.0668,24.07,0,0,0.0378,0.8604,0
2,0.2446,11.4,1,0,0.3178,0.8572,0
1,0.0991,53.95,0,0,0.0536,0.8846,0
0,0.1865,1.74,0,0,0.4073,0.9222,0
11,0.6301,5.06,0,1,0.6492,0.2277,1
0,0.0183,41.41,0,0,0.0949,0.8783,0
2,0.1309,22.94,0,0,0.3568,0.7832,0
0,0.273,26.62,0,0,0.5412,0.6228,0
0,0.0083,14.83,0,0,0.217,0.8517,0
0,0.1706,10.14,0,0,0.0622,0.8675,0
6,0.9102,1808.72,1,0,0.8455,0.1081,1
15,0.8028,2919.84,0,0,0.7336,0.0229,1
1,0.2131,84.57,0,0,0.0825,0.7891,0
0,0.1777,35.7,0,0,0.1444,0.7664,0
0,0.0796,68.98,0,0,0.4245,0.7826,0
0,0.0963,19.66,0,0,0.3479,0.905,0
13,0.7994,2520.36,1,1,0.5974,0.3814,1
0,0.0308,0.23,0,0,0.1752,0.7384,0
0,0.3525,38.54,0,0,0.3468,0.9328,0
0,0.0372,16.26,0,0,0.2014,0.855,0
11,0.586,2794.55,1,1,0.8495,0.4116,1
9,0.814,2425.98,1,1,0.5656,0.2345,1
1,0.1522,25.91,0,0,0.1555,0.8403,0
0,0.1159,41.41,0,0,0.0147,0.9256,0
14,0.731,2691.66,0,1,0.9543,0.3225,1
2,0.2642,11.97,0,0,0.0783,0.8315,0
1,0.1385,47.96,0,0,0.2044,0.7979,0
0,0.0765,3.27,0,0,0.3722,0.8988,0
1,0.06,10.37,0,0,0.3257,0.9372,0
1,0.2222,5.46,0,0,0.1404,0.6654,0
1,0.0436,11.99,0,0,0.0944,0.9874,0
0,0.0372,14.98,0,0,0.0526,0.8168,0
0,0.0994,1.05,0,0,0.1417,0.6807,0
0,0.0981,138.86,0,0,0.2055,0.7959,0
0,0.0548,12.07,0,0,0.25,0.9373,0
1,0.0119,104.0,0,0,0.2485,0.8731,0
1,0.1014,0.85,0,1,0.1144,0.6136,0
12,0.7462,2458.97,0,0,0.6757,0.4165,1
12,0.7938,2634.96,1,1,0.8662,0.3056,1
6,0.8393,1716.7,0,0,0.5879,0.2384,1
0,0.0289,9.19,0,0,0.1872,0.8807,0
2,0.0166,40.49,0,0,0.2818,0.9256,0
0,0.0602,12.05,0,0,0.2448,0.8325,0
2,0.0463,9.04,0,0,0.0905,0.9578,0
16,0.7312,2655.58,1,1,0.8699,0.0595,1
1,0.2051,38.67,0,0,0.3009,0.9301,0
0,0.0564,1.26,0,0,0.2946,0.68,0
1,0.221,51.75,1,0,0.1693,0.8062,0
14,0.6882,2.4,0,0,0.5704,0.3671,1
1,0.0977,32.48,0,0,0.16,0.9979,0
8,0.7231,2996.57,0,0,0.542,0.148,1
1,0.274,13.18,0,0,0.0353,0.9599,0
1,0.087,21.65,0,0,0.4539,0.8686,0
11,0.8885,2691.47,1,0,0.8267,0.3381,1
7,0.822,1723.16,1,0,0.5781,0.1756,1
7,0.6996,3237.15,1,0,0.8207,0.1245,1
0,0.1387,5.43,0,0,0.0488,0.9119,0
1,0.0275,15.15,0,0,0.1212,0.9537,0
0,0.1248,9.78,0,0,0.2899,0.8577,0
1,0.0934,18.04,0,0,0.004,0.6837,0
0,0.095,2.86,0,0,0.2295,0.8869,0
7,0.859,915.25,1,0,0.6459,0.2837,1
0,0.0467,22.84,0,0,0.1098,0.9119,0
0,0.0985,19.45,0,0,0.1622,0.8139,0
0,0.0637,25.86,0,0,0.0337,0.986,0
0,0.0979,36.67,0,0,0.0832,0.7197,0
0,0.0534,15.59,0,0,0.1728,0.7922,0
0,0.0717,1.31,0,0,0.0602,0.9649,0
0,0.0673,46.02,0,0,0.1359,0.9517,0
8,0.974,1444.16,0,0,0.6424,0.2127,1
0,0.0456,99.23,0,0,0.1718,0.876,0
0,0.2117,48.8,0,0,0.3815,0.9552,0
0,0.092,33.3,0,0,0.4648,0.831,0
0,0.1151,12.51,0,0,0.1417,0.5627,0
6,0.9043,400.0,0,1,0.7715,0.125,1
0,0.0383,5.42,0,0,0.2693,0.9283,0
0,0.0308,3.08,0,0,0.3959,0.9271,0
0,0.0598,33.64,0,0,0.2818,0.8621,0
0,0.0699,59.52,0,0,0.0657,0.7806,0
0,0.0153,83.51,0,0,0.6133,0.8931,0
0,0.0305,66.1,0,0,0.2776,0.7285,0
0,0.0938,181.35,0,0,0.3646,0.9145,0
1,0.0046,20.4,0,0,0.4598,0.9331,0
1,0.0979,16.73,0,0,0.13,0.8396,0
0,0.0876,36.78,0,0,0.419,0.7711,0
1,0.1265,16.82,0,0,0.0782,0.9225,0
1,0.0065,6.71,0,0,0.0583,0.8825,0
1,0.1223,19.78,0,0,0.0655,0.8967,0
0,0.0189,6.33,0,0,0.1204,0.8169,0
11,0.9539,9.51,1,0,0.8487,0.1119,1
0,0.0772,45.61,0,0,0.0351,0.9372,0
0,0.2709,35.72,0,0,0.2483,0.7969,0
0,0.0292,15.94,0,0,0.0173,0.6659,0
0,0.22,103.89,0,0,0.4003,0.7549,0
0,0.2415,4.95,0,0,0.0184,0.6492,0
0,0.0094,16.53,1,0,0.1063,0.9661,0
0,0.0849,95.61,0,0,0.2067,0.6365,0
0,0.057,47.36,0,0,0.2463,0.9774,0
2,0.1427,52.38,0,0,0.034,0.7291,0
1,0.0389,35.33,0,0,0.4915,0.8427,0
0,0.0417,17.62,0,0,0.2791,0.8036,0
1,0.1302,50.13,0,0,0.0235,0.832,0
0,0.1553,7.56,0,0,0.0852,0.9434,0
0,0.1087,34.09,0,0,0.002,0.9012,0
0,0.0399,5.55,0,0,0.1597,0.8358,0
1,0.0589,4.93,0,0,0.0223,0.9271,0
0,0.159,22.76,0,0,0.2372,0.9887,0
0,0.1634,22.51,0,0,0.4204,0.9967,0
1,0.2021,88.53,0,0,0.1345,0.698,0
8,0.9866,3244.96,0,0,0.4308,0.3583,1
4,0.8462,2433.18,0,0,0.9016,0.116,1
2,0.0299,68.97,0,0,0.4486,0.9073,0
0,0.0497,171.22,0,0,0.1777,0.9425,0
1,0.0666,17.8,0,0,0.3722,0.9439,0
0,0.0448,9.6,0,0,0.0362,0.7375,0
0,0.061,16.0,0,0,0.1135,0.888,0
1,0.0517,15.38,0,0,0.2527,0.8891,0
0,0.1195,72.5,0,0,0.0028,0.9505,0
1,0.2387,88.09,0,0,0.1884,0.7486,0
0,0.0643,10.01,0,0,0.428,0.8059,0
0,0.058,60.51,0,0,0.0744,0.743,0
0,0.1047,21.98,0,0,0.3746,0.9811,0
0,0.1755,17.13,0,1,0.0821,0.994,0
0,0.3856,2.82,0,0,0.0934,0.8357,0
0,0.1127,60.14,0,0,0.067,0.9325,0
0,0.1191,10.28,0,0,0.0506,0.9111,0
1,0.2334,11.07,0,0,0.4165,0.6329,0
4,0.6657,185.36,0,0,0.5186,0.1999,1
0,0.2266,33.33,0,0,0.033,0.8713,0
0,0.1726,45.76,0,0,0.0744,0.7406,0
0,0.1066,54.13,0,0,0.406,0.8112,0
0,0.1543,39.69,0,0,0.2428,0.8725,0
0,0.1493,45.68,0,0,0.131,0.9385,0
1,0.0969,47.21,0,0,0.2871,0.9737,0
0,0.1009,59.77,0,0,0.048,0.895,0
5,0.8678,1395.49,1,1,0.4711,0.2168,1
0,0.0251,17.02,0,0,0.4612,0.9036,0
0,0.1601,45.73,0,0,0.3961,0.8895,0
0,0.0284,29.05,0,0,0.0319,0.6092,0
0,0.0064,10.75,0,0,0.0727,0.6868,0
0,0.0151,10.63,0,0,0.0176,0.7789,0
0,0.0442,0.09,0,0,0.0211,0.8054,0
6,0.9069,2506.29,1,1,0.6224,0.3558,1
0,0.1929,0.87,0,0,0.098,0.9686,0
16,0.9372,2582.4,0,1,0.7423,0.1844,1
0,0.0787,84.15,0,0,0.3393,0.9354,0
0,0.1333,35.86,0,0,0.1106,0.8239,0
1,0.161,66.36,0,0,0.1157,0.6442,0
1,0.2275,67.82,0,1,0.0853,0.8371,0
0,0.0678,23.64,0,0,0.1676,0.98,0
0,0.1383,82.43,0,1,0.1349,0.8831,0
1,0.1134,8.91,0,0,0.0491,0.9021,0
1,0.1002,36.89,0,0,0.2296,0.8592,0
0,0.1328,32.52,0,0,0.0342,0.8619,0
1,0.1882,57.25,0,0,0.1515,0.9717,0
2,0.0975,25.16,0,0,0.2202,0.8213,0
1,0.0965,28.94,0,0,0.5392,0.9568,0
0,0.0858,76.21,0,0,0.3953,0.8016,0
7,0.779,2137.09,1,1,0.5374,0.2581,1
1,0.0376,15.1,0,0,0.0395,0.9424,0
2,0.1196,24.77,0,0,0.515,0.614,0
1,0.1175,29.13,0,0,0.3764,0.6047,0
1,0.2255,6.66,0,0,0.1982,0.8544,0
0,0.1367,4.25,0,0,0.2345,0.9421,0
1,0.0645,25.87,0,0,0.296,0.7792,0
0,0.2091,143.27,0,0,0.0946,0.83,0
0,0.1804,75.98,0,0,0.146,0.9281,0
0,0.0687,7.23,0,0,0.2297,0.8912,0
1,0.0787,101.78,0,0,0.1502,0.9479,0
1,0.2047,42.29,0,0,0.0321,0.8067,0
0,0.0149,67.27,1,0,0.2348,0.8233,0
0,0.0856,43.33,0,1,0.1076,0.6849,0
1,0.1373,24.86,0,0,0.4387,0.6176,0
12,0.9606,1350.48,0,1,0.756,0.1113,1
0,0.077,11.75,0,0,0.0615,0.8574,0
5,0.9185,18.4,0,1,0.6648,0.293,1
9,0.859,5.32,1,0,0.6227,0.0218,1
1,0.1319,13.36,0,0,0.0966,0.8994,0
0,0.1537,46.06,0,0,0.1514,0.6143,0
4,0.426,8.1,1,0,0.3874,0.4732,1
1,0.0144,4.49,0,0,0.283,0.9938,0
0,0.0978,12.5,0,0,0.1336,0.8711,0
0,0.0222,54.04,0,0,0.0258,0.9015,0
1,0.0585,0.48,0,0,0.1259,0.6928,0
0,0.1445,2.94,0,0,0.2163,0.9278,0
0,0.0292,10.1,0,0,0.0814,0.9628,0
0,0.1276,1.39,0,0,0.2155,0.9656,0
0,0.0306,5.98,0,0,0.1485,0.91,0
0,0.0864,81.27,0,0,0.5809,0.9219,0
1,0.0891,70.75,0,0,0.0342,0.981,0
0,0.2706,20.52,0,0,0.0026,0.9092,0
0,0.25,15.44,0,0,0.0182,0.9469,0
0,0.0105,143.14,0,0,0.0965,0.9023,0
2,0.111,9.43,0,0,0.1154,0.7746,0
1,0.0779,41.5,0,0,0.1638,0.9369,0
0,0.0913,31.6,0,0,0.1139,0.8379,0
11,0.9003,2621.86,1,0,0.3663,0.2759,1
0,0.1489,10.24,0,0,0.0864,0.9642,0
0,0.0429,26.36,0,0,0.2058,0.6449,0
0,0.0382,37.66,0,0,0.0185,0.9757,0
0,0.3096,59.13,0,0,0.3653,0.7659,0
0,0.0588,19.65,0,0,0.035,0.8759,0
0,0.1224,31.19,0,0,0.2905,0.916,0
0,0.1474,8.31,0,0,0.2493,0.9274,0
0,0.0945,63.28,0,0,0.0317,0.9339,0
18,0.8946,5.34,0,0,0.7746,0.243,1
0,0.0697,3.63,0,0,0.1189,0.8099,0
1,0.0864,148.38,0,0,0.5087,0.8235,0
0,0.035,2.23,0,0,0.1297,0.8197,0
0,0.5874,3.27,0,0,0.0285,0.8613,0
1,0.0312,15.47,0,0,0.0993,0.8912,0
0,0.0437,143.59,0,0,0.0027,0.7176,0
0,0.2526,0.1,0,0,0.066,0.9828,0
0,0.0188,84.12,0,0,0.1636,0.9124,0
2,0.2143,11.11,0,0,0.0712,0.9562,0
16,0.6792,1151.46,1,1,0.9068,0.072,1
0,0.2272,24.34,0,0,0.1284,0.9328,0
0,0.0203,59.53,0,0,0.3986,0.8927,0
1,0.1337,7.93,0,1,0.0337,0.9692,0
0,0.018,4.13,0,0,0.4223,0.9001,0
1,0.0047,13.79,0,0,0.0383,0.9418,0
1,0.0259,19.8,0,0,0.2366,0.9405,0
0,0.0367,21.11,0,0,0.5773,0.8477,0
2,0.0486,83.02,0,0,0.0292,0.8209,0
1,0.0647,3.67,0,0,0.0949,0.9539,0
0,0.0337,34.07,0,0,0.0376,0.9934,0
0,0.0882,1.13,1,0,0.1026,0.8196,0
1,0.0202,40.66,0,0,0.1593,0.864,0
0,0.1646,5.18,0,0,0.019,0.9659,0
0,0.1402,1.8,0,0,0.3788,0.7382,0
0,0.0658,32.42,0,0,0.1389,0.8753,0
0,0.0057,97.03,0,0,0.309,0.635,0
10,0.8188,16.82,1,1,0.5083,0.0984,1
0,0.1367,23.32,0,1,0.1812,0.7629,0
0,0.0041,8.82,0,0,0.1531,0.9259,0
1,0.1492,80.76,0,1,0.0299,0.9624,0
0,0.0864,51.42,0,0,0.1417,0.6796,0
0,0.1401,38.36,0,0,0.1739,0.9066,0
5,0.9091,12.28,0,1,0.7665,0.0349,1
0,0.0851,22.26,0,0,0.2021,0.9488,0
0,0.0478,47.82,0,0,0.2944,0.8509,0
5,0.7157,46.26,1,1,0.9408,0.0278,1
18,0.4816,104.71,0,1,0.4536,0.2242,1
10,0.9692,1140.38,0,0,0.7709,0.0478,1
1,0.3097,12.98,0,0,0.1976,0.9857,0
0,0.1927,38.03,0,0,0.0713,0.8764,0
0,0.1459,43.92,0,0,0.0668,0.7255,0
2,0.0148,28.58,0,0,0.4997,0.588,0
0,0.0255,62.7,0,0,0.0311,0.8622,0
6,0.9829,1403.11,1,1,0.7378,0.1019,1
1,0.276,19.69,0,0,0.265,0.8752,0
0,0.0639,28.95,0,0,0.0953,0.884,0
0,0.2903,58.74,0,0,0.1224,0.7901,0
7,0.7926,1177.05,0,0,0.6814,0.2091,1
0,0.0869,61.45,0,0,0.0779,0.9783,0
1,0.0545,9.98,0,0,0.1713,0.7945,0
1,0.0357,14.17,0,0,0.076,0.6081,0
0,0.0944,26.93,0,0,0.5367,0.8308,0
2,0.1175,44.54,0,0,0.0707,0.7023,0
1,0.0422,77.18,0,0,0.061,0.7628,0
14,0.8753,1384.49,1,0,0.69,0.2164,1
0,0.0128,25.36,0,0,0.2511,0.7573,0
0,0.0687,54.41,0,0,0.1547,0.9269,0
1,0.2084,41.9,0,0,0.4472,0.9308,0
0,0.0739,33.71,0,0,0.3379,0.8481,0
0,0.0065,1.81,0,0,0.1177,0.7201,0
4,0.7874,1040.64,0,0,0.8913,0.0395,1
1,0.0389,12.89,0,0,0.4425,0.7745,0
0,0.0853,14.8,0,0,0.045,0.889,0
0,0.0251,4.73,0,0,0.087,0.9216,0
0,0.3181,10.02,0,0,0.1421,0.7592,0
0,0.3741,19.91,0,0,0.1807,0.7302,0
1,0.0379,26.85,0,0,0.2981,0.6407,0
0,0.2296,4.5,0,0,0.1114,0.8289,0
0,0.0155,54.33,0,0,0.0714,0.9239,0
0,0.2264,39.84,0,0,0.0521,0.9639,0
0,0.0477,35.33,0,0,0.167,0.9731,0
0,0.0594,17.82,0,0,0.165,0.9991,0
0,0.2407,24.41,0,0,0.1856,0.9845,0
0,0.288,69.19,0,0,0.0971,0.7985,0
0,0.0699,95.84,0,0,0.2356,0.9404,0
0,0.0317,48.52,0,0,0.0215,0.8533,0
0,0.0994,8.44,0,0,0.0337,0.5743,0
0,0.2968,11.09,0,0,0.1736,0.875,0
2,0.0362,19.22,0,0,0.007,0.8357,0
17,0.8298,79.19,1,0,0.4626,0.2498,1
0,0.0468,58.36,0,0,0.1004,0.524,0
0,0.0648,6.12,0,0,0.146,0.8343,0
0,0.2167,9.6,0,0,0.0722,0.9824,0
0,0.1533,4.12,0,0,0.0673,0.7276,0
1,0.0412,19.55,0,0,0.0135,0.7579,0
5,0.7275,2396.04,0,0,0.8098,0.0423,1
0,0.0586,12.62,0,0,0.356,0.8816,0
12,0.6432,2901.54,1,1,0.7753,0.0489,1
0,0.2827,98.74,0,0,0.0533,0.719,0
0,0.0443,96.86,0,0,0.0661,0.9917,0
5,0.838,3332.95,1,1,0.8348,0.0304,1
1,0.1659,38.6,0,0,0.4737,0.7668,0
1,0.0677,32.36,0,1,0.1482,0.9865,0
0,0.05,8.39,0,0,0.2632,0.6671,0
0,0.077,174.9,1,0,0.1074,0.9296,0
1,0.0975,4.09,0,1,0.112,0.9865,0
0,0.1699,12.21,0,0,0.1444,0.8778,0
0,0.1324,14.88,0,0,0.1863,0.6423,0
1,0.0534,17.07,0,0,0.0034,0.6674,0
0,0.1504,16.81,0,0,0.3236,0.8235,0
0,0.002,1.6,0,0,0.2478,0.9068,0
1,0.0296,36.28,0,0,0.0689,0.8153,0
0,0.0815,9.99,0,0,0.3572,0.8556,0
0,0.1753,68.17,0,0,0.0416,0.9372,0
0,0.198,74.17,0,0,0.0564,0.888,0
1,0.1135,18.34,0,0,0.185,0.8458,0
1,0.1873,6.79,0,0,0.1566,0.8117,0
0,0.0796,33.3,0,0,0.0004,0.7448,0
2,0.0238,29.04,0,0,0.1631,0.707,0
0,0.1265,38.88,0,0,0.024,0.9458,0
1,0.0005,48.86,0,0,0.0181,0.6933,0
3,0.8568,29.0,1,0,0.7694,0.2495,1
1,0.1234,155.84,0,0,0.1934,0.6772,0
0,0.1504,18.04,0,0,0.1076,0.7841,0
1,0.3223,59.62,0,0,0.1245,0.833,0
0,0.3257,72.01,0,0,0.085,0.9811,0
0,0.0747,2.91,0,0,0.2306,0.892,0
0,0.1683,102.15,0,0,0.171,0.8114,0
0,0.2421,39.0,0,1,0.028,0.8992,0
0,0.0011,40.2,0,0,0.0069,0.8624,0
0,0.0568,37.51,0,0,0.0896,0.9128,0
10,0.8502,32.24,1,1,0.71,0.0139,1
0,0.1164,14.02,0,0,0.0848,0.8867,0
1,0.0352,30.57,0,0,0.2195,0.731,0
11,0.7412,1650.89,1,0,0.4174,0.1158,1
1,0.1441,6.65,0,0,0.0423,0.6893,0
0,0.0748,28.85,0,0,0.0765,0.8957,0
23,0.7827,1391.25,1,0,0.5977,0.5763,1
1,0.0269,48.48,0,0,0.2496,0.8132,0
4,0.7021,48.75,1,0,0.7185,0.2812,1
2,0.0024,10.85,0,0,0.091,0.9361,0
6,0.9544,2042.88,1,1,0.9074,0.2036,1
1,0.1805,31.24,0,0,0.2472,0.887,0
7,0.7859,2824.66,0,0,0.7278,0.1429,1
0,0.0506,18.4,0,0,0.2029,0.9694,0
0,0.0436,5.71,0,0,0.0364,0.8084,0
1,0.2417,19.09,0,0,0.1808,0.927,0
5,0.7755,8.07,1,0,0.4665,0.095,1
0,0.0759,0.45,0,0,0.0586,0.8137,0
0,0.1531,11.79,0,0,0.055,0.7953,0
0,0.277,94.82,0,0,0.471,0.812,0
0,0.0321,113.5,0,0,0.6849,0.9214,0
11,0.7725,58.28,1,1,0.1709,0.3932,1
0,0.0969,24.91,0,0,0.1131,0.9478,0
0,0.084,12.22,0,0,0.1118,0.8105,0
0,0.0796,1.12,0,0,0.0757,0.8881,0
1,0.0242,26.02,0,0,0.1101,0.9398,0
0,0.2709,53.96,0,0,0.1185,0.9406,0
5,0.8252,33.51,1,1,0.5881,0.2091,1
10,0.8891,2301.34,0,1,0.6981,0.0731,1
0,0.2445,0.1,0,0,0.1046,0.9199,0
0,0.0304,72.66,0,0,0.5957,0.9091,0
2,0.1406,24.34,0,0,0.1351,0.8184,0
12,0.9022,1396.4,1,1,0.5885,0.1236,1
0,0.0383,32.02,0,0,0.2948,0.9209,0
1,0.0479,36.84,0,0,0.2796,0.8626,0
1,0.0828,58.01,0,0,0.0808,0.7337,0
1,0.1322,26.84,0,0,0.3527,0.8063,0
0,0.0536,19.2,0,0,0.1631,0.9079,0
0,0.0311,110.71,0,0,0.0733,0.8247,0
2,0.1037,35.68,0,0,0.319,0.8754,0
0,0.1017,71.78,0,0,0.2535,0.7947,0
0,0.2115,9.44,0,0,0.3382,0.6574,0
1,0.125,9.73,0,0,0.1172,0.9205,0
6,0.8943,2046.56,0,1,0.7989,0.0964,1
0,0.1253,52.66,0,0,0.459,0.9618,0
0,0.0672,19.79,0,0,0.413,0.967,0
1,0.177,5.47,0,0,0.0382,0.8468,0
1,0.0686,40.28,0,0,0.089,0.8176,0
7,0.8796,1811.15,1,1,0.6136,0.2287,1
1,0.3866,16.23,0,0,0.2001,0.8262,0
0,0.2753,138.93,0,0,0.0761,0.6256,0
0,0.055,8.37,0,0,0.1516,0.8853,0
5,0.6123,2803.57,0,1,0.2811,0.1423,1
0,0.0519,35.09,0,0,0.157,0.8783,0
0,0.1667,46.39,0,0,0.2935,0.9283,0
1,0.011,18.15,0,0,0.2394,0.7141,0
0,0.0786,39.87,0,0,0.0197,0.8586,0
1,0.0421,51.53,0,0,0.0317,0.8017,0
0,0.2214,13.71,0,0,0.0745,0.8333,0
0,0.0854,3.84,0,0,0.2548,0.8809,0
0,0.1233,34.94,0,0,0.2319,0.7516,0
0,0.0809,3.61,0,0,0.0988,0.6488,0
6,0.8737,9.55,0,0,0.8508,0.0756,1
0,0.0824,82.49,0,0,0.0291,0.6111,0
3,0.0403,30.31,0,0,0.2163,0.9757,0
0,0.0131,0.09,0,0,0.1799,0.9131,0
20,0.91,23.16,0,1,0.312,0.0403,1
0,0.1383,24.69,0,0,0.0536,0.766,0
1,0.0144,14.37,0,1,0.0788,0.8991,0
0,0.2877,16.92,1,0,0.0841,0.6182,0
1,0.2545,43.9,0,0,0.0703,0.9606,0
0,0.0956,9.28,0,0,0.1094,0.8885,0
7,0.6811,2493.42,1,1,0.9424,0.0343,1
0,0.2328,158.29,0,0,0.0299,0.9674,0
10,0.8311,23.3,0,1,0.327,0.2835,1
0,0.0383,8.66,0,0,0.0478,0.8187,0
0,0.0463,18.3,0,0,0.0224,0.8537,0
0,0.4002,38.0,0,0,0.1773,0.9635,0
8,0.9471,156.6,1,1,0.6783,0.1969,1
0,0.0877,94.39,0,1,0.0746,0.8811,0
0,0.0378,11.77,0,0,0.0233,0.8052,0
6,0.9494,18.41,1,1,0.6542,0.25,1
0,0.1948,15.01,0,0,0.3542,0.4517,0
0,0.1113,85.57,0,0,0.3108,0.7359,0
5,0.6953,2610.37,0,0,0.5273,0.1072,1
0,0.0197,40.05,0,0,0.2232,0.8263,0
0,0.0468,29.28,0,0,0.0606,0.9144,0
16,0.6256,2212.45,0,1,0.729,0.0864,1
3,0.0636,1.71,0,0,0.0581,0.7876,0
0,0.0823,5.17,0,0,0.0266,0.8919,0
7,0.5752,2376.93,1,0,0.7522,0.2056,1
0,0.0662,43.23,0,0,0.5082,0.8652,0
4,0.1404,10.75,0,0,0.1142,0.9543,0
1,0.0231,3.42,0,0,0.0534,0.8358,0
13,0.7034,1176.27,1,1,0.8758,0.2146,1
5,0.8185,2064.04,1,1,0.3067,0.0755,1
0,0.044,69.04,0,0,0.2276,0.8348,0
1,0.2721,82.3,0,0,0.246,0.7643,0
0,0.0822,18.24,0,0,0.0645,0.8852,0
0,0.0793,39.94,0,0,0.2492,0.768,0
0,0.2602,14.09,0,0,0.2699,0.9375,0
0,0.0456,17.59,0,0,0.2753,0.814,0
5,0.7338,24.41,0,0,0.7824,0.377,1
19,0.8484,31.11,0,0,0.7138,0.1396,1
2,0.0271,49.03,0,0,0.2621,0.9686,0
0,0.0976,52.02,0,0,0.0908,0.6595,0
1,0.1115,61.26,0,0,0.327,0.9481,0
0,0.1002,59.75,0,0,0.3646,0.9599,0
0,0.2138,24.74,0,0,0.0395,0.8345,0
2,0.0459,42.56,0,0,0.0565,0.8515,0
1,0.0299,64.25,0,0,0.2678,0.8381,0
1,0.233,197.51,0,0,0.1049,0.7992,0
0,0.0711,57.49,0,0,0.1933,0.9626,0
0,0.2072,27.6,0,0,0.1533,0.8001,0
1,0.1332,10.38,0,0,0.1096,0.8265,0
0,0.0784,52.19,0,0,0.2674,0.9615,0
0,0.2256,30.78,0,0,0.2058,0.7923,0
8,0.9456,1479.68,0,0,0.891,0.1393,1
0,0.0873,17.75,0,0,0.1431,0.9595,0
0,0.211,10.4,0,0,0.1167,0.9689,0
10,0.9457,1523.25,1,0,0.8032,0.0406,1
0,0.066,17.68,0,0,0.0415,0.9719,0
0,0.251,20.37,0,0,0.0693,0.3538,0
13,0.7938,1716.79,0,0,0.8065,0.2745,1
1,0.1928,42.95,0,0,0.0381,0.7114,0
3,0.8616,2035.42,1,0,0.5752,0.1619,1
12,0.7392,2032.73,0,1,0.5839,0.3269,1
0,0.0565,5.96,0,0,0.3026,0.7571,0
2,0.1302,74.58,0,0,0.0376,0.3084,0
0,0.0264,36.56,0,0,0.0245,0.9667,0
0,0.192,33.08,0,0,0.3094,0.8948,0
1,0.0602,41.45,0,0,0.0859,0.7965,0
0,0.0783,16.91,0,0,0.145,0.7899,0
0,0.0246,9.58,0,0,0.1699,0.9164,0
0,0.0373,26.99,0,0,0.4531,0.7285,0
0,0.3651,55.54,0,0,0.119,0.9826,0
1,0.1924,24.49,0,1,0.0636,0.7913,0
0,0.0421,10.26,0,0,0.2042,0.7615,0
0,0.0574,22.77,0,0,0.0177,0.9815,0
0,0.0509,38.74,0,0,0.1733,0.9384,0
0,0.0932,21.01,0,0,0.0485,0.9783,0
0,0.0376,16.25,0,0,0.0054,0.6335,0
0,0.0614,34.63,0,0,0.1118,0.984,0
5,0.8658,72.86,0,0,0.7978,0.2029,1
0,0.1876,5.87,0,0,0.0295,0.9493,0
0,0.164,92.1,0,0,0.2755,0.9621,0
0,0.0766,14.06,0,0,0.2267,0.7353,0
1,0.0093,77.06,0,0,0.0781,0.8661,0
9,0.8118,984.01,0,0,0.5642,0.1667,1
7,0.9316,970.98,0,1,0.6538,0.4869,1
1,0.0677,65.34,0,0,0.0326,0.7083,0
0,0.0199,19.52,0,0,0.2217,0.8693,0
0,0.1643,6.03,0,0,0.1321,0.9438,0
0,0.1923,28.61,0,0,0.1767,0.8747,0
1,0.0351,7.42,0,0,0.0062,0.785,0
0,0.0693,0.12,0,0,0.0571,0.7799,0
1,0.0592,2.43,0,0,0.163,0.993,0
1,0.0409,30.05,0,0,0.2412,0.8114,0
1,0.1699,2.29,0,0,0.1053,0.9264,0
0,0.077,101.14,0,0,0.125,0.9801,0
0,0.1165,24.39,0,0,0.52,0.9023,0
0,0.0204,52.57,0,0,0.2233,0.8817,0
0,0.0345,12.08,0,0,0.1449,0.7935,0
0,0.0136,17.52,0,0,0.0063,0.8317,0
0,0.0272,38.58,0,0,0.2847,0.8188,0
0,0.0772,55.78,0,0,0.3249,0.8432,0
0,0.1485,54.15,0,0,0.0884,0.9587,0
10,0.8807,103.92,1,1,0.4942,0.333,1
0,0.0055,60.52,0,0,0.0211,0.9508,0
0,0.161,8.95,0,0,0.5355,0.9543,0
0,0.1275,86.08,0,0,0.009,0.8787,0
0,0.0401,5.75,0,0,0.0159,0.8337,0
0,0.2166,61.36,0,1,0.2156,0.9296,0
6,0.8354,2927.09,1,0,0.8898,0.4184,1
0,0.0622,2.86,0,0,0.1852,0.8933,0
0,0.1416,5.89,0,0,0.0455,0.7581,0
1,0.0644,3.71,0,1,0.0333,0.9231,0
1,0.0392,44.52,0,0,0.0772,0.9123,0
11,0.6973,1395.87,0,0,0.6824,0.1774,1
0,0.1037,7.99,0,0,0.1949,0.7434,0
0,0.0171,59.72,0,0,0.093,0.7761,0
0,0.0253,6.36,0,0,0.067,0.8871,0
0,0.0871,29.67,0,0,0.0095,0.9474,0
0,0.2084,74.08,0,0,0.14,0.9811,0
14,0.7316,71.5,1,1,0.815,0.1334,1
0,0.2129,50.11,0,0,0.3115,0.9053,0
8,0.6694,2816.24,1,1,0.7349,0.2121,1
6,0.6878,3171.65,1,0,0.607,0.1601,1
0,0.1179,2.61,0,0,0.0993,0.8573,0
0,0.3163,22.59,0,0,0.0182,0.8518,0
10,0.8089,949.91,1,1,0.8212,0.4561,1
0,0.1565,139.31,0,0,0.1085,0.8612,0
0,0.0839,31.31,0,0,0.0124,0.7171,0
0,0.1146,13.06,0,0,0.121,0.7551,0
7,0.6687,2658.54,0,1,0.7734,0.1584,1
1,0.0408,12.65,0,0,0.2691,0.8772,0
0,0.2313,81.98,0,0,0.6435,0.9012,0
9,0.3792,902.25,1,1,0.5414,0.1174,1
0,0.0962,10.28,0,0,0.2007,0.7779,0
0,0.0456,8.41,0,0,0.0611,0.8785,0
0,0.2725,9.86,0,0,0.0803,0.9658,0
13,0.4021,50.16,1,1,0.8376,0.3844,1
0,0.0159,93.93,0,0,0.2589,0.8466,0
1,0.2004,32.18,0,0,0.0599,0.6709,0
0,0.0478,97.96,0,0,0.0598,0.9308,0
0,0.0266,53.8,0,0,0.0768,0.7532,0
0,0.051,2.71,0,0,0.0307,0.7799,0
5,0.9128,2387.58,0,0,0.6059,0.0439,1
1,0.0187,72.97,0,0,0.0642,0.9024,0
0,0.1935,10.35,0,0,0.0969,0.9652,0
0,0.0905,21.24,0,0,0.2722,0.6397,0
0,0.1722,7.12,0,0,0.3265,0.7989,0
1,0.1783,47.72,0,0,0.4109,0.8888,0
1,0.1341,19.39,0,0,0.0802,0.8715,0
0,0.2267,5.19,0,0,0.089,0.9813,0
0,0.1897,19.18,0,0,0.4331,0.8574,0
1,0.0655,8.82,0,0,0.0586,0.5755,0
1,0.073,80.33,0,0,0.0247,0.6819,0
0,0.0902,14.85,0,0,0.0999,0.9717,0
1,0.1095,8.55,0,0,0.0205,0.9815,0
1,0.2107,37.47,0,0,0.011,0.8721,0
1,0.2041,50.48,0,0,0.1535,0.8555,0
14,0.7464,2017.09,1,1,0.7239,0.0964,1
0,0.0531,81.73,0,0,0.1218,0.7042,0
0,0.1281,13.3,0,0,0.2957,0.8666,0
1,0.2321,13.95,0,0,0.2488,0.8621,0
0,0.0331,45.01,0,0,0.1109,0.9022,0
1,0.0741,22.38,0,0,0.1412,0.9138,0
0,0.0126,9.02,0,0,0.4126,0.8846,0
0,0.0873,9.55,0,0,0.1082,0.9582,0
8,0.6925,225.59,0,0,0.6256,0.464,1
1,0.1857,3.44,0,0,0.1274,0.9329,0
0,0.0414,58.15,0,0,0.0532,0.8054,0
0,0.0372,46.1,0,0,0.2464,0.7137,0
0,0.1125,26.82,0,0,0.0481,0.9901,0
0,0.0479,6.36,0,1,0.0241,0.7779,0
1,0.0954,6.19,0,0,0.0787,0.8605,0
0,0.0076,30.8,0,0,0.3619,0.7844,0
3,0.0711,34.73,0,0,0.0331,0.8951,0
1,0.1552,32.49,0,0,0.2263,0.9525,0
0,0.0847,16.75,0,1,0.2002,0.9273,0
1,0.1406,37.33,0,0,0.2356,0.7919,0
0,0.5365,1.66,0,0,0.1881,0.9798,0
1,0.0954,25.63,0,0,0.0949,0.7551,0
0,0.1802,2.88,0,0,0.0612,0.7671,0
0,0.1802,20.78,0,0,0.211,0.6599,0
0,0.0108,40.36,0,0,0.3979,0.8496,0
3,0.0472,13.63,0,0,0.1194,0.9421,0
0,0.084,24.07,0,0,0.0731,0.9072,0
0,0.1768,52.52,0,0,0.3781,0.762,0
0,0.1472,12.21,0,0,0.1411,0.881,0
0,0.1337,39.42,0,0,0.0208,0.8897,0
0,0.1158,76.18,0,0,0.0384,0.7303,0
0,0.0276,27.08,0,0,0.1026,0.8625,0
0,0.3637,44.72,0,0,0.0478,0.857,0
0,0.2207,10.75,0,0,0.0588,0.8262,0
0,0.0344,23.78,0,0,0.3293,0.7338,0
1,0.0629,9.57,0,0,0.1597,0.9168,0
0,0.1506,47.22,0,0,0.2563,0.9199,0
0,0.1028,18.4,0,0,0.1532,0.8371,0
1,0.082,7.47,0,0,0.052,0.9952,0
0,0.0617,69.38,0,0,0.3677,0.7371,0
0,0.1304,0.01,0,0,0.0552,0.8016,0
2,0.2912,10.14,0,0,0.1439,0.4482,0
0,0.1957,35.49,1,0,0.0884,0.7734,0
0,0.1733,115.14,0,0,0.1626,0.8557,0
0,0.1433,3.17,0,0,0.078,0.923,0
0,0.0145,21.8,0,0,0.0778,0.878,0
1,0.1062,54.94,0,0,0.144,0.9043,0
9,0.5724,1886.99,1,0,0.9309,0.2255,1
6,0.7938,3225.27,1,0,0.6237,0.0731,1
1,0.0578,6.8,0,0,0.3156,0.8961,0
1,0.0116,30.4,0,0,0.0881,0.8001,0
1,0.2193,14.86,0,1,0.3844,0.6838,0
0,0.0232,12.16,0,0,0.0273,0.9211,0
0,0.0624,9.89,0,0,0.0307,0.4142,0
0,0.1923,3.33,0,0,0.1939,0.952,0
0,0.0393,83.94,0,0,0.0553,0.9999,0
1,0.0307,65.54,0,0,0.2163,0.9413,0
1,0.1828,39.15,0,0,0.0865,0.9349,0
0,0.1889,1.66,0,0,0.06,0.9767,0
3,0.1221,14.99,0,0,0.1071,0.8369,0
0,0.142,24.6,0,0,0.1751,0.9238,0
1,0.0653,1.14,0,0,0.0178,0.6961,0
0,0.1511,16.36,0,0,0.0536,0.8709,0
0,0.205,9.65,0,0,0.2016,0.9498,0
0,0.146,18.58,0,0,0.0078,0.9356,0
0,0.1224,37.59,0,0,0.1393,0.9038,0
0,0.0428,18.58,0,0,0.2556,0.8519,0
0,0.0235,19.08,0,0,0.0785,0.6768,0
8,0.8105,1312.74,0,0,0.576,0.0378,1
1,0.078,48.34,0,0,0.0924,0.9245,0
0,0.1115,39.24,0,0,0.4202,0.8655,0
0,0.0293,90.01,0,0,0.3001,0.808,0
32,0.6236,1448.45,1,1,0.8891,0.0428,1
0,0.174,51.23,0,0,0.384,0.6329,0
1,0.1292,21.86,0,0,0.1644,0.7285,0
0,0.0345,114.21,0,0,0.232,0.9057,0
1,0.0085,22.26,0,0,0.3065,0.8778,0
1,0.0688,54.83,0,0,0.1442,0.7959,0
0,0.1838,99.24,0,0,0.2611,0.8142,0
0,0.0392,20.24,0,0,0.0069,0.8702,0
0,0.3026,19.64,0,0,0.0506,0.8691,0
0,0.0089,18.58,0,0,0.0418,0.7763,0
0,0.0093,24.83,0,0,0.1148,0.9231,0
0,0.0965,16.85,1,0,0.2371,0.7633,0
1,0.2058,16.01,0,0,0.0569,0.7161,0
2,0.7477,35.81,1,1,0.8301,0.2495,1
1,0.0739,31.29,0,0,0.0637,0.8097,0
0,0.019,1.24,0,0,0.3635,0.6314,0
10,0.9634,2782.59,1,1,0.8704,0.0214,1
0,0.2531,5.0,0,0,0.0677,0.8723,0
9,0.8712,2.7,0,1,0.7863,0.3624,1
0,0.2229,22.74,0,0,0.188,0.9625,0
0,0.1369,18.23,0,0,0.2877,0.6564,0
1,0.202,14.84,0,0,0.12,0.9698,0
10,0.6754,2864.53,0,1,0.2266,0.5617,1
6,0.95,2587.62,1,0,0.8606,0.1721,1
0,0.0144,12.39,0,0,0.2158,0.7579,0
2,0.0375,67.56,0,0,0.4757,0.9288,0
7,0.7492,5.4,1,1,0.8695,0.1713,1
0,0.1189,86.19,0,0,0.4202,0.8989,0
12,0.5644,3460.98,0,0,0.7372,0.2844,1
1,0.2757,0.42,0,0,0.0173,0.9969,0
0,0.2119,13.36,0,0,0.36,0.9661,0
1,0.1374,1.71,0,0,0.2431,0.8925,0
2,0.2322,30.24,0,0,0.21,0.6481,0
0,0.1404,11.13,0,0,0.322,0.9583,0
0,0.3063,4.21,0,0,0.0761,0.9698,0
6,0.8946,11.29,1,0,0.9115,0.1043,1
0,0.138,44.23,0,0,0.0017,0.9313,0
0,0.1731,14.4,0,0,0.0724,0.5668,0
1,0.0646,7.56,0,0,0.0311,0.7426,0
0,0.2128,34.8,0,0,0.1433,0.8544,0
1,0.0037,15.13,0,0,0.1819,0.8796,0
10,0.7074,2360.02,1,1,0.7028,0.1117,1
0,0.1063,7.82,0,0,0.0137,0.9655,0
1,0.1477,0.09,0,0,0.073,0.9257,0
0,0.1583,46.79,0,0,0.0287,0.9882,0
0,0.0389,37.72,0,0,0.0822,0.6215,0
7,0.6455,2285.32,1,1,0.9274,0.0475,1
0,0.0367,18.81,0,0,0.0613,0.9045,0
0,0.0747,53.09,0,0,0.0564,0.8991,0
0,0.0654,55.4,0,0,0.095,0.7268,0
7,0.8921,1177.09,1,1,0.6056,0.0566,1
1,0.2609,46.32,0,0,0.0286,0.8643,0
10,0.8575,1589.38,1,0,0.262,0.1074,1
1,0.0708,8.15,0,0,0.1637,0.6212,0
1,0.0113,14.21,0,0,0.2134,0.8386,0
0,0.0184,12.52,0,0,0.0385,0.8995,0
1,0.1491,4.56,0,0,0.1432,0.8766,0
9,0.8387,2936.42,1,1,0.8276,0.4746,1
2,0.6083,62.12,1,1,0.7151,0.6635,1
1,0.1774,69.72,0,0,0.0502,0.7603,0
0,0.29,36.37,0,0,0.0261,0.9378,0
1,0.1013,115.03,0,0,0.0223,0.7242,0
8,0.6722,3382.33,1,0,0.4156,0.04,1
1,0.147,12.16,0,0,0.3324,0.8217,0
7,0.737,3028.07,1,0,0.5719,0.1303,1
1,0.2332,10.5,0,0,0.3111,0.9978,0
1,0.0214,3.52,0,0,0.014,0.8808,0
1,0.0224,3.89,0,0,0.1646,0.4896,0
2,0.0346,29.83,0,0,0.0995,0.8836,0
13,0.7627,1894.39,1,1,0.762,0.0117,1
2,0.1284,21.43,0,0,0.3546,0.6943,0
0,0.0621,29.24,0,0,0.3602,0.6802,0
0,0.0904,31.98,0,0,0.1678,0.875,0
0,0.1201,24.51,0,0,0.0507,0.8156,0
0,0.1051,29.63,0,0,0.1402,0.9466,0
0,0.1211,29.13,0,1,0.0551,0.6907,0
2,0.149,16.21,0,0,0.0511,0.9161,0
0,0.0807,13.31,0,0,0.105,0.8581,0
0,0.3664,146.13,0,0,0.0597,0.9415,0
0,0.0767,73.55,0,0,0.0002,0.735,0
0,0.2873,3.33,0,0,0.4327,0.9746,0
0,0.0237,16.38,0,0,0.1155,0.8241,0
0,0.0361,6.31,0,0,0.084,0.777,0
0,0.1851,90.9,0,0,0.0568,0.6481,0
0,0.1226,59.9,0,0,0.1624,0.8449,0
1,0.0273,32.63,0,0,0.1178,0.5782,0
2,0.0878,64.5,0,0,0.2895,0.9752,0
1,0.0405,90.95,0,0,0.2301,0.9404,0
7,0.8295,970.76,0,0,0.6537,0.1642,1
0,0.0604,19.93,0,0,0.3056,0.9185,0
0,0.0305,23.8,0,0,0.0452,0.8675,0
0,0.4356,151.14,0,0,0.0937,0.9457,0
0,0.0504,56.94,0,0,0.096,0.761,0
1,0.0908,4.1,0,0,0.2499,0.5278,0
0,0.095,3.1,0,0,0.1142,0.6053,0
12,0.8317,1536.97,1,1,0.7275,0.1853,1
0,0.1761,44.69,0,0,0.5441,0.9317,0
3,0.0594,4.25,0,0,0.1348,0.9917,0
0,0.053,2.38,0,0,0.0235,0.8618,0
1,0.134,26.35,0,0,0.1312,0.7029,0
1,0.0922,18.27,0,0,0.1055,0.7787,0
0,0.1338,49.38,0,0,0.0112,0.7658,0
0,0.0582,9.63,0,0,0.047,0.9637,0
0,0.1019,48.3,0,0,0.3042,0.8391,0
0,0.0865,1.18,0,0,0.0031,0.8824,0
0,0.0496,41.74,0,0,0.01,0.9697,0
0,0.1314,24.77,0,0,0.1157,0.9774,0
0,0.0155,42.34,0,0,0.0607,0.8616,0
23,0.5291,1909.36,1,0,0.7699,0.1868,1
0,0.1303,8.25,0,0,0.0864,0.8249,0
1,0.0854,74.65,0,0,0.3356,0.8198,0
0,0.0552,61.45,0,0,0.2368,0.8701,0
0,0.0187,189.42,0,0,0.0288,0.7881,0
0,0.3447,26.6,0,0,0.1031,0.8381,0
19,0.9711,129.31,1,0,0.3167,0.2138,1
0,0.1113,10.05,0,0,0.1142,0.8781,0
0,0.0641,31.24,0,0,0.0606,0.7988,0
0,0.0349,85.21,0,0,0.0485,0.9807,0
0,0.0249,72.62,0,0,0.3273,0.8896,0
0,0.0189,100.3,0,0,0.2348,0.9672,0
0,0.1478,42.85,0,0,0.0409,0.8908,0
1,0.1226,0.94,0,0,0.04,0.7642,0
13,0.5853,93.52,1,0,0.5366,0.2803,1
0,0.1144,5.14,0,0,0.1227,0.9792,0
0,0.1219,23.97,0,0,0.0811,0.7947,0
5,0.8423,15.3,1,1,0.8817,0.0436,1
0,0.0856,198.77,0,0,0.1496,0.8514,0
12,0.5567,2936.26,1,0,0.8487,0.0366,1
0,0.0466,69.01,0,0,0.2543,0.9092,0
1,0.1335,17.36,0,0,0.143,0.8322,0
2,0.1558,32.63,0,0,0.0948,0.8859,0
12,0.7728,2140.18,0,1,0.7113,0.0432,1
0,0.2354,47.48,0,0,0.2259,0.6338,0
10,0.9136,2008.12,1,1,0.6835,0.0586,1
0,0.0572,53.06,0,0,0.1867,0.9021,0
0,0.1814,0.47,0,0,0.4378,0.9334,0
13,0.7445,2056.8,0,0,0.7843,0.1344,1
1,0.234,59.48,0,0,0.05,0.6624,0
0,0.1798,11.34,0,0,0.1476,0.9065,0
1,0.0289,33.84,0,0,0.0579,0.7584,0
0,0.0036,23.89,0,0,0.1551,0.8633,0
1,0.1639,4.68,0,0,0.4518,0.8503,0
0,0.1675,10.48,0,0,0.337,0.9837,0
1,0.0218,10.0,0,0,0.4018,0.7532,0
0,0.0199,29.93,0,0,0.5431,0.9618,0
0,0.0455,81.05,0,0,0.2601,0.9898,0
0,0.3288,46.37,0,0,0.1099,0.9433,0
0,0.0312,114.96,0,0,0.2889,0.9033,0
0,0.0644,8.17,0,0,0.0336,0.8672,0
0,0.1922,3.89,0,0,0.2589,0.6574,0
1,0.2579,32.51,0,0,0.1797,0.7426,0
9,0.9164,2564.58,0,0,0.875,0.0912,1
3,0.6032,2568.5,0,1,0.6983,0.1827,1
0,0.057,15.37,0,0,0.1032,0.5987,0
0,0.1146,29.79,0,0,0.0525,0.945,0
0,0.2264,8.91,0,0,0.074,0.8333,0
11,0.7253,1527.74,0,1,0.8279,0.1891,1
15,0.8211,2037.58,1,0,0.7543,0.1165,1
0,0.0773,36.01,0,0,0.1695,0.8949,0
0,0.1278,175.68,0,0,0.0756,0.7853,0
1,0.2441,20.79,0,0,0.049,0.7445,0
0,0.013,41.8,0,0,0.4353,0.8645,0
1,0.1784,5.56,0,0,0.0464,0.9096,0
1,0.0269,78.21,0,0,0.1328,0.7966,0
3,0.8254,2339.77,0,1,0.6866,0.1364,1
0,0.1166,17.3,0,0,0.1457,0.9187,0
1,0.0017,11.65,0,0,0.0117,0.9702,0
0,0.0986,16.53,0,0,0.0803,0.5201,0
0,0.0566,6.5,0,0,0.2688,0.914,0
0,0.1042,1.76,0,0,0.0773,0.8793,0
0,0.0293,55.31,0,0,0.2661,0.7292,0
1,0.267,25.82,0,0,0.1048,0.9018,0
1,0.1937,18.8,0,0,0.2692,0.8548,0
1,0.1527,51.38,0,0,0.0876,0.9501,0
1,0.0142,32.29,0,0,0.2905,0.6996,0
0,0.1777,56.34,0,0,0.3518,0.676,0
1,0.0911,16.11,0,0,0.0186,0.8077,0
2,0.046,45.29,0,0,0.2459,0.5207,0
13,0.6047,44.1,0,0,0.7623,0.4411,1
9,0.7482,2053.79,1,0,0.8407,0.1685,1
9,0.4897,2480.67,1,1,0.6911,0.0973,1
0,0.0712,1.1,0,0,0.1627,0.787,0
1,0.057,44.18,0,0,0.0064,0.8673,0
9,0.8042,19.51,0,0,0.8004,0.1596,1
0,0.0235,20.07,0,0,0.0368,0.8191,0
0,0.1285,61.2,0,0,0.231,0.8778,0
1,0.0396,16.54,0,0,0.0968,0.9425,0
0,0.0225,65.24,0,0,0.1594,0.876,0
10,0.6722,1898.03,1,0,0.5484,0.3051,1
1,0.1929,103.68,0,0,0.3211,0.861,0
0,0.3338,16.76,0,0,0.2071,0.926,0
1,0.0684,38.27,0,0,0.1199,0.93,0
0,0.1134,19.53,0,0,0.0551,0.5601,0
1,0.0841,3.5,0,0,0.5837,0.8532,0
0,0.0189,51.92,0,0,0.2123,0.8379,0
0,0.1124,37.95,0,0,0.1414,0.96,0
5,0.9415,2585.68,1,0,0.5427,0.1871,1
0,0.1516,33.54,0,0,0.2147,0.8944,0
1,0.2706,14.96,1,0,0.0482,0.7448,0
0,0.0515,16.22,0,0,0.3919,0.7821,0
0,0.2204,10.72,0,0,0.0023,0.4078,0
6,0.5247,3447.86,1,1,0.8383,0.2855,1
10,0.4908,69.19,1,0,0.5551,0.1313,1
0,0.1974,15.3,0,0,0.139,0.9341,0
0,0.165,2.52,0,0,0.2366,0.628,0
0,0.2496,23.74,0,0,0.0269,0.9749,0
0,0.0392,50.64,0,0,0.0835,0.6008,0
0,0.0577,100.03,0,0,0.7538,0.7618,0
6,0.8793,2904.02,1,1,0.4901,0.096,1
2,0.1223,56.97,0,0,0.2607,0.893,0
8,0.859,23.36,0,1,0.5513,0.1113,1
1,0.1129,2.04,0,0,0.0511,0.9359,0
0,0.0941,47.48,0,0,0.0934,0.9468,0
1,0.4373,49.2,0,0,0.1857,0.8866,0
2,0.2765,2.6,0,0,0.2713,0.9482,0
1,0.1213,1.12,0,0,0.1988,0.7225,0
0,0.0398,117.64,0,0,0.0943,0.91,0
1,0.0438,79.91,0,0,0.1644,0.8154,0
6,0.7797,1752.86,1,0,0.4091,0.3035,1
0,0.3413,29.48,0,1,0.1638,0.9422,0
0,0.0726,89.14,0,0,0.0769,0.8817,0
0,0.2654,21.38,0,0,0.1976,0.9105,0
0,0.1284,20.9,0,0,0.2909,0.5628,0
0,0.0996,16.18,0,0,0.0938,0.9277,0
19,0.4534,2095.76,1,1,0.8063,0.012,1
0,0.061,42.58,0,0,0.0856,0.8648,0
0,0.1799,6.15,0,0,0.0609,0.8409,0
2,0.1309,16.79,0,0,0.1132,0.8162,0
0,0.0493,22.63,0,0,0.162,0.982,0
0,0.2061,15.81,0,0,0.0615,0.9384,0
0,0.0205,55.78,0,0,0.1919,0.9713,0
0,0.1069,43.71,0,0,0.0835,0.8939,0
1,0.1051,14.15,0,0,0.0081,0.9706,0
0,0.0928,7.06,0,0,0.0445,0.8712,0
0,0.0947,27.14,0,0,0.105,0.7864,0
0,0.3956,43.6,0,0,0.2587,0.8708,0
1,0.0781,10.65,0,0,0.2992,0.7495,0
0,0.069,8.33,0,0,0.0162,0.9301,0
0,0.1237,34.32,0,0,0.4537,0.8682,0
0,0.2718,28.56,0,0,0.0603,0.8994,0
0,0.093,22.31,0,1,0.4167,0.636,0
1,0.2179,47.53,0,0,0.0584,0.8117,0
0,0.0555,1.23,0,0,0.0928,0.8959,0
0,0.1633,32.69,0,0,0.1622,0.9458,0
0,0.0589,58.83,0,0,0.2224,0.6744,0
0,0.1596,84.91,0,0,0.1304,0.954,0
1,0.1528,43.38,0,0,0.0332,0.5825,0
0,0.0827,2.45,0,0,0.1104,0.9216,0
2,0.0594,64.23,0,0,0.0102,0.8658,0
9,0.6533,15.93,1,1,0.7364,0.1125,1
0,0.0385,2.48,0,0,0.3435,0.941,0
0,0.0636,58.46,0,0,0.1935,0.9249,0
0,0.0269,17.07,0,0,0.0515,0.7009,0
0,0.028,87.09,0,0,0.5212,0.8908,0
0,0.2099,23.2,0,0,0.0146,0.759,0
0,0.2076,49.07,0,0,0.1553,0.9783,0
0,0.1071,18.45,0,0,0.3321,0.9783,0
0,0.2711,27.43,0,0,0.0437,0.8332,0
6,0.6374,2230.7,0,0,0.35,0.0281,1
0,0.1524,41.61,0,0,0.0223,0.9396,0
0,0.1697,45.03,0,0,0.2338,0.4765,0
0,0.1144,41.8,0,0,0.1566,0.9078,0
2,0.2712,18.66,0,0,0.1662,0.8982,0
0,0.037,13.68,0,0,0.4568,0.9365,0
0,0.0635,60.02,0,0,0.0477,0.7002,0
0,0.295,19.03,0,0,0.1785,0.7381,0
0,0.0966,24.63,0,0,0.3862,0.7788,0
0,0.1547,21.93,0,0,0.4558,0.7986,0
1,0.0336,4.92,0,0,0.183,0.8142,0
0,0.2939,31.86,0,0,0.0653,0.9496,0
0,0.0981,62.24,0,0,0.1604,0.7981,0
6,0.8216,2945.99,1,1,0.7658,0.2692,1
0,0.0747,54.45,0,0,0.0637,0.8052,0
0,0.2466,35.13,0,0,0.1753,0.8994,0
0,0.0907,52.35,0,0,0.0655,0.8845,0
1,0.056,1.42,0,0,0.3169,0.9558,0
0,0.0722,6.95,0,0,0.0922,0.4604,0
14,0.9685,1423.21,1,0,0.7412,0.403,1
10,0.7445,43.55,1,1,0.5677,0.1522,1
0,0.0421,41.56,0,0,0.1759,0.6344,0
0,0.0495,72.65,0,0,0.0509,0.792,0
0,0.0618,81.12,0,0,0.032,0.8511,0
0,0.02,16.23,0,0,0.1402,0.9425,0
1,0.1183,30.12,0,0,0.0751,0.7666,0
9,0.7477,72.19,1,0,0.7608,0.2106,1
0,0.0359,71.05,0,0,0.1535,0.9933,0
1,0.0686,4.88,0,0,0.1774,0.9604,0
11,0.716,2667.78,0,0,0.8853,0.0302,1
1,0.0883,6.91,0,0,0.4736,0.8737,0
0,0.0504,132.19,0,0,0.1545,0.9434,0
1,0.1077,68.5,0,0,0.3161,0.7017,0
0,0.1084,8.24,0,0,0.1554,0.9398,0
0,0.1268,37.09,0,0,0.0382,0.9293,0
1,0.2535,113.8,0,0,0.1129,0.8916,0
0,0.0969,22.98,0,0,0.0557,0.9735,0
0,0.0785,34.11,0,0,0.0451,0.9425,0
0,0.0651,21.08,0,0,0.189,0.9316,0
1,0.028,39.81,0,0,0.0789,0.6269,0
0,0.0753,51.66,0,0,0.1205,0.7178,0
0,0.0567,69.21,0,0,0.4443,0.8987,0
0,0.0365,18.86,0,0,0.0799,0.8603,0
1,0.2037,7.1,0,0,0.0525,0.8653,0
1,0.1101,6.83,0,0,0.0311,0.5869,0
1,0.0942,15.66,0,0,0.2016,0.8134,0
5,0.6833,3279.93,1,1,0.7889,0.0934,1
0,0.0629,11.65,0,1,0.1149,0.8011,0
0,0.1029,54.15,0,0,0.0309,0.5797,0
0,0.0528,23.23,0,0,0.07,0.8483,0
0,0.0257,12.69,0,0,0.1802,0.8618,0
0,0.065,2.06,0,0,0.1347,0.8713,0
0,0.1882,29.12,0,0,0.0787,0.8791,0
1,0.1689,71.99,0,0,0.1141,0.6576,0
0,0.167,84.97,0,0,0.1789,0.9284,0
0,0.1527,14.08,0,0,0.0135,0.8019,0
0,0.0404,4.71,0,0,0.1453,0.9472,0
0,0.0331,41.77,0,0,0.1276,0.9883,0
0,0.167,6.07,0,0,0.2479,0.9745,0
0,0.0735,34.53,0,0,0.0662,0.8413,0
1,0.023,12.14,0,1,0.0627,0.7403,0
0,0.1986,8.36,0,0,0.1829,0.9475,0
9,0.799,1172.15,1,1,0.6925,0.1057,1
0,0.1593,11.4,0,0,0.5774,0.8464,0
0,0.2325,1.19,0,0,0.0414,0.7105,0
0,0.006,53.9,0,0,0.2828,0.9027,0
6,0.7876,66.45,1,1,0.4571,0.03,1
16,0.7946,3411.99,1,1,0.7926,0.1359,1
1,0.1133,17.42,0,0,0.1857,0.7731,0
0,0.1201,41.38,0,0,0.0473,0.7103,0
0,0.1905,4.3,0,1,0.2915,0.8022,0
0,0.1082,7.55,0,0,0.143,0.7221,0
0,0.1624,83.53,0,0,0.4259,0.8363,0
0,0.024,12.31,0,0,0.0461,0.984,0
0,0.2898,40.25,0,0,0.015,0.8939,0
18,0.6121,1615.4,0,0,0.319,0.0946,1
0,0.047,6.53,0,0,0.1168,0.8256,0
0,0.1933,26.76,0,0,0.0964,0.7204,0
2,0.1233,12.61,0,0,0.1254,0.8304,0
0,0.0173,91.19,0,0,0.0512,0.8294,0
0,0.043,54.67,0,0,0.0743,0.685,0
1,0.0359,19.55,0,0,0.2698,0.9399,0
1,0.2538,52.01,0,1,0.0932,0.784,0
0,0.0613,3.6,0,0,0.0799,0.7552,0
10,0.8078,3067.96,0,0,0.7425,0.3228,1
0,0.0854,12.35,0,0,0.1194,0.9721,0
2,0.1259,68.69,1,0,0.032,0.7802,0
0,0.1142,15.95,0,0,0.0619,0.99,0
0,0.0777,5.84,0,0,0.032,0.968,0
2,0.1032,25.08,0,0,0.0376,0.6934,0
0,0.051,48.66,0,1,0.0463,0.8284,0
0,0.0805,30.85,0,0,0.0902,0.8782,0
2,0.0965,37.86,0,0,0.1451,0.9384,0
0,0.0749,3.07,0,0,0.0378,0.824,0
0,0.1841,0.19,0,0,0.0846,0.666,0
0,0.4518,32.41,0,0,0.1317,0.9738,0
1,0.0396,2.43,0,0,0.0791,0.931,0
0,0.0157,2.3,0,0,0.1142,0.8395,0
1,0.1449,8.77,0,0,0.1293,0.4908,0
0,0.0426,9.63,0,0,0.1602,0.9964,0
0,0.1297,46.32,0,0,0.1009,0.8575,0
0,0.0847,20.88,0,0,0.1099,0.916,0
10,0.8722,2160.96,1,0,0.8861,0.4562,1
0,0.0361,11.72,0,1,0.0901,0.9465,0
0,0.0134,1.38,0,0,0.1285,0.6523,0
1,0.178,12.48,0,0,0.0262,0.8369,0
1,0.2023,95.17,0,0,0.2605,0.8502,0
0,0.0322,55.69,0,0,0.0008,0.983,0
1,0.0053,14.72,0,0,0.2328,0.5707,0
0,0.083,8.46,0,0,0.2131,0.9177,0
8,0.8757,1797.29,1,0,0.6267,0.1037,1
19,0.8937,3117.43,0,1,0.7406,0.1395,1
1,0.0758,17.78,0,0,0.1311,0.8704,0
2,0.1423,144.23,0,0,0.0963,0.9583,0
0,0.1519,24.53,0,0,0.3587,0.7182,0
0,0.2519,34.05,0,1,0.3747,0.7902,0
0,0.0417,89.11,0,0,0.106,0.8663,0
0,0.0105,67.19,0,0,0.0671,0.8106,0
0,0.2332,54.84,0,1,0.026,0.9632,0
0,0.0982,47.56,0,0,0.0435,0.8379,0
0,0.3369,23.46,0,1,0.1173,0.7745,0
0,0.1917,35.98,1,0,0.4116,0.7618,0
0,0.147,18.49,0,0,0.2281,0.9623,0
1,0.1968,1.05,0,0,0.0033,0.9165,0
0,0.1016,0.49,0,0,0.3659,0.3741,0
0,0.1666,14.1,0,0,0.2954,0.7549,0
1,0.1145,80.94,0,0,0.311,0.9626,0
0,0.0956,54.74,0,0,0.0308,0.9084,0
0,0.0305,26.55,0,0,0.3476,0.9556,0
10,0.7945,187.86,1,0,0.6807,0.0411,1
0,0.0233,36.76,0,1,0.1117,0.8233,0
0,0.268,4.2,0,0,0.0448,0.8896,0
3,0.7067,16.13,1,1,0.5973,0.1807,1
0,0.3601,11.5,0,0,0.0619,0.9246,0
18,0.5417,3139.28,1,1,0.9311,0.1352,1
1,0.1089,85.44,0,0,0.1449,0.9798,0
11,0.8257,22.52,1,1,0.5894,0.1152,1
0,0.1278,51.73,0,0,0.0953,0.8819,0
0,0.0788,53.75,0,0,0.201,0.6212,0
1,0.0409,129.05,0,0,0.0594,0.9538,0
9,0.8129,1749.75,0,0,0.3417,0.2975,1
0,0.1728,30.16,0,0,0.0954,0.9191,0
2,0.0656,27.47,0,0,0.3255,0.9183,0
0,0.0323,88.2,0,0,0.2729,0.6782,0
0,0.0071,54.51,0,0,0.1173,0.7474,0
0,0.1452,98.74,0,0,0.2516,0.8208,0
1,0.161,6.48,0,0,0.0837,0.8257,0
6,0.7886,1245.67,1,1,0.8202,0.0706,1
3,0.0427,2.04,0,0,0.0993,0.9742,0
10,0.8893,36.01,1,1,0.7315,0.3185,1
1,0.1013,72.73,0,0,0.1158,0.8695,0
0,0.1316,65.59,0,0,0.1046,0.7912,0
1,0.1452,13.85,0,0,0.0519,0.9205,0
0,0.1576,4.71,0,0,0.054,0.8722,0
0,0.1111,37.92,0,0,0.0452,0.8614,0
0,0.1255,6.19,0,0,0.0369,0.8803,0
2,0.1007,170.21,0,0,0.0135,0.9797,0
0,0.0397,13.22,0,0,0.6476,0.8624,0
0,0.099,18.69,0,0,0.3155,0.8379,0
0,0.0191,52.47,0,0,0.3443,0.9175,0
3,0.8559,2368.48,1,0,0.7407,0.1328,1
0,0.0777,0.31,0,0,0.0826,0.9006,0
11,0.7795,89.28,0,1,0.8794,0.1008,1
16,0.7889,8.72,0,0,0.5816,0.1684,1
0,0.0815,27.58,0,0,0.1009,0.6918,0
0,0.1032,92.38,0,0,0.0831,0.5141,0
1,0.0518,54.29,0,0,0.1619,0.9752,0
10,0.7919,1227.68,1,0,0.7705,0.0944,1
1,0.1982,0.67,0,0,0.1338,0.9388,0
0,0.1904,18.66,0,0,0.0471,0.882,0
0,0.0262,17.37,0,0,0.0623,0.9331,0
0,0.2405,13.43,0,0,0.0084,0.949,0
0,0.0617,34.97,0,0,0.5276,0.9118,0
1,0.0917,19.6,0,1,0.1928,0.9136,0
1,0.1082,15.29,0,0,0.21,0.9179,0
1,0.058,24.81,0,0,0.2637,0.8853,0
0,0.3507,28.74,0,0,0.265,0.8719,0
0,0.018,114.66,0,0,0.2054,0.8862,0
1,0.0128,0.58,0,0,0.0326,0.9329,0
1,0.1096,5.19,0,0,0.2601,0.7455,0
2,0.141,11.9,0,0,0.1629,0.8884,0
0,0.1322,66.41,0,0,0.435,0.857,0
0,0.0921,4.3,0,1,0.4942,0.6523,0
1,0.1226,30.85,0,0,0.1381,0.8013,0
0,0.0983,16.04,0,0,0.0978,0.6687,0
0,0.1963,4.31,0,0,0.4336,0.3594,0
1,0.1199,22.11,0,0,0.0436,0.7171,0
0,0.1644,25.08,0,0,0.0541,0.8232,0
0,0.175,3.84,0,0,0.119,0.8759,0
0,0.1298,60.2,0,1,0.0339,0.5308,0
2,0.1053,55.27,1,0,0.3732,0.6094,0
1,0.021,93.51,0,0,0.0234,0.8439,0
0,0.0158,38.43,0,0,0.0281,0.7312,0
0,0.1014,11.3,0,0,0.26,0.8087,0
0,0.0839,23.6,0,0,0.0091,0.7842,0
2,0.2802,6.47,0,0,0.0577,0.9174,0
0,0.1021,40.93,0,0,0.1778,0.7915,0
0,0.0826,5.83,0,0,0.1974,0.948,0
2,0.1605,54.33,0,0,0.1646,0.9057,0
0,0.0486,40.65,0,0,0.0602,0.935,0
0,0.2779,1.19,0,0,0.043,0.8472,0
0,0.0612,19.54,0,0,0.16,0.809,0
0,0.0483,2.37,0,0,0.0918,0.7927,0
0,0.0254,12.82,0,0,0.2845,0.9776,0
0,0.0717,8.02,0,0,0.5416,0.8571,0
6,0.803,1963.0,1,0,0.9069,0.204,1
0,0.2139,4.34,0,0,0.1059,0.7998,0
6,0.862,1277.9,1,1,0.3621,0.3446,1
1,0.0653,14.97,0,0,0.2399,0.8953,0
1,0.1756,1.32,0,0,0.182,0.6084,0
2,0.0207,78.28,0,0,0.0781,0.8005,0
1,0.0477,42.22,0,0,0.0496,0.9169,0
1,0.0213,55.53,0,1,0.046,0.7744,0
1,0.049,177.0,0,0,0.3706,0.9588,0
0,0.086,21.67,0,0,0.2881,0.9396,0
0,0.0985,22.41,0,0,0.0479,0.8271,0
8,0.7459,197.68,1,1,0.5682,0.4226,1
0,0.0928,12.3,0,0,0.0273,0.5878,0
0,0.0543,22.36,0,0,0.0698,0.8949,0
0,0.0191,23.96,0,0,0.0728,0.8148,0
0,0.1694,36.69,0,0,0.1718,0.6453,0
0,0.0112,16.83,0,0,0.1706,0.9929,0
0,0.2099,21.3,0,0,0.1926,0.8854,0
0,0.212,12.14,0,0,0.0244,0.82,0
0,0.0465,124.47,0,0,0.3147,0.6616,0
1,0.1397,3.92,0,0,0.0032,0.9543,0
0,0.0436,10.61,0,0,0.0626,0.8203,0
4,0.3269,74.98,1,0,0.7816,0.2471,1
0,0.0659,31.63,0,0,0.1524,0.9745,0
0,0.1159,12.75,0,0,0.0395,0.7527,0
0,0.0697,41.54,0,0,0.4469,0.8863,0
0,0.0515,25.81,0,0,0.0886,0.878,0
0,0.0833,10.14,0,0,0.0076,0.9536,0
1,0.0553,35.79,0,0,0.2699,0.9298,0
1,0.1316,7.36,0,0,0.2759,0.9427,0
2,0.1029,10.21,0,0,0.1602,0.9062,0
14,0.8959,21.44,1,0,0.6783,0.5246,1
1,0.1435,81.79,0,0,0.1501,0.602,0
1,0.0391,8.74,0,0,0.4428,0.9654,0
0,0.0256,13.08,0,0,0.2027,0.8148,0
1,0.1092,11.89,1,0,0.2477,0.8643,0
9,0.8776,2874.17,0,1,0.5722,0.021,1
0,0.2132,11.6,0,0,0.2935,0.8612,0
1,0.2641,50.8,0,0,0.3705,0.8099,0
1,0.2024,19.19,0,0,0.2188,0.6235,0
8,0.8298,1434.33,1,0,0.4067,0.0458,1
0,0.2691,23.99,0,0,0.4988,0.9203,0
0,0.1194,3.2,0,0,0.1777,0.8652,0
0,0.0204,61.96,0,0,0.1005,0.6787,0
0,0.209,36.8,0,0,0.0663,0.6503,0
0,0.1396,40.02,0,0,0.0268,0.8783,0
0,0.0773,35.75,0,0,0.1495,0.7518,0
6,0.529,9.28,1,0,0.806,0.2239,1
1,0.0305,51.36,0,0,0.0381,0.9633,0
0,0.1032,102.94,0,0,0.1501,0.8572,0
0,0.1006,30.17,0,0,0.4182,0.9929,0
1,0.0651,8.71,0,0,0.2218,0.865,0
0,0.0482,0.38,0,0,0.1843,0.8692,0
0,0.055,62.26,0,0,0.1314,0.8674,0
1,0.0406,10.92,0,0,0.0288,0.8663,0
0,0.1151,44.1,0,1,0.1429,0.7971,0
0,0.0412,14.26,0,0,0.1931,0.9195,0
11,0.8478,31.99,0,0,0.8968,0.1681,1
0,0.063,33.51,0,0,0.1091,0.8542,0
1,0.1498,53.54,0,0,0.1187,0.8213,0
0,0.0923,84.27,0,0,0.0751,0.9636,0
9,0.8917,3216.18,1,1,0.7814,0.4584,1
0,0.0816,26.33,0,0,0.0818,0.9145,0
14,0.5524,3142.58,1,1,0.4826,0.3759,1
0,0.0533,10.35,0,0,0.2785,0.8253,0
13,0.9757,10.37,1,0,0.7162,0.4413,1
0,0.1228,27.72,0,0,0.1305,0.723,0
11,0.6554,1220.42,1,1,0.8909,0.0416,1
0,0.1077,66.72,0,0,0.1174,0.6196,0
1,0.0845,6.06,0,0,0.0181,0.9811,0
0,0.0621,65.98,0,0,0.19,0.8529,0
0,0.008,7.92,0,0,0.0271,0.7587,0
0,0.067,10.22,0,0,0.0648,0.7195,0
0,0.1163,1.15,0,0,0.2499,0.7343,0
0,0.1259,69.02,0,0,0.0234,0.9576,0
1,0.045,69.71,0,0,0.3568,0.7772,0
1,0.0343,26.53,0,0,0.2582,0.9491,0
0,0.0359,12.61,0,0,0.0041,0.6053,0
0,0.0633,85.37,0,0,0.0081,0.9073,0
14,0.6633,1430.13,1,1,0.654,0.0576,1
15,0.8724,105.65,0,1,0.8426,0.0516,1
0,0.1194,0.64,0,0,0.328,0.7774,0
0,0.1259,82.8,0,1,0.3287,0.984,0
0,0.1097,11.44,0,0,0.021,0.7159,0
0,0.284,14.67,0,0,0.0255,0.8919,0
0,0.0521,30.47,0,0,0.0958,0.88,0
0,0.0639,15.92,0,0,0.2292,0.3588,0
0,0.2815,14.83,0,0,0.105,0.8591,0
0,0.2128,26.22,0,0,0.0593,0.9351,0
0,0.2467,8.0,0,0,0.0999,0.698,0
0,0.1084,37.11,0,0,0.2854,0.7407,0
0,0.1629,2.45,0,0,0.3127,0.9827,0
0,0.2059,66.66,0,0,0.2851,0.9295,0
0,0.1003,19.46,0,0,0.1941,0.8093,0
0,0.0849,94.0,0,0,0.1502,0.8893,0
9,0.8571,16.38,0,0,0.4559,0.2352,1
0,0.1651,4.33,0,0,0.0244,0.8025,0
0,0.042,74.42,0,0,0.3539,0.8937,0
0,0.1168,4.72,0,0,0.1296,0.8039,0
0,0.011,7.44,0,0,0.247,0.7836,0
0,0.1928,9.68,0,0,0.0407,0.9297,0
0,0.0213,18.71,0,0,0.176,0.8938,0
8,0.7328,981.43,1,1,0.5834,0.2382,1
0,0.0195,8.99,0,0,0.1227,0.9357,0
6,0.5179,72.25,0,1,0.7658,0.2281,1
0,0.0129,49.46,0,0,0.0284,0.8296,0
0,0.0214,148.72,0,0,0.2003,0.9276,0
1,0.0171,31.4,0,0,0.0463,0.9047,0
0,0.032,6.32,0,0,0.2218,0.8491,0
0,0.1832,38.71,0,1,0.3415,0.8667,0
0,0.1195,31.24,0,0,0.1728,0.8257,0
0,0.107,55.62,1,0,0.1615,0.9685,0
0,0.2754,28.72,0,0,0.0071,0.6844,0
0,0.0888,10.71,0,0,0.0598,0.7164,0
0,0.0288,101.41,0,0,0.4679,0.7703,0
0,0.0438,10.97,0,0,0.0942,0.9546,0
10,0.8206,1367.08,0,1,0.3667,0.0806,1
0,0.0492,45.55,0,0,0.2161,0.909,0
0,0.1757,67.57,0,0,0.2584,0.9838,0
0,0.0619,16.21,0,0,0.2034,0.8792,0
0,0.0893,50.47,0,0,0.0258,0.835,0
13,0.4781,27.45,0,1,0.4008,0.0459,1
1,0.0914,2.53,1,0,0.3382,0.8621,0
2,0.0139,74.32,0,0,0.1362,0.9733,0
12,0.685,3376.21,0,0,0.8075,0.0637,1
0,0.1418,1.37,0,0,0.0165,0.8826,0
0,0.1277,1.36,0,0,0.5232,0.9279,0
0,0.1199,20.23,0,0,0.2542,0.8821,0
0,0.021,41.03,0,0,0.0131,0.934,0
19,0.9151,11.06,0,1,0.6175,0.3203,1
1,0.0286,53.99,0,1,0.3504,0.5574,0
8,0.7853,8.02,0,0,0.7713,0.1246,1
0,0.0711,15.51,0,0,0.2138,0.9339,0
1,0.147,10.41,0,0,0.1429,0.9448,0
1,0.1193,55.95,0,0,0.0208,0.8378,0
1,0.1111,97.0,0,0,0.3369,0.8995,0
0,0.1163,32.06,0,0,0.0095,0.7005,0
32,0.662,20.38,1,0,0.8429,0.2595,1
0,0.0347,162.18,0,0,0.2152,0.9469,0
17,0.834,34.32,1,1,0.8688,0.1355,1
0,0.069,7.45,0,0,0.408,0.8508,0
2,0.0798,34.21,0,0,0.2978,0.7518,0
0,0.1232,2.55,0,0,0.2034,0.7831,0
1,0.0908,72.35,0,0,0.6214,0.8721,0
0,0.1481,11.75,0,0,0.3052,0.8457,0
1,0.0837,4.94,0,0,0.1305,0.8454,0
0,0.0337,80.17,0,0,0.3139,0.8765,0
0,0.1925,16.83,0,0,0.0447,0.7101,0
1,0.1249,108.98,0,0,0.1089,0.9682,0
12,0.8462,70.94,1,1,0.8683,0.1535,1
0,0.2023,10.89,0,0,0.1313,0.6706,0
0,0.1734,31.7,0,0,0.2573,0.5908,0
1,0.3642,40.3,0,0,0.198,0.977,0
1,0.382,9.94,0,0,0.0181,0.5164,0
0,0.0372,45.33,0,0,0.161,0.8448,0
0,0.0812,0.21,0,0,0.4021,0.7147,0
0,0.0278,17.72,0,0,0.0459,0.9743,0
0,0.1738,82.69,0,0,0.1606,0.9793,0
1,0.1329,22.02,0,0,0.0242,0.9194,0
5,0.9491,2091.46,1,1,0.7879,0.0738,1
1,0.0936,56.44,0,0,0.2249,0.9467,0
0,0.0645,48.31,0,0,0.3988,0.9965,0
1,0.0642,12.76,0,0,0.0565,0.9,0
2,0.2422,15.97,0,0,0.6328,0.8574,0
7,0.7947,1028.63,1,1,0.9096,0.1684,1
0,0.2081,77.93,0,0,0.4004,0.9727,0
2,0.0885,45.35,0,0,0.0461,0.7724,0
1,0.0107,186.98,0,0,0.3742,0.9595,0
1,0.2346,3.53,0,0,0.5249,0.8761,0
0,0.0436,4.78,0,0,0.0008,0.6654,0
0,0.0673,34.91,0,0,0.1353,0.8814,0
0,0.0345,2.36,0,0,0.2347,0.9308,0
0,0.1808,39.79,0,1,0.0241,0.9451,0
0,0.0112,36.4,0,0,0.1047,0.7944,0
3,0.1507,90.93,0,0,0.0761,0.8712,0
0,0.0457,32.1,0,0,0.1219,0.65,0
0,0.0151,23.76,0,0,0.143,0.8439,0
0,0.0557,55.06,1,0,0.0884,0.81,0
0,0.0349,14.11,0,0,0.2165,0.9545,0
1,0.0142,15.78,0,0,0.3553,0.9715,0
2,0.1243,70.5,0,0,0.0423,0.9589,0
0,0.0452,28.79,0,0,0.1634,0.8776,0
16,0.787,20.31,1,1,0.6301,0.1355,1
1,0.2201,28.17,0,0,0.4378,0.9654,0
5,0.509,1975.26,0,1,0.3751,0.3677,1
0,0.0246,2.3,0,0,0.1514,0.9005,0
0,0.253,236.37,0,0,0.2495,0.8715,0
0,0.1351,34.98,0,0,0.0265,0.7851,0
2,0.6793,53.7,0,1,0.9216,0.1804,1
0,0.0682,258.75,0,0,0.0335,0.8651,0
10,0.7887,55.67,1,0,0.5444,0.357,1
0,0.189,38.97,0,0,0.2963,0.6392,0
0,0.085,8.12,0,0,0.1568,0.9028,0
1,0.1639,51.95,0,0,0.3276,0.888,0
2,0.107,15.36,0,0,0.1818,0.9486,0
0,0.1046,23.44,0,0,0.1701,0.8533,0
12,0.9597,3448.27,1,1,0.9705,0.1217,1
0,0.0195,43.19,0,0,0.3057,0.8231,0
0,0.0253,4.53,0,0,0.1852,0.816,0
0,0.0348,4.28,0,0,0.0074,0.8043,0
0,0.2466,26.86,0,0,0.0547,0.8577,0
0,0.0147,4.7,0,0,0.4223,0.941,0
0,0.2194,21.08,0,0,0.023,0.842,0
1,0.0954,14.7,0,0,0.2684,0.8204,0
0,0.0986,2.23,0,0,0.1449,0.9739,0
0,0.0789,16.86,0,0,0.3151,0.9749,0
7,0.7766,52.98,1,1,0.6805,0.2982,1
8,0.9589,1330.15,0,0,0.8816,0.3112,1
0,0.122,44.49,0,0,0.1177,0.7371,0
0,0.0214,13.96,0,0,0.2505,0.9542,0
0,0.1257,1.09,1,0,0.3332,0.8277,0
0,0.1279,40.09,0,0,0.0476,0.9673,0
0,0.1083,8.14,0,0,0.5364,0.8321,0
0,0.1046,1.45,0,0,0.3741,0.8062,0
10,0.822,2989.25,1,1,0.3768,0.2097,1
0,0.0309,24.38,0,0,0.031,0.7312,0
1,0.0717,43.64,0,0,0.158,0.6197,0
0,0.1345,1.42,0,0,0.0992,0.7873,0
0,0.2519,34.92,0,0,0.0048,0.9496,0
7,0.8746,893.64,1,0,0.7092,0.3255,1
1,0.05,22.63,0,0,0.1935,0.7911,0
0,0.0647,28.86,0,0,0.0322,0.8268,0
20,0.9574,3099.51,1,0,0.6346,0.4847,1
0,0.0893,63.08,1,0,0.0871,0.8339,0
8,0.8047,70.04,1,1,0.2314,0.2967,1
1,0.1292,47.99,0,0,0.0626,0.85,0
8,0.5768,81.51,0,1,0.7084,0.1133,1
0,0.0758,34.42,0,0,0.2515,0.7631,0
1,0.1917,57.3,0,0,0.0032,0.8378,0
0,0.0499,32.39,0,0,0.011,0.9499,0
0,0.1043,32.12,0,0,0.0446,0.7465,0
0,0.1516,28.4,0,0,0.031,0.8714,0
2,0.0373,2.21,0,0,0.0293,0.8853,0
0,0.0343,6.49,0,0,0.2536,0.8049,0
0,0.0037,4.23,0,0,0.1464,0.9289,0
1,0.1116,57.81,0,0,0.1155,0.8497,0
0,0.1883,37.39,0,0,0.1829,0.8826,0
0,0.2154,47.62,0,0,0.0088,0.7521,0
1,0.0139,25.86,0,0,0.0855,0.7267,0
12,0.9607,1064.83,0,1,0.6159,0.0856,1
0,0.1896,47.97,0,0,0.0718,0.8751,0
0,0.0453,58.73,0,0,0.4167,0.9319,0
0,0.1069,25.37,0,0,0.1393,0.5181,0
1,0.0256,39.4,0,0,0.1004,0.5692,0
1,0.0223,19.21,0,0,0.3969,0.8502,0
12,0.4959,12.91,1,0,0.6712,0.1614,1
1,0.2089,45.83,0,0,0.1693,0.8349,0
1,0.0066,80.95,0,0,0.228,0.9701,0
1,0.0532,30.02,0,0,0.1392,0.3731,0
9,0.9266,85.07,1,0,0.5338,0.0403,1
37,0.7979,1309.12,0,0,0.9084,0.1426,1
0,0.0555,13.48,0,0,0.2575,0.922,0
1,0.0436,18.61,0,0,0.0788,0.974,0
16,0.7658,1725.36,0,0,0.5,0.3873,1
7,0.7712,2984.41,0,1,0.8502,0.4476,1
0,0.1099,55.39,0,0,0.2011,0.6908,0
1,0.3341,57.05,0,0,0.2312,0.7252,0
0,0.1425,10.98,0,0,0.0506,0.9301,0
0,0.1831,8.68,0,0,0.218,0.8672,0
0,0.1514,2.97,0,0,0.1247,0.9606,0
0,0.0327,28.94,0,0,0.4473,0.6779,0
0,0.0787,15.94,1,0,0.2474,0.7948,0
1,0.1391,45.92,0,0,0.0576,0.7369,0
0,0.064,19.19,0,0,0.1228,0.6604,0
8,0.7805,169.74,1,1,0.7719,0.2869,1
0,0.0944,4.52,0,0,0.5574,0.9465,0
0,0.1371,1.86,0,0,0.1886,0.9991,0
13,0.9368,3444.79,0,1,0.6745,0.0407,1
0,0.0313,40.64,0,0,0.1129,0.8585,0
11,0.8776,47.95,1,1,0.4793,0.1491,1
0,0.0451,136.76,0,0,0.0612,0.7947,0
1,0.0494,196.62,0,0,0.1521,0.9923,0
10,0.7842,56.08,1,0,0.6882,0.3563,1
0,0.0497,20.63,0,0,0.2963,0.7495,0
12,0.5518,2825.09,1,1,0.8448,0.5945,1
0,0.1028,11.43,0,0,0.335,0.9401,0
0,0.044,32.78,0,0,0.3762,0.7901,0
0,0.0179,108.71,0,0,0.008,0.8321,0
1,0.0396,14.53,0,0,0.0844,0.9031,0
0,0.0528,19.18,0,0,0.0707,0.866,0
1,0.0703,22.35,0,0,0.1221,0.9488,0
16,0.9337,1795.1,1,1,0.5542,0.1065,1
0,0.0515,29.69,0,0,0.0474,0.5839,0
0,0.0078,25.53,0,0,0.0482,0.9589,0
18,0.8558,1716.74,1,0,0.5091,0.0728,1
1,0.0851,92.1,0,0,0.0072,0.8357,0
0,0.0554,17.1,0,0,0.1179,0.6845,0
11,0.8212,2322.47,0,0,0.7255,0.0746,1
0,0.0677,61.78,0,0,0.4401,0.7347,0
25,0.8781,1262.72,1,0,0.6786,0.0652,1
0,0.2752,9.8,0,0,0.0691,0.9152,0
6,0.8526,120.75,1,1,0.632,0.3284,1
0,0.201,0.05,0,0,0.3604,0.9447,0
1,0.0388,13.72,0,0,0.5432,0.934,0
6,0.7418,1175.79,1,1,0.5298,0.2753,1
1,0.2165,0.98,0,0,0.006,0.8133,0
16,0.7627,1094.11,1,1,0.7113,0.5524,1
1,0.1296,41.02,0,0,0.0983,0.7768,0
0,0.1129,8.23,0,0,0.541,0.9846,0
0,0.0272,26.09,0,0,0.1452,0.7017,0
1,0.0883,11.83,0,0,0.0715,0.8393,0
0,0.0237,92.65,0,0,0.0273,0.911,0
0,0.2401,63.73,0,0,0.1636,0.786,0
0,0.0862,7.0,0,0,0.0827,0.712,0
1,0.0611,38.19,0,0,0.4537,0.6054,0
8,0.7776,8.77,0,0,0.5653,0.0555,1
1,0.0932,7.49,0,0,0.237,0.8982,0
0,0.1548,18.46,0,0,0.1914,0.8025,0
0,0.1282,42.53,0,0,0.034,0.7961,0
0,0.0304,12.74,1,0,0.0218,0.9273,0
0,0.1232,0.4,0,0,0.0184,0.8863,0
0,0.1408,22.91,0,0,0.2294,0.8372,0
1,0.0025,86.61,0,0,0.0826,0.5728,0
6,0.7564,1172.93,1,0,0.5568,0.2662,1
1,0.2393,28.05,0,0,0.1291,0.7162,0
1,0.0936,0.49,0,0,0.2189,0.8321,0
0,0.0911,41.01,0,0,0.1781,0.9689,0
0,0.1598,2.8,0,0,0.2702,0.9507,0
0,0.2752,44.91,0,0,0.1996,0.7956,0
10,0.7342,14.18,0,1,0.2266,0.2095,1
0,0.1837,14.29,0,0,0.2201,0.9437,0
0,0.0295,2.1,0,0,0.114,0.8918,0
0,0.1487,15.35,0,0,0.0793,0.6289,0
2,0.3266,29.28,0,0,0.072,0.9821,0
5,0.568,2689.8,1,0,0.8452,0.3104,1
1,0.1354,105.41,0,0,0.1469,0.8411,0
0,0.113,0.34,0,0,0.148,0.4957,0
0,0.206,102.27,0,0,0.0671,0.9742,0
0,0.078,9.2,0,0,0.072,0.7098,0
0,0.4865,2.98,0,0,0.3061,0.8707,0
1,0.0888,19.57,0,0,0.1528,0.6216,0
0,0.0122,54.51,0,0,0.22,0.6386,0
0,0.0801,86.27,0,0,0.0328,0.911,0
0,0.1247,138.7,0,0,0.3229,0.7941,0
0,0.1775,19.42,0,0,0.0177,0.8792,0
1,0.1838,51.38,0,0,0.1205,0.9013,0
0,0.1601,58.52,0,0,0.3336,0.7259,0
0,0.0729,9.99,0,0,0.5318,0.8748,0
6,0.7065,49.5,1,1,0.4692,0.3263,1
0,0.1119,10.06,0,0,0.3372,0.9587,0
0,0.1889,73.17,1,1,0.0915,0.8816,0
0,0.1,67.79,0,0,0.1166,0.8246,0
1,0.0726,9.04,0,0,0.0101,0.936,0
0,0.1275,5.13,0,0,0.4948,0.7031,0
0,0.022,130.11,0,0,0.0495,0.9682,0
0,0.1118,7.71,0,0,0.0534,0.6813,0
0,0.0713,26.56,0,0,0.2972,0.759,0
0,0.0837,10.57,0,0,0.1084,0.68,0
1,0.0201,14.29,0,0,0.2002,0.6539,0
0,0.059,18.9,0,0,0.0657,0.7144,0
1,0.0027,41.85,0,0,0.0466,0.8897,0
0,0.0986,2.71,0,0,0.2002,0.8116,0
0,0.0946,39.99,0,0,0.0369,0.7188,0
7,0.9174,17.33,0,0,0.8339,0.2914,1
1,0.0063,15.38,0,0,0.1585,0.8771,0
1,0.0904,16.75,0,0,0.0626,0.6591,0
0,0.4038,41.92,0,0,0.1023,0.8493,0
8,0.5491,1975.44,1,1,0.6053,0.2498,1
8,0.8245,1598.04,1,1,0.7403,0.2991,1
0,0.0812,8.76,0,0,0.1043,0.8639,0
1,0.157,44.26,0,0,0.0694,0.8805,0
18,0.7559,2750.79,1,0,0.3134,0.4152,1
2,0.1307,32.49,0,0,0.0345,0.7643,0
2,0.2263,16.87,0,0,0.2943,0.8823,0
0,0.0991,111.83,0,0,0.0387,0.8816,0
3,0.872,1284.55,0,1,0.7001,0.1502,1
0,0.22,40.51,0,0,0.3656,0.8225,0
0,0.1362,134.54,0,0,0.2,0.6608,0
1,0.1073,60.05,0,0,0.2094,0.5119,0
0,0.2687,11.69,0,0,0.1549,0.8232,0
1,0.0389,3.3,0,0,0.0126,0.9326,0
0,0.067,10.63,0,0,0.4111,0.579,0
0,0.0052,30.38,0,0,0.085,0.8522,0
16,0.8863,960.16,1,1,0.5844,0.128,1
6,0.9373,98.51,1,1,0.5765,0.2046,1
0,0.0061,29.12,0,0,0.415,0.7732,0
0,0.1056,30.76,0,0,0.0752,0.8493,0
0,0.0088,9.21,0,1,0.0798,0.9652,0
0,0.32,24.19,0,0,0.1183,0.6631,0
0,0.1457,36.59,0,0,0.2732,0.968,0
0,0.0305,39.0,0,0,0.3243,0.8764,0
0,0.091,14.43,0,0,0.221,0.9882,0
0,0.0261,55.72,0,1,0.1538,0.8934,0
0,0.1329,0.34,0,0,0.2889,0.946,0
0,0.0685,100.48,0,0,0.3033,0.5266,0
1,0.046,85.15,0,0,0.0588,0.916,0
0,0.0704,0.82,0,0,0.2034,0.9245,0
1,0.0513,47.18,0,0,0.1101,0.9775,0
0,0.2727,23.74,0,0,0.1447,0.5801,0
0,0.0943,34.06,0,0,0.2968,0.9353,0
1,0.0174,140.66,0,0,0.0415,0.8157,0
0,0.1452,6.04,0,0,0.0016,0.4702,0
0,0.0203,20.18,0,0,0.1629,0.9552,0
0,0.0611,6.16,0,0,0.0706,0.8967,0
0,0.059,3.38,1,0,0.2214,0.9338,0
1,0.1244,119.66,0,0,0.1579,0.8774,0
0,0.0595,71.38,0,0,0.2187,0.94,0
0,0.0335,0.65,0,0,0.1915,0.819,0
4,0.7112,5.37,1,0,0.7374,0.2164,1
1,0.0752,34.26,0,0,0.3261,0.8776,0
0,0.0596,37.99,0,0,0.097,0.9192,0
0,0.1199,42.29,0,0,0.3507,0.7265,0
5,0.8144,1929.96,1,0,0.879,0.0095,1
0,0.2838,2.85,0,0,0.0832,0.8335,0
0,0.1314,21.55,0,0,0.3661,0.9387,0
12,0.8656,67.2,1,0,0.6431,0.2089,1
0,0.0726,11.57,0,0,0.2838,0.7443,0
1,0.1461,14.85,0,0,0.0042,0.8901,0
0,0.1027,5.43,0,0,0.111,0.8603,0
1,0.2541,18.08,0,0,0.0722,0.5489,0
0,0.018,23.75,0,0,0.3465,0.8756,0
1,0.0057,34.22,0,0,0.2299,0.4988,0
0,0.1463,15.06,0,0,0.037,0.6374,0
0,0.0743,4.84,0,0,0.4342,0.8478,0
0,0.0548,34.37,0,0,0.2806,0.7649,0
11,0.6888,1770.68,1,1,0.5935,0.4731,1
1,0.1286,26.24,0,0,0.2208,0.8219,0
0,0.0996,33.63,0,0,0.0404,0.8376,0
0,0.1269,35.83,0,0,0.0326,0.7403,0
0,0.0375,24.16,0,0,0.002,0.9332,0
0,0.0389,22.07,0,0,0.0517,0.873,0
2,0.1468,155.49,0,0,0.0902,0.9242,0
0,0.0239,18.65,0,0,0.1453,0.8653,0
3,0.7264,5.28,0,1,0.5834,0.1893,1
0,0.2627,29.66,0,0,0.3019,0.9045,0
0,0.1334,21.97,0,0,0.2102,0.8155,0
14,0.8313,27.74,1,0,0.4401,0.2434,1
2,0.8737,16.54,1,1,0.8439,0.086,1
1,0.0415,24.75,0,0,0.0993,0.9128,0
1,0.0488,64.7,0,0,0.2746,0.9586,0
1,0.0961,28.75,0,0,0.5988,0.9114,0
1,0.0618,59.67,0,0,0.73,0.973,0
0,0.063,2.92,0,0,0.1362,0.7918,0
3,0.6715,60.63,0,0,0.8135,0.1155,1
0,0.2475,44.4,0,0,0.1158,0.842,0
0,0.0219,116.36,0,0,0.276,0.9922,0
0,0.0593,2.59,1,0,0.1364,0.8671,0
1,0.1697,10.59,0,0,0.0602,0.7485,0
0,0.1007,52.71,0,0,0.1002,0.7441,0
1,0.011,39.47,0,0,0.112,0.7433,0
0,0.1205,11.02,0,0,0.1821,0.9092,0
10,0.7932,1059.23,1,1,0.6666,0.2284,1
0,0.08,31.37,0,0,0.1657,0.9524,0
0,0.0613,26.66,0,0,0.1377,0.6998,0
0,0.2049,4.8,0,0,0.1225,0.8401,0
0,0.2864,42.52,0,0,0.1503,0.8056,0
0,0.1233,32.16,0,0,0.0474,0.8627,0
0,0.0832,45.55,0,0,0.1829,0.8673,0
0,0.0285,57.0,0,0,0.0981,0.8505,0
1,0.0543,11.01,0,0,0.0156,0.8946,0
0,0.1421,21.93,0,0,0.168,0.9282,0
0,0.3064,95.81,0,0,0.1785,0.8741,0
0,0.2103,5.67,0,0,0.2782,0.8701,0
7,0.9638,2828.41,1,1,0.8186,0.1617,1
0,0.053,23.77,0,0,0.4993,0.8537,0
0,0.0157,41.86,0,0,0.1001,0.8637,0
0,0.0497,50.36,0,1,0.0516,0.9634,0
1,0.0171,37.62,0,0,0.0373,0.93,0
0,0.2071,19.28,0,0,0.3068,0.8138,0
0,0.0167,62.86,0,0,0.3234,0.9283,0
10,0.9018,33.99,0,0,0.4258,0.0084,1
0,0.0466,21.23,0,0,0.0559,0.8915,0
0,0.0397,32.51,0,0,0.1911,0.8227,0
1,0.0992,137.41,0,0,0.1139,0.8038,0
0,0.1308,89.85,0,0,0.2101,0.7068,0
0,0.2876,27.69,0,0,0.0017,0.9334,0
10,0.8415,2554.35,1,1,0.6012,0.1326,1
9,0.6735,1236.85,1,0,0.9248,0.1004,1
0,0.2451,13.35,0,1,0.2972,0.6095,0
1,0.0382,27.23,0,0,0.1758,0.8575,0
2,0.1796,29.76,0,0,0.4973,0.8996,0
0,0.0853,74.39,0,0,0.1642,0.8436,0
2,0.0314,51.37,0,0,0.0823,0.843,0
1,0.1623,14.77,0,0,0.2864,0.8586,0
0,0.0828,1.12,0,0,0.0956,0.7688,0
0,0.332,12.38,0,0,0.0618,0.9759,0
0,0.0939,5.76,0,0,0.0639,0.9827,0
0,0.2316,29.38,0,0,0.129,0.9087,0
0,0.2662,69.66,0,0,0.1411,0.956,0
1,0.0921,2.89,0,0,0.284,0.9889,0
0,0.1743,2.57,0,0,0.089,0.9784,0
1,0.1373,3.42,0,0,0.0301,0.8306,0
0,0.022,16.98,0,1,0.0711,0.9928,0
3,0.3884,39.42,1,0,0.5182,0.0405,1
1,0.0358,64.67,0,0,0.3866,0.7863,0
0,0.012,48.13,0,0,0.0163,0.788,0
0,0.1866,17.37,1,0,0.1116,0.8894,0
0,0.0979,24.83,0,0,0.1697,0.789,0
5,0.7326,1013.79,1,1,0.6093,0.089,1
0,0.1872,42.66,0,0,0.0459,0.9175,0
0,0.1081,116.83,0,0,0.3793,0.8693,0
0,0.017,1.68,0,0,0.1686,0.864,0
0,0.0663,4.12,0,0,0.1467,0.8021,0
0,0.4307,16.73,0,0,0.0292,0.9492,0
0,0.0308,10.84,0,0,0.0604,0.7729,0
0,0.0645,1.26,0,0,0.0312,0.8232,0
1,0.0404,57.28,0,0,0.1584,0.9339,0
0,0.3149,21.11,0,0,0.0381,0.9518,0
1,0.2541,94.07,0,0,0.0087,0.7713,0
0,0.0191,14.95,0,0,0.096,0.7284,0
21,0.6994,31.83,1,0,0.8761,0.1776,1
0,0.1728,13.76,0,0,0.3635,0.9731,0
9,0.5999,41.14,0,1,0.7686,0.4763,1
0,0.1824,15.95,0,0,0.1254,0.9636,0
0,0.0728,39.23,0,0,0.0811,0.9601,0
1,0.008,63.43,0,0,0.0991,0.8692,0
1,0.0406,20.83,0,0,0.0992,0.8911,0
10,0.7131,2801.46,1,1,0.3002,0.1711,1
1,0.0443,26.5,0,0,0.0409,0.9264,0
3,0.7848,2917.17,0,1,0.7663,0.0698,1
0,0.0394,3.48,1,0,0.23,0.9229,0
0,0.1503,11.73,0,0,0.0275,0.9987,0
1,0.105,3.14,0,0,0.0873,0.8161,0
1,0.1427,59.0,0,0,0.1071,0.9061,0
0,0.1571,83.75,0,0,0.0015,0.9086,0
1,0.1155,132.1,0,0,0.0224,0.9423,0
4,0.8587,3479.46,1,1,0.789,0.0764,1
0,0.1776,17.87,0,0,0.0986,0.8792,0
0,0.166,20.09,0,0,0.0164,0.9817,0
0,0.1564,21.91,0,0,0.1316,0.821,0
0,0.1584,41.43,0,0,0.3395,0.7553,0
2,0.049,2.31,0,0,0.1256,0.9436,0
3,0.0528,27.8,0,0,0.3478,0.6304,0
0,0.1648,61.9,0,0,0.0931,0.9075,0
0,0.0794,5.9,0,0,0.2324,0.9352,0
0,0.0939,76.17,0,0,0.3845,0.7764,0
0,0.1538,7.27,0,0,0.2081,0.8642,0
7,0.6949,110.39,1,0,0.503,0.2708,1
0,0.0507,27.12,0,0,0.2404,0.6558,0
1,0.0231,25.74,0,0,0.1517,0.7639,0
0,0.025,13.34,0,0,0.1393,0.8869,0
0,0.1303,41.88,0,0,0.1881,0.7052,0
1,0.1078,41.19,0,0,0.3367,0.8846,0
4,0.1457,42.68,0,0,0.1676,0.9154,0
0,0.154,53.5,0,0,0.4454,0.6033,0
0,0.1597,2.39,0,0,0.3387,0.9687,0
1,0.0199,2.23,0,0,0.2169,0.9578,0
0,0.1032,21.52,0,0,0.1641,0.6506,0
4,0.6737,1578.42,0,0,0.6325,0.4365,1
0,0.1897,14.49,0,0,0.3913,0.8084,0
1,0.0858,11.26,0,0,0.0628,0.8091,0
1,0.1336,19.41,0,0,0.1234,0.9154,0
0,0.1231,4.88,0,0,0.0559,0.9052,0
2,0.6641,41.56,1,0,0.4985,0.0185,1
6,0.9245,1256.15,0,0,0.8412,0.2454,1
1,0.0523,23.82,0,0,0.2448,0.6086,0
17,0.8002,1939.52,1,0,0.7578,0.3545,1
2,0.2276,45.52,0,0,0.065,0.879,0
8,0.686,12.24,1,1,0.4909,0.0225,1
1,0.1103,26.9,0,0,0.2101,0.9213,0
7,0.7181,1209.45,1,1,0.48,0.2059,1
0,0.0598,4.09,0,0,0.147,0.823,0
1,0.0198,1.9,0,1,0.0971,0.7057,0
1,0.0949,0.52,0,0,0.0412,0.8656,0
6,0.5842,7.27,0,0,0.4916,0.3142,1
0,0.1175,33.92,0,0,0.2239,0.8565,0
1,0.0661,12.55,0,0,0.1057,0.8095,0
0,0.1033,11.96,0,0,0.0259,0.8946,0
0,0.1384,74.84,0,0,0.3081,0.735,0
2,0.8547,3369.4,0,1,0.406,0.0068,1
0,0.0553,1.6,0,0,0.0415,0.8312,0
0,0.1544,34.97,0,0,0.4058,0.9726,0
0,0.1049,30.83,0,0,0.112,0.9655,0
0,0.1973,61.68,0,0,0.0445,0.9299,0
1,0.0205,1.31,0,1,0.2656,0.6691,0
1,0.0474,23.37,0,0,0.0888,0.7193,0
0,0.0317,30.69,0,0,0.1053,0.8114,0
1,0.0761,53.97,0,0,0.0591,0.9383,0
0,0.0276,5.32,0,0,0.1373,0.9085,0
0,0.0644,60.35,0,0,0.294,0.9758,0
1,0.0769,82.12,0,0,0.2089,0.8935,0
0,0.1726,37.37,0,0,0.1182,0.7409,0
1,0.0766,16.73,0,0,0.2618,0.9648,0
0,0.0975,41.89,0,0,0.1241,0.6972,0
0,0.0144,28.12,0,0,0.1082,0.8479,0
0,0.1868,78.47,0,0,0.2397,0.9564,0
16,0.714,183.05,1,1,0.762,0.2479,1
0,0.0712,6.19,0,0,0.0159,0.8279,0
0,0.1617,119.78,0,0,0.1803,0.8413,0
0,0.2647,25.29,0,0,0.0492,0.9275,0
1,0.2109,78.11,0,0,0.047,0.886,0
0,0.1777,20.24,0,0,0.2656,0.8771,0
12,0.9779,66.34,1,1,0.4948,0.0984,1
2,0.0982,3.52,0,0,0.0736,0.6948,0
0,0.187,2.3,0,0,0.0313,0.7042,0
0,0.0331,24.22,0,0,0.081,0.941,0
0,0.0291,17.18,0,1,0.0388,0.7692,0
0,0.1525,2.48,0,0,0.0265,0.8167,0
0,0.0474,13.81,0,0,0.2156,0.9783,0
0,0.1729,6.77,0,0,0.2,0.9929,0
0,0.0336,67.22,0,0,0.0222,0.904,0
1,0.0732,45.52,0,0,0.0667,0.8336,0
0,0.0862,38.18,0,0,0.1032,0.9106,0
1,0.0931,2.02,0,0,0.3901,0.6285,0
0,0.0449,16.43,0,0,0.0127,0.9091,0
0,0.0372,61.47,0,0,0.0515,0.7541,0
0,0.0146,52.19,0,0,0.0232,0.8921,0
17,0.6419,2014.36,1,1,0.6583,0.2582,1
12,0.9753,3440.62,0,0,0.7723,0.0337,1
0,0.0073,10.32,0,0,0.0281,0.9377,0
1,0.0535,5.89,0,0,0.115,0.8771,0
1,0.0261,4.29,0,0,0.2352,0.713,0
0,0.0313,10.39,0,0,0.4746,0.941,0
1,0.2003,10.62,0,0,0.1301,0.9388,0
0,0.0873,1.68,0,0,0.1579,0.9151,0
1,0.0567,88.26,0,0,0.4749,0.5142,0
1,0.1159,29.19,0,0,0.1734,0.8063,0
0,0.0282,0.86,0,0,0.0843,0.8247,0
5,0.6161,1811.99,0,1,0.8474,0.0356,1
0,0.1735,34.5,0,0,0.0348,0.6717,0
0,0.0739,1.78,0,0,0.1397,0.7553,0
0,0.0321,64.47,0,0,0.3373,0.8093,0
2,0.0165,43.14,0,0,0.0514,0.8794,0
0,0.1101,11.04,0,1,0.0214,0.9464,0
0,0.1734,38.65,0,0,0.2401,0.9586,0
1,0.1725,27.3,0,0,0.1667,0.72,0
0,0.2199,10.81,0,0,0.3387,0.8567,0
0,0.0322,25.33,0,0,0.1221,0.7953,0
13,0.8574,16.78,0,0,0.6928,0.0409,1
0,0.1069,68.92,0,0,0.0158,0.8746,0
1,0.2073,34.32,0,0,0.3168,0.7952,0
6,0.7412,134.96,0,1,0.6443,0.1087,1
0,0.0108,15.48,0,0,0.2403,0.9623,0
1,0.1928,29.5,0,0,0.0871,0.8458,0
5,0.8897,76.63,0,0,0.4229,0.5248,1
1,0.1724,16.89,0,0,0.1677,0.9689,0
1,0.1511,42.67,0,1,0.3129,0.879,0
2,0.0887,8.11,0,1,0.1637,0.9442,0
0,0.2085,64.07,0,0,0.1361,0.8739,0
1,0.1084,4.39,0,0,0.5017,0.8477,0
0,0.2178,25.08,0,0,0.0887,0.8934,0
0,0.3023,17.37,0,0,0.1917,0.7536,0
0,0.1168,35.25,0,0,0.3487,0.9469,0
1,0.0745,17.9,0,0,0.1057,0.8479,0
1,0.1076,45.91,0,0,0.0799,0.8162,0
0,0.0925,71.42,0,0,0.2401,0.9342,0
0,0.1135,114.66,0,0,0.0108,0.9733,0
0,0.0256,56.69,0,0,0.0166,0.9365,0
1,0.147,18.98,0,0,0.433,0.7827,0
2,0.26,12.76,0,0,0.1325,0.777,0
1,0.1453,14.91,0,0,0.1504,0.776,0
0,0.088,7.36,0,1,0.301,0.8252,0
0,0.1394,0.04,0,0,0.5212,0.9587,0
0,0.0301,26.19,0,0,0.0052,0.9893,0
7,0.887,36.55,1,0,0.5139,0.4375,1
1,0.1235,28.55,0,0,0.0022,0.8686,0
0,0.3428,1.14,0,0,0.0463,0.8721,0
2,0.045,15.35,0,1,0.0885,0.9469,0
1,0.086,31.37,0,0,0.1111,0.9847,0
0,0.16,35.15,0,0,0.1307,0.8943,0
0,0.1158,15.75,0,0,0.1645,0.6621,0
1,0.0667,47.11,0,0,0.0228,0.9525,0
1,0.0516,91.96,0,0,0.0127,0.9174,0
1,0.1079,41.64,0,0,0.0475,0.9135,0
12,0.5903,0.41,1,1,0.9325,0.3438,1
1,0.0963,40.65,0,0,0.0452,0.6938,0
0,0.3734,41.62,0,0,0.2427,0.9388,0
0,0.0631,9.67,0,0,0.1205,0.9305,0
9,0.8421,1129.17,0,0,0.6889,0.302,1
0,0.1219,9.14,0,0,0.2139,0.5726,0
0,0.0441,19.92,0,0,0.1948,0.8456,0
0,0.2007,20.63,0,0,0.1168,0.9415,0
1,0.0651,3.22,0,0,0.1082,0.8969,0
0,0.1379,13.03,0,0,0.1123,0.731,0
0,0.0366,54.04,0,0,0.0325,0.8844,0
1,0.1582,44.01,0,0,0.0982,0.9071,0
1,0.0973,16.35,0,0,0.0046,0.8698,0
1,0.1778,3.88,0,0,0.0701,0.9381,0
1,0.0621,29.1,0,0,0.2812,0.9483,0
1,0.1534,20.86,0,0,0.4402,0.6458,0
0,0.0236,0.78,0,0,0.2452,0.7572,0
0,0.0402,39.04,0,0,0.1627,0.7205,0
0,0.0608,22.9,0,0,0.2349,0.9589,0
0,0.0777,5.37,0,0,0.1397,0.7952,0
12,0.7124,24.15,0,1,0.9092,0.157,1
0,0.2851,23.86,0,0,0.2518,0.9916,0
0,0.3218,17.14,0,0,0.0738,0.8966,0
0,0.0599,33.55,0,0,0.0247,0.6695,0
2,0.1567,45.49,0,0,0.3923,0.9817,0
2,0.0242,61.16,0,0,0.1518,0.6938,0
0,0.1272,6.03,0,0,0.2537,0.7974,0
0,0.1316,18.12,0,0,0.2406,0.8838,0
1,0.1642,34.92,0,0,0.3977,0.9103,0
2,0.1366,6.49,0,0,0.0197,0.9224,0
17,0.7739,2377.21,1,0,0.4184,0.0709,1
0,0.0224,189.29,0,0,0.0812,0.7252,0
0,0.0536,8.86,0,0,0.2769,0.7605,0
0,0.0179,35.45,0,0,0.1339,0.8209,0
1,0.0766,12.07,0,1,0.2593,0.665,0
0,0.15,22.62,0,0,0.2152,0.9422,0
0,0.0251,16.34,0,0,0.0485,0.8702,0
1,0.0818,93.65,0,0,0.1303,0.8227,0
1,0.0616,2.57,0,0,0.0276,0.7815,0
0,0.2707,192.6,0,0,0.272,0.8201,0
0,0.1092,16.68,0,0,0.2616,0.7219,0
12,0.7523,196.95,0,0,0.6486,0.063,1
1,0.0402,1.48,0,0,0.1217,0.7738,0
0,0.0745,23.12,0,0,0.0844,0.6516,0
0,0.0882,85.62,0,0,0.0311,0.8398,0
6,0.794,2675.58,0,1,0.8035,0.2424,1
2,0.0491,37.96,0,0,0.2293,0.7194,0
11,0.6695,276.05,0,1,0.7452,0.0462,1
0,0.0646,7.68,0,0,0.0798,0.9634,0
0,0.3088,11.91,0,0,0.0098,0.897,0
2,0.0032,19.01,0,0,0.0237,0.9657,0
9,0.7958,90.34,1,1,0.65,0.3629,1
0,0.1942,27.46,0,0,0.2806,0.9853,0
0,0.1022,19.73,0,0,0.2586,0.8486,0
1,0.2339,11.23,0,0,0.0852,0.8661,0
1,0.1409,30.62,0,0,0.2341,0.6835,0
0,0.1872,21.09,0,0,0.0232,0.7496,0
0,0.1796,92.84,0,0,0.1435,0.828,0
0,0.1046,2.47,0,0,0.0494,0.9093,0
0,0.1919,12.86,0,0,0.0549,0.9129,0
0,0.0504,7.15,0,0,0.0187,0.837,0
2,0.0421,21.14,0,0,0.0876,0.8919,0
0,0.2363,108.93,0,0,0.1136,0.966,0
0,0.287,47.19,0,0,0.2918,0.9317,0
1,0.0605,1.35,0,0,0.1728,0.6961,0
0,0.0466,111.75,0,0,0.1746,0.9511,0
0,0.1048,30.66,0,0,0.2018,0.6941,0
0,0.1782,19.84,0,0,0.0372,0.2508,0
1,0.0158,6.11,0,0,0.0607,0.968,0
0,0.244,51.59,0,0,0.1097,0.6416,0
0,0.0492,8.26,0,0,0.4231,0.9675,0
0,0.0163,49.16,0,0,0.1768,0.9579,0
1,0.1116,26.64,0,0,0.2229,0.7476,0
1,0.0985,87.22,0,0,0.4268,0.6271,0
1,0.1707,2.52,0,0,0.3734,0.8841,0
1,0.0414,96.99,0,0,0.5108,0.8753,0
0,0.0972,64.06,0,0,0.5917,0.4736,0
0,0.0745,29.59,0,0,0.1977,0.9342,0
0,0.1617,3.32,0,0,0.4157,0.9924,0
0,0.0555,122.23,0,0,0.0809,0.7339,0
1,0.0183,25.02,0,0,0.2234,0.9386,0
0,0.1013,65.7,0,0,0.0075,0.9229,0
0,0.035,75.33,0,0,0.5433,0.7653,0
0,0.0319,11.68,0,0,0.3694,0.9197,0
0,0.1114,8.97,0,0,0.196,0.8656,0
1,0.1256,4.88,0,0,0.2069,0.7027,0
0,0.0725,37.43,0,0,0.2438,0.7983,0
1,0.0065,30.95,0,0,0.1132,0.7843,0
1,0.0259,0.28,0,0,0.3722,0.9259,0
0,0.2229,57.84,0,0,0.0278,0.856,0
0,0.1412,23.04,0,0,0.326,0.92,0
1,0.0903,64.56,0,0,0.1233,0.8585,0
0,0.0296,2.55,0,0,0.0944,0.7251,0
12,0.8354,96.48,1,1,0.7902,0.0544,1
4,0.7876,27.25,0,1,0.8282,0.1524,1
0,0.0371,32.26,0,1,0.0916,0.708,0
1,0.0955,34.78,0,0,0.2284,0.8166,0
0,0.2967,3.43,0,0,0.4871,0.9114,0
15,0.7495,1521.11,1,1,0.7134,0.1332,1
1,0.2829,25.57,0,0,0.0669,0.9991,0
0,0.0105,24.19,0,0,0.1507,0.7763,0
0,0.0738,63.98,0,0,0.0109,0.9031,0
0,0.1362,59.77,0,0,0.0222,0.7985,0
10,0.4552,1862.56,1,1,0.5513,0.067,1
0,0.0461,8.57,0,0,0.0662,0.8957,0
0,0.2117,13.07,0,0,0.0177,0.5943,0
1,0.3828,201.75,0,0,0.1951,0.9695,0
0,0.0321,33.23,0,0,0.1464,0.9534,0
1,0.1421,27.86,0,0,0.0806,0.7606,0
8,0.8426,106.29,0,0,0.7528,0.1235,1
1,0.0858,12.44,0,0,0.0271,0.9189,0
0,0.1364,2.07,0,0,0.1028,0.7413,0
1,0.1601,39.58,0,0,0.0556,0.9962,0
10,0.8468,25.06,0,0,0.9089,0.0416,1
0,0.0227,1.94,0,0,0.2558,0.9215,0
1,0.1393,25.43,0,0,0.2552,0.8182,0
13,0.9263,2736.17,0,1,0.2985,0.1645,1
0,0.2007,154.59,0,0,0.2126,0.8646,0
1,0.1572,54.85,0,0,0.1986,0.8168,0
1,0.1313,10.55,0,0,0.2737,0.7793,0
0,0.1206,33.73,0,0,0.0342,0.7335,0
0,0.0083,3.76,0,0,0.0417,0.8946,0
1,0.0699,77.7,0,0,0.0764,0.8303,0
0,0.0746,85.52,0,0,0.1641,0.8964,0
1,0.0604,65.07,0,0,0.0139,0.988,0
1,0.0448,2.54,1,0,0.1205,0.7392,0
3,0.6478,2261.54,0,1,0.7434,0.2125,1
0,0.0274,58.8,0,0,0.0226,0.8584,0
0,0.1738,24.68,0,0,0.0728,0.9448,0
10,0.573,1689.58,1,1,0.4251,0.1567,1
0,0.0396,1.61,0,0,0.0408,0.7092,0
2,0.0713,22.73,0,0,0.0717,0.9246,0
0,0.0581,6.78,0,0,0.0701,0.9206,0
0,0.0677,54.11,0,0,0.0537,0.8536,0
0,0.0396,99.45,0,0,0.2457,0.7491,0
0,0.288,14.19,0,0,0.1361,0.943,0
0,0.1011,18.88,0,0,0.2884,0.9087,0
6,0.8769,2569.47,1,0,0.7042,0.1188,1
16,0.9713,52.36,0,0,0.6181,0.2292,1
0,0.0222,107.7,0,0,0.2042,0.641,0
0,0.0419,1.74,0,0,0.1667,0.9617,0
0,0.1503,131.29,0,0,0.0287,0.8976,0
1,0.0199,165.91,0,0,0.2879,0.8271,0
0,0.0529,7.26,0,0,0.3815,0.9344,0
0,0.1696,32.68,0,0,0.1999,0.9148,0
0,0.1263,98.38,0,0,0.0932,0.809,0
2,0.0933,11.09,0,0,0.2094,0.7814,0
17,0.6577,2158.54,0,1,0.6702,0.0776,1
1,0.1266,36.9,0,0,0.018,0.986,0
0,0.2002,3.62,0,0,0.3568,0.862,0
1,0.1352,25.32,0,0,0.0828,0.9527,0
0,0.0538,37.78,0,0,0.0287,0.8983,0
0,0.2784,2.06,0,0,0.3471,0.9025,0
0,0.07,60.22,0,0,0.1041,0.8799,0
0,0.2381,18.56,0,0,0.1144,0.8728,0
0,0.1057,23.26,0,0,0.1425,0.7755,0
7,0.7546,1648.65,0,0,0.3842,0.4062,1
0,0.093,4.28,0,0,0.3584,0.4799,0
0,0.1344,22.05,0,0,0.2545,0.8267,0
0,0.0315,18.12,0,0,0.298,0.5986,0
0,0.0997,21.3,0,0,0.2051,0.8939,0
0,0.0664,51.96,0,0,0.2743,0.8524,0
1,0.0368,143.99,0,0,0.1777,0.8201,0
0,0.3574,158.51,1,1,0.2057,0.9213,0
0,0.2015,0.89,0,0,0.0614,0.9048,0
0,0.2718,54.37,0,0,0.0268,0.8267,0
0,0.198,13.45,0,0,0.3304,0.8789,0
0,0.1396,6.54,0,0,0.1543,0.6904,0
0,0.0296,30.3,0,0,0.0247,0.8795,0
0,0.0839,13.85,0,0,0.0349,0.8998,0
2,0.022,49.88,0,0,0.0888,0.9982,0
0,0.1712,18.76,0,0,0.0989,0.9778,0
0,0.0247,16.02,0,0,0.1491,0.9678,0
0,0.0404,63.34,0,0,0.12,0.8214,0
9,0.8268,2265.17,1,0,0.7356,0.1986,1
0,0.1524,7.41,0,0,0.0973,0.8094,0
2,0.1982,27.62,0,0,0.1624,0.8534,0
0,0.0991,7.57,0,0,0.0495,0.9457,0
1,0.4802,8.76,0,0,0.0508,0.8747,0
2,0.0822,15.33,0,0,0.2977,0.6939,0
1,0.4283,6.54,0,0,0.3336,0.8594,0
0,0.2741,1.71,0,0,0.1685,0.6731,0
2,0.0176,85.41,0,0,0.1416,0.9472,0
0,0.0245,0.71,0,0,0.1839,0.95,0
1,0.1921,0.26,0,0,0.0247,0.7255,0
0,0.0453,55.27,0,0,0.1592,0.7744,0
0,0.1427,101.24,0,0,0.3361,0.5339,0
1,0.1821,101.7,0,1,0.0293,0.9742,0
1,0.0483,4.25,0,0,0.1439,0.9081,0
0,0.0075,32.26,0,0,0.0176,0.8857,0
0,0.1015,26.02,0,0,0.1208,0.9177,0
1,0.0083,23.84,0,0,0.2275,0.8267,0
0,0.255,46.22,0,0,0.139,0.7677,0
15,0.7875,1056.75,0,1,0.4594,0.1013,1
1,0.0277,71.19,0,0,0.1671,0.5033,0
0,0.1006,18.32,0,0,0.1041,0.8362,0
0,0.3446,1.95,0,0,0.3461,0.8383,0
1,0.2075,42.35,0,0,0.2392,0.891,0
1,0.0169,147.0,0,0,0.286,0.8298,0
0,0.1204,3.01,0,0,0.4074,0.7447,0
0,0.0896,2.5,0,0,0.1671,0.7838,0
0,0.451,28.74,0,0,0.3304,0.7927,0
0,0.4033,1.42,0,0,0.0764,0.588,0
9,0.4419,2594.58,1,0,0.5858,0.1999,1
0,0.1271,75.77,0,0,0.1319,0.4419,0
0,0.0257,6.55,0,0,0.1393,0.585,0
0,0.0538,13.0,0,0,0.038,0.7641,0
0,0.1111,20.25,0,0,0.1399,0.9597,0
1,0.0592,22.21,0,0,0.0809,0.797,0
1,0.0267,40.58,0,0,0.0353,0.958,0
1,0.068,83.05,0,0,0.0522,0.9482,0
6,0.8547,117.23,1,1,0.7733,0.0704,1
1,0.2165,4.89,0,0,0.163,0.7751,0
9,0.7281,861.92,1,1,0.7644,0.3216,1
0,0.1229,50.95,0,0,0.1946,0.6817,0
0,0.0616,26.09,0,0,0.0363,0.7467,0
0,0.1247,63.05,0,0,0.2108,0.7765,0
0,0.0173,57.53,0,0,0.1318,0.8014,0
0,0.129,85.52,0,0,0.0368,0.8779,0
1,0.0816,37.84,0,0,0.1755,0.7847,0
0,0.0606,29.63,0,0,0.0218,0.6846,0
10,0.855,11.48,1,1,0.7177,0.1405,1
0,0.0247,0.97,0,0,0.1478,0.7336,0
1,0.0537,28.52,0,0,0.1465,0.7574,0
0,0.0845,71.89,0,0,0.1955,0.8339,0
0,0.1305,0.71,0,0,0.1218,0.8433,0
0,0.0219,35.62,0,0,0.1161,0.9004,0
0,0.0351,56.61,0,0,0.0437,0.9364,0
0,0.0589,41.0,0,0,0.1003,0.9468,0
1,0.0333,21.51,0,0,0.1494,0.763,0
0,0.0349,65.69,0,0,0.1687,0.7304,0
0,0.1197,14.39,0,0,0.1713,0.5308,0
0,0.0141,41.36,0,0,0.2956,0.7863,0
1,0.0754,7.4,0,0,0.1298,0.9966,0
0,0.351,92.11,0,0,0.0035,0.9003,0
0,0.0644,4.81,0,0,0.2384,0.6741,0
1,0.091,30.54,0,0,0.1162,0.9397,0
0,0.2335,5.31,0,0,0.32,0.965,0
13,0.2442,71.41,1,1,0.5967,0.1402,1
1,0.1414,1.44,0,0,0.0328,0.9063,0
0,0.1041,75.7,0,1,0.1104,0.8831,0
0,0.0775,37.4,0,0,0.397,0.9386,0
1,0.0143,43.86,0,0,0.22,0.9035,0
0,0.1079,5.68,0,0,0.3013,0.8108,0
1,0.1138,0.97,0,0,0.1543,0.7573,0
1,0.0677,12.99,0,0,0.1489,0.8878,0
0,0.1592,7.27,0,0,0.4457,0.9446,0
0,0.0632,6.65,0,0,0.0593,0.6688,0
0,0.3752,35.24,0,0,0.1255,0.8715,0
1,0.0988,100.6,0,0,0.1658,0.9895,0
0,0.1765,12.9,0,0,0.1682,0.8701,0
0,0.0834,47.17,0,0,0.0584,0.9215,0
0,0.1225,22.48,0,0,0.129,0.9053,0
6,0.8488,2535.72,1,1,0.6276,0.1878,1
5,0.535,2561.96,0,1,0.6901,0.0197,1
0,0.2122,85.71,0,0,0.1609,0.7069,0
0,0.1359,18.49,0,0,0.0037,0.66,0
0,0.066,34.52,0,0,0.3275,0.8254,0
1,0.074,26.35,0,0,0.0181,0.9922,0
0,0.104,98.96,0,0,0.1979,0.6673,0
0,0.0434,47.3,0,0,0.0358,0.9087,0
0,0.0098,25.01,0,0,0.3512,0.8513,0
5,0.6481,91.83,0,0,0.6904,0.3852,1
1,0.0839,173.5,0,0,0.0369,0.8849,0
0,0.0536,2.12,0,0,0.2141,0.9898,0
0,0.0377,41.52,0,0,0.078,0.7996,0
0,0.0607,21.83,0,0,0.2689,0.9487,0
0,0.1505,77.74,0,0,0.136,0.695,0
0,0.0198,75.6,0,0,0.0801,0.9364,0
0,0.0363,11.83,0,0,0.1798,0.8906,0
0,0.1058,55.47,0,0,0.2496,0.7166,0
2,0.0481,37.56,0,0,0.4,0.9704,0
7,0.7201,989.01,1,0,0.6538,0.0464,1
0,0.1521,38.12,0,0,0.1567,0.6719,0
0,0.0475,9.03,0,0,0.1977,0.9025,0
0,0.18,4.2,0,0,0.1252,0.8684,0
0,0.0409,21.46,0,0,0.0331,0.9629,0
1,0.0644,49.87,0,0,0.2189,0.9672,0
0,0.0484,29.51,0,0,0.0875,0.9247,0
0,0.0816,52.26,0,0,0.1669,0.8884,0
0,0.014,37.52,0,0,0.1683,0.7934,0
0,0.1478,73.28,0,0,0.1329,0.7954,0
0,0.1996,42.1,0,0,0.0303,0.9481,0
1,0.0642,87.96,0,0,0.1249,0.9691,0
0,0.0582,7.71,0,0,0.091,0.944,0
0,0.1192,132.78,0,0,0.3723,0.8747,0
0,0.1064,28.38,0,0,0.3442,0.9326,0
0,0.0479,12.24,0,0,0.0963,0.9805,0
0,0.155,5.93,0,0,0.1958,0.9741,0
0,0.0555,7.01,0,0,0.301,0.9143,0
0,0.0994,0.16,0,0,0.3663,0.9833,0
0,0.1866,0.22,0,0,0.1897,0.7885,0
0,0.0419,65.96,0,0,0.239,0.8535,0
11,0.8541,2544.85,1,1,0.5529,0.0519,1
0,0.1708,51.24,0,0,0.172,0.944,0
0,0.1138,46.16,0,0,0.0644,0.7502,0
1,0.0562,1.72,0,0,0.0198,0.9826,0
0,0.0317,4.98,0,0,0.4136,0.9417,0
2,0.009,75.16,0,0,0.0587,0.9491,0
0,0.1139,16.82,0,0,0.3398,0.8692,0
2,0.0096,20.34,0,0,0.0361,0.94,0
8,0.7557,1678.22,0,1,0.698,0.1207,1
6,0.7364,53.64,1,1,0.826,0.2106,1
2,0.1773,93.48,0,0,0.062,0.7115,0
1,0.0123,57.58,0,0,0.1874,0.8936,0
0,0.1072,9.5,0,0,0.2263,0.946,0
0,0.274,4.57,0,0,0.0255,0.9187,0
0,0.118,34.25,0,0,0.0072,0.8901,0
14,0.711,1083.92,1,0,0.8378,0.2178,1
1,0.1996,75.2,0,0,0.0606,0.8476,0
0,0.0584,31.45,0,0,0.0604,0.7527,0
1,0.0165,40.65,0,0,0.0604,0.8919,0
0,0.1611,42.63,0,0,0.2239,0.8483,0
0,0.1106,8.26,0,0,0.104,0.6651,0
0,0.2591,72.26,0,0,0.2485,0.941,0
0,0.1039,112.86,0,0,0.3701,0.9628,0
0,0.3102,112.45,0,0,0.0597,0.788,0
0,0.0106,27.9,0,0,0.2292,0.5387,0
0,0.0798,1.15,0,0,0.1936,0.9014,0
0,0.0109,10.95,0,0,0.0033,0.9481,0
0,0.0431,18.08,0,0,0.2246,0.7058,0
6,0.989,1539.21,0,0,0.536,0.328,1
0,0.0314,85.91,0,0,0.0913,0.6979,0
1,0.0449,9.17,0,0,0.0426,0.942,0
1,0.0435,60.07,0,0,0.0606,0.6251,0
0,0.0552,48.83,0,0,0.1176,0.8063,0
0,0.043,31.65,0,0,0.0778,0.8994,0
1,0.0475,27.57,0,0,0.3724,0.9528,0
0,0.0657,60.44,0,0,0.0045,0.8404,0
1,0.0571,47.4,0,0,0.1581,0.9451,0
2,0.1192,13.42,0,0,0.031,0.6612,0
0,0.0514,19.44,0,0,0.0047,0.8507,0
4,0.9923,2974.13,1,0,0.7332,0.2784,1
2,0.0674,3.96,0,0,0.0207,0.631,0
0,0.0725,4.78,0,0,0.0096,0.953,0
6,0.705,37.64,0,1,0.5751,0.2102,1
0,0.0983,22.76,0,0,0.3114,0.8516,0
0,0.3474,26.69,0,0,0.2529,0.5676,0
24,0.8321,26.38,1,0,0.4624,0.3032,1
0,0.019,6.96,0,0,0.245,0.8247,0
1,0.158,62.07,0,0,0.2834,0.9249,0
0,0.1795,14.4,0,0,0.1145,0.6876,0
1,0.1198,26.33,0,0,0.193,0.9378,0
0,0.0965,48.7,0,0,0.0839,0.8314,0
1,0.1094,69.53,0,0,0.0339,0.9121,0
14,0.6051,144.72,1,0,0.4454,0.3882,1
1,0.1099,24.12,0,0,0.1046,0.9388,0
0,0.1207,13.28,0,0,0.0249,0.8697,0
0,0.0997,14.67,0,0,0.0784,0.9897,0
0,0.0227,13.5,0,0,0.1845,0.8219,0
1,0.0811,54.56,0,0,0.0999,0.8712,0
0,0.0138,26.93,0,0,0.2988,0.9317,0
1,0.0258,74.33,0,0,0.3407,0.7719,0
0,0.0191,11.79,0,0,0.372,0.9298,0
9,0.79,197.75,0,1,0.5092,0.3296,1
7,0.9526,2380.56,1,1,0.6098,0.1703,1
0,0.2307,22.03,0,0,0.1963,0.9621,0
0,0.1247,56.85,0,0,0.1004,0.8697,0
1,0.0174,109.38,0,0,0.053,0.6198,0
4,0.7608,2468.25,0,0,0.4019,0.2534,1
0,0.1609,96.45,0,0,0.0045,0.7982,0
0,0.0282,18.46,0,0,0.0079,0.9415,0
1,0.0405,9.37,0,0,0.0883,0.96,0
0,0.0996,11.8,0,1,0.3434,0.955,0
0,0.1476,13.96,0,0,0.1703,0.7761,0
4,0.7642,1941.91,1,1,0.5335,0.1265,1
2,0.8389,2.43,1,1,0.5069,0.3243,1
1,0.0343,30.77,0,0,0.3566,0.9883,0
0,0.1182,20.26,0,0,0.0829,0.7461,0
0,0.2599,53.96,0,0,0.1117,0.9068,0
0,0.0583,54.81,0,0,0.1872,0.9697,0
28,0.8778,22.25,1,1,0.8798,0.1941,1
2,0.0493,3.02,0,0,0.0252,0.9472,0
0,0.209,65.61,0,0,0.0614,0.9621,0
0,0.109,24.19,0,0,0.1822,0.8646,0
12,0.8652,3265.69,0,0,0.3768,0.3875,1
1,0.0219,1.15,0,0,0.0454,0.9692,0
0,0.0405,0.66,0,0,0.2211,0.9395,0
1,0.0854,62.5,0,0,0.2633,0.9664,0
1,0.1506,24.44,0,0,0.3783,0.8552,0
1,0.0752,28.08,0,0,0.1262,0.8592,0
0,0.2001,8.73,0,0,0.0353,0.6907,0
0,0.2113,10.11,0,0,0.1242,0.8384,0
0,0.0824,0.44,0,0,0.1002,0.8305,0
1,0.2396,25.43,0,0,0.1619,0.9121,0
0,0.1654,25.47,0,0,0.039,0.8329,0
21,0.9543,2178.77,1,0,0.4408,0.172,1
0,0.0411,23.06,0,0,0.0485,0.8537,0
14,0.9591,31.06,1,1,0.8579,0.3019,1
0,0.0922,4.66,0,0,0.2124,0.8332,0
2,0.1811,20.84,0,0,0.2672,0.9356,0
0,0.0308,32.5,0,0,0.2231,0.9778,0
1,0.0333,17.9,0,0,0.043,0.6858,0
1,0.1743,10.25,0,0,0.4658,0.7539,0
1,0.0541,32.72,0,0,0.0537,0.809,0
1,0.0687,1.56,0,0,0.4929,0.8959,0
0,0.0078,10.76,0,0,0.1204,0.8557,0
0,0.1549,36.39,0,0,0.1465,0.8781,0
1,0.0712,44.46,0,0,0.0361,0.8483,0
0,0.1218,4.78,0,0,0.2853,0.8261,0
1,0.0265,55.04,0,0,0.0163,0.9015,0
0,0.0087,11.48,0,0,0.1845,0.9246,0
0,0.0853,24.42,0,0,0.0879,0.8715,0
0,0.2177,1.33,0,0,0.2534,0.9085,0
0,0.0112,85.04,0,0,0.0413,0.7895,0
1,0.0892,27.58,0,0,0.16,0.9253,0
0,0.0444,16.83,0,0,0.2338,0.8521,0
0,0.2205,6.8,0,0,0.5079,0.7103,0
0,0.2448,23.64,0,1,0.0088,0.8113,0
0,0.3887,77.06,0,0,0.1489,0.8635,0
0,0.0577,40.05,0,0,0.0616,0.8872,0
0,0.031,8.71,0,0,0.3976,0.7676,0
0,0.0715,14.63,0,0,0.1263,0.9273,0
1,0.2942,41.65,0,0,0.0159,0.79,0
7,0.8769,1195.01,0,1,0.6554,0.7441,1
1,0.1751,11.66,0,0,0.0195,0.8869,0
0,0.1446,2.65,0,0,0.2993,0.8359,0
0,0.1086,60.71,0,0,0.1179,0.8691,0
1,0.1174,29.12,0,0,0.2755,0.8338,0
0,0.0087,54.57,0,0,0.2869,0.974,0
1,0.1959,41.92,0,1,0.1397,0.8826,0
0,0.1286,3.13,0,0,0.0574,0.9706,0
1,0.0925,9.36,0,0,0.1863,0.9275,0
0,0.0939,5.13,0,0,0.0322,0.9489,0
1,0.0431,0.56,0,0,0.1767,0.7887,0
0,0.2029,42.57,0,0,0.0075,0.722,0
1,0.2201,4.64,0,0,0.021,0.8297,0
2,0.0364,24.1,0,0,0.0121,0.6837,0
8,0.7382,136.83,1,1,0.5154,0.1967,1
0,0.0482,34.29,0,0,0.0238,0.8102,0
0,0.1243,80.58,0,0,0.0158,0.9575,0
0,0.0842,46.97,0,0,0.0059,0.9041,0
0,0.2178,44.18,0,0,0.0918,0.9422,0
0,0.0229,1.95,0,0,0.0051,0.9468,0
2,0.0726,22.56,0,0,0.024,0.8389,0
0,0.0839,73.63,0,0,0.334,0.7963,0
0,0.1429,1.49,0,0,0.2473,0.6443,0
14,0.8231,2894.39,1,1,0.76,0.0621,1
0,0.0205,7.86,0,0,0.2277,0.9168,0
2,0.2609,10.57,0,0,0.0397,0.8036,0
9,0.7797,1411.72,1,1,0.6876,0.2874,1
16,0.8763,2001.95,1,0,0.8148,0.3019,1
1,0.0957,7.91,0,0,0.1915,0.845,0
1,0.2477,19.97,0,0,0.303,0.9222,0
0,0.1283,29.98,0,0,0.4923,0.6911,0
0,0.0267,55.97,0,1,0.0649,0.8412,0
0,0.1291,108.29,0,0,0.0866,0.8676,0
0,0.0227,33.12,0,0,0.0176,0.733,0
0,0.2225,46.9,0,0,0.2652,0.7844,0
0,0.3035,9.28,0,0,0.5241,0.8154,0
0,0.0926,41.91,0,1,0.068,0.8539,0
0,0.0775,9.3,0,0,0.2149,0.8341,0
0,0.0161,18.02,0,0,0.1208,0.7853,0
19,0.8982,1553.88,1,1,0.53,0.21,1
0,0.2416,13.56,0,0,0.0302,0.9916,0
12,0.8467,2510.3,1,1,0.6731,0.0885,1
1,0.0204,25.93,0,0,0.0365,0.8073,0
0,0.2875,91.39,0,0,0.4244,0.9559,0
0,0.052,99.29,0,0,0.1342,0.6366,0
13,0.9038,1278.84,0,0,0.697,0.4479,1
0,0.0157,24.9,0,0,0.0899,0.8171,0
0,0.0924,39.63,0,0,0.2675,0.9418,0
0,0.056,3.18,0,0,0.288,0.8287,0
0,0.0133,5.79,0,0,0.4342,0.9156,0
2,0.1525,32.81,0,0,0.2523,0.9311,0
0,0.0218,55.9,0,0,0.0434,0.9016,0
1,0.2951,3.23,0,0,0.1409,0.6285,0
2,0.0711,28.83,0,0,0.0895,0.8774,0
1,0.0612,15.12,0,0,0.131,0.8302,0
1,0.0774,15.42,0,0,0.0845,0.9687,0
3,0.7239,30.25,0,0,0.6505,0.0563,1
0,0.1187,76.58,0,0,0.0178,0.8376,0
0,0.1022,2.87,0,0,0.297,0.9168,0
0,0.2579,45.23,0,0,0.0384,0.9772,0
0,0.0634,23.47,0,0,0.0311,0.85,0
1,0.2904,1.6,1,0,0.1657,0.8401,0
0,0.2225,38.58,0,0,0.2381,0.9766,0
0,0.1621,108.53,0,0,0.157,0.9388,0
0,0.4055,34.62,0,0,0.1952,0.7232,0
0,0.0778,11.82,0,0,0.0181,0.9196,0
0,0.2691,11.79,0,0,0.2916,0.9984,0
1,0.0353,8.44,0,0,0.1797,0.7694,0
0,0.1744,74.78,0,0,0.1035,0.9439,0
0,0.0424,50.32,0,0,0.0216,0.8318,0
1,0.0298,24.12,0,0,0.0446,0.861,0
0,0.044,89.46,1,0,0.1874,0.9351,0
17,0.9212,3183.88,1,1,0.686,0.5652,1
0,0.1207,36.45,0,0,0.0399,0.639,0
2,0.0281,0.76,0,0,0.1303,0.8907,0
0,0.0752,25.11,0,0,0.1855,0.9062,0
0,0.072,18.84,0,0,0.0883,0.8142,0
1,0.1085,11.7,0,1,0.4939,0.8696,0
0,0.4435,53.64,0,0,0.1893,0.9893,0
0,0.0165,3.54,0,0,0.0797,0.815,0
9,0.7394,2937.96,1,0,0.8057,0.2971,1
1,0.1088,4.83,0,0,0.535,0.4618,0
0,0.0519,77.28,0,0,0.0104,0.9875,0
0,0.0169,34.42,0,0,0.1308,0.8863,0
0,0.1636,14.92,0,0,0.0879,0.9661,0
0,0.0318,57.65,0,0,0.0562,0.6361,0
0,0.0319,19.88,0,0,0.0253,0.8333,0
0,0.1704,27.23,0,0,0.2615,0.614,0
0,0.0473,3.6,0,0,0.1231,0.9567,0
13,0.9101,51.48,1,1,0.866,0.1261,1
0,0.0951,16.52,0,1,0.034,0.9463,0
1,0.1069,14.47,0,0,0.0074,0.8565,0
1,0.1225,51.24,0,0,0.2943,0.8746,0
0,0.0765,3.34,0,0,0.2227,0.9406,0
7,0.977,34.95,0,1,0.435,0.314,1
1,0.1039,0.18,1,0,0.5489,0.7961,0
1,0.1386,65.1,0,0,0.3319,0.7519,0
0,0.0285,3.0,0,0,0.0212,0.7323,0
0,0.0617,13.99,0,0,0.0835,0.894,0
0,0.0213,5.82,0,0,0.1405,0.9355,0
1,0.0899,115.51,0,0,0.2058,0.8643,0
0,0.1302,12.03,0,0,0.0574,0.8874,0
0,0.1888,47.6,0,0,0.1738,0.8856,0
1,0.0806,90.85,0,0,0.0468,0.8696,0
0,0.0182,10.27,0,0,0.0771,0.7454,0
0,0.0751,93.92,0,0,0.3419,0.9342,0
1,0.0911,69.23,0,0,0.0916,0.6366,0
8,0.7845,2826.99,0,1,0.6074,0.3598,1
0,0.0507,61.26,0,0,0.3266,0.9581,0
0,0.0893,4.75,0,0,0.0362,0.9225,0
6,0.919,9.81,0,0,0.8718,0.0834,1
0,0.2265,25.93,0,1,0.032,0.7572,0
1,0.1118,11.53,0,0,0.3384,0.6942,0
0,0.0377,15.42,0,0,0.3301,0.8773,0
0,0.1206,48.96,0,0,0.0378,0.8558,0
0,0.1035,84.98,0,0,0.0674,0.7898,0
0,0.1406,61.41,0,0,0.2201,0.9586,0
1,0.0507,0.14,0,0,0.0499,0.921,0
8,0.5664,871.72,1,0,0.6234,0.2537,1
0,0.1156,69.14,0,0,0.0986,0.9069,0
0,0.2466,8.04,0,0,0.0512,0.9492,0
1,0.0141,47.51,0,0,0.0388,0.9614,0
1,0.0461,48.14,0,0,0.4039,0.9207,0
0,0.1709,34.83,0,0,0.14,0.7258,0
0,0.0897,9.49,0,0,0.4901,0.8466,0
1,0.0351,210.07,0,0,0.145,0.7542,0
0,0.0407,31.0,0,0,0.1463,0.8545,0
1,0.0341,14.05,0,0,0.1099,0.9479,0
1,0.1656,49.15,0,0,0.2914,0.79,0
11,0.84,0.89,0,1,0.8209,0.1875,1
1,0.109,18.17,0,0,0.0547,0.9221,0
0,0.0253,35.22,0,0,0.2566,0.9853,0
0,0.0275,8.95,0,0,0.2282,0.8621,0
1,0.0881,23.13,0,0,0.089,0.8097,0
5,0.8796,6.01,1,0,0.3827,0.3121,1
0,0.1276,30.66,0,0,0.0255,0.893,0
0,0.1352,14.07,0,0,0.0549,0.751,0
0,0.1467,24.92,0,0,0.0157,0.8713,0
0,0.0803,9.49,0,0,0.0515,0.8346,0
1,0.083,82.18,0,0,0.104,0.8532,0
1,0.0883,11.17,0,0,0.3532,0.8289,0
9,0.8129,2372.66,1,0,0.6205,0.4814,1
0,0.2366,0.8,0,0,0.2477,0.8552,0
1,0.0444,40.9,0,0,0.303,0.6682,0
1,0.1225,45.04,0,0,0.549,0.8358,0
20,0.4649,40.37,1,1,0.5668,0.1836,1
0,0.0627,19.45,0,0,0.0068,0.9424,0
0,0.1306,21.33,0,0,0.3784,0.6724,0
0,0.0298,9.48,0,0,0.0189,0.986,0
1,0.0279,75.63,0,0,0.1208,0.9737,0
0,0.0813,19.59,0,0,0.0123,0.6012,0
0,0.1566,123.33,0,0,0.2508,0.6967,0
8,0.9226,1852.65,1,0,0.7446,0.0132,1
1,0.3002,66.2,0,0,0.0777,0.7564,0
0,0.1092,1.09,0,0,0.0006,0.9451,0
0,0.1394,10.41,0,0,0.3176,0.582,0
12,0.572,25.72,0,1,0.2417,0.1048,1
0,0.1811,57.99,0,1,0.0096,0.7088,0
3,0.9198,3494.05,1,0,0.5095,0.1257,1
2,0.1264,29.0,0,0,0.2188,0.8436,0
0,0.1993,79.43,0,0,0.0761,0.8347,0
1,0.0689,1.74,0,1,0.3798,0.9214,0
0,0.0402,16.87,0,0,0.195,0.7367,0
0,0.038,7.4,0,0,0.0412,0.9623,0
1,0.0842,17.86,0,0,0.0181,0.9007,0
8,0.9604,194.32,0,1,0.7665,0.1293,1
0,0.0653,13.33,0,0,0.2845,0.8313,0
0,0.1353,1.22,0,0,0.012,0.8392,0
1,0.0866,87.8,0,0,0.1262,0.8873,0
0,0.2701,29.09,0,1,0.3151,0.8202,0
2,0.0916,35.06,0,0,0.0385,0.9481,0
0,0.1612,3.07,0,0,0.0588,0.6601,0
1,0.1346,1.06,0,0,0.1668,0.6609,0
0,0.0101,25.87,0,0,0.2558,0.7212,0
0,0.0509,107.57,0,0,0.0418,0.8377,0
2,0.1676,13.26,0,0,0.0298,0.9482,0
0,0.0459,35.31,0,1,0.1529,0.8726,0
0,0.1367,5.22,0,0,0.1236,0.4607,0
0,0.0526,36.18,0,0,0.279,0.9102,0
0,0.0882,24.27,0,0,0.096,0.8626,0
1,0.1712,5.6,0,0,0.1019,0.793,0
0,0.0571,16.46,0,0,0.0298,0.6647,0
0,0.0319,13.64,0,0,0.0731,0.9297,0
0,0.0576,79.4,0,0,0.0159,0.7004,0
1,0.0674,19.38,0,0,0.2267,0.9815,0
0,0.1086,20.51,0,0,0.3527,0.7001,0
3,0.7388,952.59,1,0,0.5532,0.0597,1
0,0.0274,81.18,0,0,0.01,0.9702,0
0,0.1043,30.94,0,0,0.2637,0.733,0
1,0.0577,46.16,0,0,0.1164,0.9302,0
1,0.1285,29.3,0,0,0.0464,0.9099,0
1,0.0515,25.87,0,0,0.1027,0.9465,0
0,0.097,42.69,0,0,0.14,0.8691,0
1,0.0178,35.87,0,0,0.1429,0.9932,0
0,0.0319,44.68,0,0,0.0603,0.9349,0
0,0.0648,13.38,0,0,0.1457,0.9112,0
0,0.0939,0.32,0,0,0.353,0.7895,0
0,0.0962,42.45,0,0,0.1726,0.6173,0
0,0.0873,15.95,0,0,0.2118,0.8396,0
0,0.0888,5.46,0,0,0.1127,0.7739,0
0,0.016,270.59,0,0,0.1091,0.9666,0
0,0.0579,12.54,0,0,0.2566,0.804,0
4,0.8046,3332.18,1,0,0.7129,0.1172,1
1,0.0136,109.16,0,0,0.0448,0.906,0
0,0.0783,6.15,0,0,0.2018,0.8161,0
1,0.1464,4.79,0,0,0.2234,0.5031,0
0,0.0605,51.87,0,0,0.2162,0.9238,0
0,0.1099,154.65,0,0,0.329,0.9515,0
0,0.3106,270.56,0,0,0.5318,0.9711,0
0,0.0738,7.34,0,0,0.3422,0.7601,0
0,0.023,61.36,0,1,0.1002,0.9896,0
1,0.0234,24.79,0,0,0.2486,0.9373,0
0,0.0388,20.45,0,0,0.1274,0.8152,0
0,0.1369,78.23,0,0,0.0542,0.9975,0
0,0.1245,29.96,0,0,0.1663,0.9893,0
0,0.1544,81.36,0,0,0.2816,0.9375,0
4,0.8375,13.4,0,1,0.6422,0.0958,1
1,0.0049,10.95,0,0,0.2538,0.9432,0
2,0.2851,5.47,0,0,0.0942,0.9256,0
1,0.225,47.26,0,0,0.0337,0.3885,0
0,0.1502,34.26,0,0,0.1238,0.9604,0
1,0.1447,3.29,0,0,0.1816,0.8831,0
0,0.082,51.32,0,0,0.4174,0.9406,0
1,0.1798,61.02,0,0,0.1465,0.796,0
0,0.1592,40.34,0,1,0.1875,0.8818,0
1,0.282,3.42,0,0,0.3143,0.9365,0
1,0.0758,31.85,0,0,0.1523,0.9265,0
0,0.0259,9.01,0,0,0.264,0.7498,0
10,0.5742,2054.6,1,0,0.4454,0.2295,1
1,0.015,28.51,0,0,0.039,0.7721,0
0,0.0249,11.12,0,0,0.12,0.8186,0
0,0.0524,31.22,0,0,0.0217,0.8371,0
0,0.2701,23.49,0,0,0.1703,0.9544,0
1,0.1741,0.2,0,0,0.1797,0.8384,0
13,0.5489,1592.21,0,0,0.4462,0.2487,1
0,0.0305,161.41,0,0,0.0635,0.9007,0
0,0.0211,24.47,0,0,0.0365,0.8588,0
2,0.0298,26.34,0,0,0.0767,0.8931,0
1,0.344,11.04,0,0,0.0267,0.5694,0
10,0.8237,3429.05,1,1,0.8892,0.1203,1
0,0.1514,3.17,0,0,0.139,0.9684,0
4,0.6155,2273.49,0,1,0.7356,0.1573,1
2,0.0798,78.01,0,0,0.329,0.9368,0
14,0.6506,1944.37,1,0,0.5384,0.2013,1
0,0.0819,55.85,1,0,0.176,0.9779,0
0,0.09,11.81,0,0,0.2893,0.8221,0
3,0.9197,3451.28,1,0,0.276,0.0429,1
0,0.0021,12.63,0,0,0.1222,0.9151,0
1,0.1895,17.58,0,0,0.3741,0.7024,0
4,0.7193,124.47,1,1,0.7156,0.4686,1
7,0.8527,29.21,1,1,0.4714,0.1361,1
0,0.1618,1.08,0,0,0.6462,0.9073,0
0,0.1929,5.47,0,0,0.1285,0.8412,0
0,0.2915,22.44,0,0,0.2235,0.8959,0
0,0.0456,129.31,0,0,0.2701,0.9139,0
2,0.4716,34.67,1,1,0.6721,0.1747,1
0,0.0991,26.58,0,0,0.2183,0.9704,0
1,0.1832,4.14,0,0,0.0246,0.9051,0
0,0.0969,125.74,0,0,0.21,0.9713,0
0,0.2253,23.24,0,0,0.2457,0.887,0
16,0.9221,1491.04,1,1,0.617,0.4646,1
0,0.0007,64.69,0,0,0.3384,0.717,0
0,0.278,93.02,0,0,0.0964,0.8515,0
1,0.1,52.32,0,0,0.1095,0.9109,0
0,0.0468,63.32,0,0,0.093,0.9349,0
10,0.8312,3.73,1,1,0.972,0.6203,1
0,0.1067,70.45,0,0,0.3728,0.9139,0
1,0.019,71.01,0,0,0.0819,0.7324,0
10,0.923,3271.42,1,1,0.6744,0.0934,1
3,0.0875,35.82,0,0,0.0792,0.8243,0
0,0.1292,31.24,0,0,0.1829,0.9371,0
0,0.0583,0.87,0,0,0.0902,0.816,0
1,0.0679,0.06,0,0,0.3297,0.9472,0
0,0.0785,2.83,0,0,0.1011,0.8227,0
0,0.0912,13.34,0,0,0.0471,0.8194,0
2,0.0354,24.11,0,0,0.0669,0.9054,0
2,0.0137,24.64,0,0,0.2574,0.7021,0
1,0.0085,14.21,0,0,0.3655,0.7148,0
12,0.9559,1997.22,1,1,0.6857,0.2555,1
1,0.005,29.21,0,0,0.0984,0.8232,0
13,0.6641,2551.11,1,1,0.6962,0.176,1
1,0.16,59.59,0,0,0.0705,0.651,0
1,0.3313,78.1,0,0,0.0021,0.9434,0
0,0.1462,11.13,0,0,0.2669,0.9692,0
1,0.0449,8.6,0,0,0.353,0.7894,0
0,0.0413,62.42,0,0,0.2043,0.8235,0
0,0.0127,27.77,0,0,0.1059,0.9745,0
1,0.2767,9.45,0,0,0.0889,0.8455,0
0,0.1231,6.49,0,0,0.3435,0.8526,0
0,0.1601,29.34,0,0,0.0726,0.9965,0
1,0.0729,10.42,0,0,0.2235,0.2703,0
0,0.0739,14.57,0,0,0.0345,0.9017,0
0,0.1723,35.67,0,0,0.018,0.6725,0
0,0.1179,45.14,0,0,0.235,0.8568,0
1,0.1358,36.51,0,0,0.2878,0.9317,0
0,0.0132,103.08,0,0,0.0938,0.6308,0
0,0.2515,7.24,0,0,0.1733,0.8153,0
0,0.0814,54.05,0,0,0.2308,0.9006,0
1,0.1458,10.14,0,0,0.0194,0.8994,0
0,0.1463,8.32,0,0,0.0063,0.8241,0
1,0.0654,65.75,0,0,0.3688,0.8333,0
0,0.0177,38.64,0,0,0.1957,0.7119,0
0,0.0467,32.03,0,0,0.0769,0.9469,0
2,0.2335,69.1,0,0,0.2649,0.9536,0
0,0.0596,17.34,0,0,0.0492,0.9796,0
4,0.2782,75.08,0,0,0.0035,0.9387,0
11,0.9066,3015.9,1,0,0.6599,0.0023,1
0,0.0652,2.44,0,0,0.235,0.7667,0
1,0.0714,59.86,0,0,0.2107,0.9226,0
0,0.0597,109.99,0,0,0.1284,0.8444,0
0,0.2886,2.79,0,0,0.2826,0.9336,0
1,0.0753,18.2,0,0,0.0283,0.7905,0
0,0.1077,26.1,0,0,0.0153,0.8936,0
0,0.2856,13.18,0,0,0.0139,0.8789,0
0,0.1775,32.99,0,0,0.3619,0.9187,0
0,0.0072,49.81,0,0,0.3979,0.7953,0
14,0.9861,1949.12,0,1,0.6031,0.5835,1
1,0.0335,65.28,0,0,0.0996,0.9426,0
0,0.1133,58.34,0,0,0.3816,0.9775,0
0,0.0638,29.3,0,0,0.0622,0.9692,0
0,0.2413,61.52,0,0,0.081,0.9059,0
2,0.0324,67.6,0,0,0.399,0.7973,0
0,0.0161,15.49,0,0,0.1298,0.7655,0
0,0.1509,8.24,0,0,0.0827,0.9736,0
0,0.1927,9.47,0,0,0.0549,0.7057,0
0,0.0888,7.94,1,0,0.0088,0.8364,0
0,0.1503,57.05,0,0,0.1086,0.7945,0
0,0.0543,25.91,0,0,0.1122,0.9492,0
0,0.0555,7.86,0,0,0.0286,0.8462,0
0,0.1291,18.69,0,0,0.0849,0.8044,0
1,0.1441,34.85,0,1,0.2626,0.9492,0
0,0.2307,23.19,0,0,0.0542,0.9397,0
10,0.8172,2485.9,1,0,0.6504,0.1974,1
0,0.3566,6.91,0,0,0.0665,0.8904,0
0,0.0601,68.38,0,0,0.3445,0.9287,0
0,0.1132,75.04,0,0,0.2199,0.9284,0
1,0.2022,50.53,0,0,0.1228,0.808,0
0,0.1494,28.27,0,0,0.0863,0.9331,0
0,0.2692,5.76,0,0,0.0587,0.6953,0
1,0.1162,23.11,0,1,0.1068,0.8895,0
0,0.1554,4.12,0,0,0.0232,0.8744,0
0,0.0872,63.67,0,0,0.1116,0.9131,0
13,0.7197,2742.01,0,0,0.6434,0.3375,1
0,0.0663,12.27,0,0,0.0347,0.8861,0
2,0.1174,12.74,0,0,0.3566,0.6,0
1,0.065,18.45,0,0,0.1344,0.8263,0
20,0.913,2260.54,1,1,0.8322,0.2301,1
0,0.0441,22.66,0,0,0.0857,0.8464,0
12,0.7618,1554.35,0,0,0.8241,0.2238,1
0,0.067,10.53,0,0,0.1955,0.7254,0
1,0.1639,12.24,0,0,0.0377,0.9356,0
0,0.0799,91.27,0,0,0.2061,0.9092,0
7,0.8152,2729.42,1,1,0.7678,0.1142,1
1,0.0154,32.14,0,0,0.2306,0.7531,0
1,0.0992,115.38,0,0,0.1952,0.8244,0
2,0.0668,104.62,0,0,0.3004,0.8489,0
1,0.0762,2.87,0,0,0.1154,0.7675,0
7,0.7975,124.43,1,0,0.8989,0.1774,1
0,0.1918,11.85,0,0,0.2259,0.6671,0
0,0.0826,31.36,0,0,0.3672,0.8171,0
1,0.1303,14.23,0,0,0.1587,0.7209,0
0,0.0625,5.47,0,0,0.0858,0.7398,0
0,0.1583,25.91,0,0,0.035,0.9396,0
10,0.9297,252.72,0,1,0.7728,0.1261,1
0,0.0634,28.5,0,1,0.1123,0.6508,0
0,0.1403,4.86,0,0,0.0095,0.8124,0
0,0.0441,76.44,0,0,0.0416,0.6321,0
1,0.0574,23.87,0,0,0.4024,0.6469,0
0,0.0386,12.29,0,0,0.0195,0.8499,0
0,0.0499,3.43,0,0,0.1213,0.9254,0
1,0.1454,44.32,0,0,0.2117,0.9249,0
0,0.1476,28.55,0,0,0.0608,0.8186,0
0,0.0493,34.52,0,0,0.1708,0.5161,0
0,0.1468,38.74,0,0,0.0657,0.8596,0
6,0.8664,2890.93,0,1,0.7737,0.5195,1
0,0.0041,107.95,0,0,0.2527,0.9306,0
10,0.8869,34.1,0,1,0.8789,0.226,1
0,0.1318,83.23,0,0,0.0477,0.9217,0
1,0.0195,35.98,0,0,0.1135,0.7095,0
1,0.2267,14.13,0,0,0.0336,0.8147,0
0,0.0137,26.39,0,0,0.6242,0.9367,0
0,0.0413,7.57,0,0,0.3161,0.9648,0
0,0.1912,66.61,0,1,0.1031,0.8584,0
0,0.0741,22.57,0,0,0.4345,0.9044,0
1,0.0319,15.96,0,0,0.0579,0.8656,0
0,0.1161,26.76,0,0,0.1377,0.913,0
1,0.0439,0.63,0,0,0.2361,0.8121,0
0,0.249,8.81,0,0,0.034,0.9229,0
0,0.0292,26.05,0,0,0.1382,0.8913,0
0,0.1885,21.7,0,0,0.2404,0.8893,0
1,0.0567,17.6,0,0,0.2878,0.9193,0
2,0.1805,43.21,0,0,0.367,0.928,0
1,0.0788,35.35,0,0,0.1164,0.6826,0
0,0.0261,50.13,0,0,0.3203,0.879,0
2,0.0498,1.36,0,0,0.1216,0.5889,0
0,0.0068,85.69,0,0,0.0234,0.9149,0
1,0.0451,10.62,0,0,0.1487,0.8554,0
0,0.0571,10.45,0,0,0.6533,0.8887,0
6,0.9203,897.07,1,1,0.6232,0.0395,1
1,0.1432,34.05,0,0,0.0953,0.8382,0
0,0.2561,17.97,0,0,0.11,0.8548,0
0,0.0957,6.13,0,0,0.0616,0.7216,0
1,0.094,91.73,0,0,0.0798,0.8936,0
0,0.1401,60.46,0,0,0.0279,0.7765,0
6,0.7345,2369.84,1,1,0.4015,0.3876,1
11,0.803,17.01,1,1,0.7936,0.3957,1
0,0.1522,3.42,0,0,0.0208,0.9538,0
1,0.0809,5.02,0,0,0.0383,0.8325,0
0,0.0322,18.46,0,0,0.0036,0.7992,0
1,0.0211,29.37,0,0,0.0155,0.8517,0
1,0.0819,2.1,0,0,0.1535,0.9181,0
1,0.0972,116.48,0,0,0.079,0.9449,0
1,0.0671,25.79,0,0,0.0008,0.9638,0
0,0.2016,1.77,0,0,0.0464,0.9233,0
12,0.7353,1064.28,1,1,0.8105,0.2689,1
3,0.8623,1151.05,1,1,0.7683,0.1795,1
0,0.0614,13.78,0,0,0.0444,0.8757,0
13,0.811,7.78,1,0,0.7236,0.3843,1
1,0.2322,33.06,0,0,0.1515,0.7558,0
0,0.1729,35.31,0,0,0.3354,0.7901,0
0,0.2036,0.88,0,0,0.1489,0.6463,0
0,0.0321,26.79,0,0,0.0816,0.7146,0
1,0.0033,34.53,0,0,0.0097,0.8957,0
0,0.0177,43.84,0,0,0.1885,0.9747,0
1,0.067,11.36,0,0,0.063,0.9191,0
0,0.0817,64.79,0,0,0.2761,0.8898,0
0,0.0711,48.74,0,0,0.1704,0.8281,0
0,0.0604,14.26,0,0,0.2449,0.9388,0
2,0.0581,0.26,0,0,0.0595,0.7937,0
2,0.1822,7.81,0,0,0.1145,0.7956,0
1,0.063,38.54,0,0,0.2661,0.9276,0
0,0.0854,16.14,0,0,0.1526,0.9062,0
0,0.1404,86.6,0,0,0.0695,0.7575,0
0,0.0676,0.06,0,0,0.1367,0.8472,0
0,0.0365,32.25,0,0,0.3271,0.836,0
1,0.1805,64.59,0,0,0.2811,0.8144,0
0,0.1793,13.15,0,0,0.3874,0.9563,0
0,0.1873,14.16,0,0,0.0136,0.8735,0
1,0.0073,25.79,0,0,0.0235,0.6917,0
1,0.02,3.46,1,0,0.1262,0.823,0
0,0.1388,15.63,0,0,0.0654,0.7349,0
1,0.0902,6.41,0,0,0.068,0.8275,0
8,0.9171,1573.28,1,1,0.5757,0.326,1
0,0.147,4.63,0,0,0.1493,0.9247,0
1,0.054,45.26,0,0,0.1092,0.6869,0
12,0.6828,2631.07,1,1,0.8031,0.1426,1
2,0.0843,3.31,0,0,0.3195,0.8077,0
1,0.1449,12.85,0,0,0.3474,0.7416,0
7,0.8461,1202.29,0,1,0.7794,0.0759,1
0,0.1378,102.86,0,0,0.1895,0.9709,0
0,0.0298,22.76,0,0,0.0289,0.8665,0
0,0.1305,58.56,0,1,0.1597,0.9376,0
2,0.177,52.43,0,0,0.1061,0.9525,0
0,0.0328,54.32,0,0,0.2216,0.8385,0
2,0.1586,0.75,0,0,0.1482,0.8437,0
2,0.1244,41.66,0,0,0.1746,0.9117,0
15,0.6196,55.52,1,1,0.9222,0.1106,1
1,0.2921,20.85,0,0,0.1066,0.8629,0
0,0.0807,28.14,0,0,0.4697,0.6625,0
0,0.2142,6.44,1,0,0.088,0.9067,0
0,0.0534,9.76,0,0,0.1753,0.9589,0
1,0.1374,2.41,0,0,0.1938,0.8105,0
2,0.2031,47.94,0,0,0.0839,0.9348,0
0,0.0398,58.26,0,0,0.0762,0.9296,0
0,0.0294,22.67,0,0,0.2506,0.8121,0
1,0.0624,45.22,0,0,0.0121,0.8301,0
0,0.2242,17.27,0,0,0.0082,0.8514,0
0,0.0737,26.68,0,0,0.0974,0.9797,0
0,0.0349,61.56,0,0,0.12,0.8568,0
1,0.0522,22.76,0,0,0.2234,0.8504,0
2,0.1197,24.67,0,0,0.0436,0.8743,0
17,0.7221,24.69,0,1,0.7527,0.28,1
1,0.0777,2.13,0,0,0.2991,0.7688,0
1,0.0589,0.11,0,0,0.1531,0.9923,0
12,0.7894,1544.98,0,0,0.3846,0.2741,1
7,0.7676,78.19,1,0,0.8019,0.5006,1
0,0.1193,101.74,0,0,0.0411,0.7875,0
6,0.9542,22.72,1,1,0.7159,0.0159,1
0,0.0514,15.56,0,0,0.0478,0.9365,0
11,0.8006,1569.24,1,0,0.719,0.0525,1
0,0.0852,23.78,0,0,0.1212,0.9541,0
0,0.2408,36.5,0,0,0.1832,0.8555,0
0,0.0161,43.91,0,1,0.0162,0.9843,0
1,0.0803,107.5,0,0,0.0876,0.7731,0
0,0.0388,46.0,0,0,0.1946,0.8636,0
0,0.1522,51.33,0,0,0.0858,0.7515,0
0,0.0222,47.3,0,0,0.0952,0.8992,0
0,0.0381,9.21,0,0,0.075,0.8492,0
0,0.1799,17.62,0,0,0.4785,0.9323,0
1,0.0607,20.75,0,0,0.1313,0.8479,0
1,0.1174,5.08,0,0,0.0369,0.8449,0
1,0.0868,43.73,0,0,0.0115,0.6578,0
12,0.7296,80.56,1,0,0.8553,0.0534,1
1,0.2424,13.96,0,0,0.3551,0.9246,0
0,0.0885,45.16,0,0,0.1033,0.9053,0
0,0.2601,6.32,0,0,0.0869,0.7065,0
5,0.852,125.24,1,0,0.3608,0.0581,1
1,0.2141,75.66,0,0,0.0862,0.9694,0
7,0.9041,1517.43,0,1,0.5681,0.2003,1
0,0.1563,4.08,0,0,0.0737,0.9124,0
9,0.7701,1172.49,0,1,0.7918,0.1159,1
0,0.1796,35.06,0,0,0.0062,0.9295,0
0,0.2326,10.99,0,0,0.1737,0.9879,0
1,0.104,47.65,0,0,0.2539,0.917,0
0,0.2223,12.8,0,0,0.1868,0.9095,0
0,0.2712,43.83,0,0,0.2891,0.9643,0
8,0.7468,185.77,1,0,0.6791,0.2334,1
0,0.0521,3.43,0,0,0.0931,0.8219,0
1,0.0221,28.38,0,0,0.7715,0.8685,0
0,0.0227,6.93,0,0,0.0927,0.793,0
6,0.9089,33.66,0,1,0.4735,0.4306,1
1,0.2315,119.42,0,0,0.1621,0.8504,0
5,0.8853,2083.47,1,1,0.7593,0.1738,1
0,0.0037,68.98,0,0,0.1116,0.7487,0
4,0.6889,24.96,1,0,0.4539,0.2656,1
0,0.2178,10.52,0,0,0.1746,0.5502,0
12,0.7085,30.33,1,0,0.6681,0.2027,1
12,0.7042,2435.19,1,1,0.6466,0.2105,1
1,0.0702,60.12,0,0,0.1806,0.9801,0
2,0.0031,72.34,0,0,0.0535,0.9665,0
12,0.6629,1829.15,0,1,0.7909,0.0361,1
0,0.0456,2.5,0,0,0.032,0.8777,0
0,0.1551,2.8,0,0,0.3459,0.864,0
0,0.0296,54.34,0,0,0.1048,0.7547,0
0,0.0957,69.14,0,0,0.099,0.7548,0
8,0.9418,1867.01,1,1,0.7575,0.1364,1
0,0.3083,22.65,0,0,0.0083,0.8697,0
20,0.7146,2608.42,1,0,0.6943,0.0058,1
2,0.1307,9.87,0,0,0.2216,0.8781,0
2,0.0441,99.42,0,0,0.3205,0.8444,0
7,0.5,3199.15,0,0,0.8141,0.2252,1
0,0.144,3.71,0,0,0.128,0.8738,0
0,0.2054,7.4,0,0,0.284,0.9244,0
0,0.1045,58.12,0,0,0.0557,0.9338,0
0,0.2073,74.01,0,0,0.2123,0.7675,0
13,0.726,1295.82,1,0,0.6638,0.0463,1
0,0.0446,0.44,0,0,0.5111,0.934,0
1,0.0904,49.23,0,0,0.213,0.8306,0
0,0.0982,23.38,0,0,0.0287,0.7538,0
1,0.0574,19.43,0,0,0.5687,0.7156,0
1,0.0267,192.47,0,0,0.301,0.9268,0
2,0.0823,13.91,0,0,0.0326,0.7787,0
0,0.0947,37.96,0,0,0.5247,0.8948,0
0,0.2151,6.55,0,0,0.2511,0.7288,0
2,0.0339,32.13,0,0,0.2532,0.8454,0
1,0.1113,127.18,0,0,0.0545,0.8143,0
0,0.175,41.49,0,0,0.1043,0.9826,0
0,0.1976,43.17,0,0,0.4035,0.8754,0
0,0.0732,7.4,0,0,0.0451,0.9684,0
10,0.9052,3342.2,1,0,0.7017,0.6894,1
2,0.134,55.71,0,0,0.0573,0.8996,0
0,0.2708,50.51,0,0,0.1239,0.6176,0
5,0.8783,3322.61,1,0,0.5132,0.0814,1
1,0.0968,15.52,0,0,0.1659,0.8997,0
2,0.0806,70.42,0,0,0.328,0.9639,0
0,0.2967,17.15,0,0,0.0266,0.9784,0
0,0.3393,17.93,0,0,0.0533,0.871,0
2,0.0842,104.83,0,0,0.1558,0.7165,0
0,0.0465,3.09,0,0,0.0766,0.8423,0
0,0.0217,9.9,0,0,0.1604,0.8978,0
0,0.01,57.34,0,0,0.0419,0.572,0
13,0.7069,1050.65,0,1,0.8219,0.3959,1
0,0.2316,21.75,0,0,0.1439,0.775,0
1,0.3198,16.52,0,0,0.0773,0.8246,0
1,0.0613,5.92,0,0,0.2865,0.8498,0
0,0.173,87.11,0,0,0.0715,0.8854,0
1,0.021,28.99,0,0,0.0682,0.9244,0
0,0.072,65.74,0,0,0.1027,0.814,0
0,0.1904,84.55,0,0,0.008,0.7769,0
0,0.1119,0.53,0,0,0.0657,0.5537,0
0,0.0546,11.89,1,0,0.1014,0.9867,0
0,0.0341,21.84,0,0,0.1279,0.8741,0
0,0.0542,66.73,1,0,0.0403,0.8825,0
0,0.0189,71.41,0,0,0.0506,0.6833,0
0,0.048,34.05,0,0,0.2132,0.7999,0
1,0.0301,27.24,0,0,0.102,0.864,0
0,0.0639,97.78,0,0,0.2565,0.9467,0
1,0.123,43.75,0,0,0.1396,0.7283,0
9,0.9138,64.13,1,1,0.6119,0.11,1
0,0.0323,160.84,0,0,0.0817,0.8751,0
11,0.8266,182.69,1,0,0.7525,0.4208,1
0,0.0517,19.15,0,0,0.0286,0.7103,0
1,0.0631,29.26,0,0,0.374,0.7297,0
1,0.075,48.47,0,0,0.2024,0.9229,0
0,0.1008,22.27,0,0,0.2491,0.7861,0
4,0.889,3298.86,0,1,0.7665,0.2582,1
0,0.1359,2.54,0,0,0.0153,0.9601,0
1,0.2248,28.54,0,0,0.0382,0.7928,0
0,0.0846,6.22,0,0,0.1856,0.905,0
0,0.0658,54.33,0,0,0.1421,0.69,0
1,0.0644,16.04,0,0,0.0867,0.7579,0
1,0.1892,13.13,0,0,0.0067,0.7735,0
10,0.8479,3119.94,1,1,0.7895,0.5032,1
0,0.0065,57.59,0,0,0.0255,0.5431,0
0,0.0808,122.18,0,0,0.0068,0.9277,0
0,0.0947,11.56,0,0,0.7176,0.8294,0
1,0.0112,6.47,0,0,0.0348,0.7865,0
1,0.0229,21.4,0,0,0.1043,0.946,0
0,0.0371,23.39,0,0,0.1587,0.8041,0
0,0.037,67.69,0,0,0.0488,0.9158,0
0,0.0733,55.31,0,0,0.1804,0.9759,0
0,0.1755,12.74,0,0,0.5228,0.8612,0
13,0.8176,1228.0,1,1,0.9023,0.0511,1
0,0.0461,27.75,0,0,0.531,0.7465,0
1,0.0088,4.85,0,0,0.0643,0.9414,0
1,0.2164,38.34,0,0,0.2621,0.6843,0
0,0.3291,43.98,0,0,0.0815,0.7522,0
0,0.0936,47.5,0,0,0.2289,0.7943,0
2,0.1227,35.27,0,0,0.1154,0.8836,0
0,0.0839,5.81,0,0,0.1492,0.9244,0
1,0.24,31.23,0,1,0.1364,0.836,0
0,0.0943,126.68,0,0,0.3562,0.7278,0
0,0.0352,53.66,0,0,0.1989,0.8808,0
1,0.128,14.02,0,0,0.3842,0.8178,0
0,0.077,123.04,0,0,0.125,0.7233,0
1,0.0659,21.6,0,0,0.0157,0.8863,0
0,0.2453,6.78,0,0,0.1933,0.8273,0
0,0.0973,177.55,0,0,0.2809,0.7698,0
0,0.135,80.3,0,0,0.2257,0.8823,0
0,0.0707,86.07,0,0,0.3101,0.4375,0
0,0.0152,10.44,0,0,0.0555,0.9006,0
0,0.0644,37.69,0,0,0.5892,0.9955,0
0,0.0356,178.42,0,0,0.1083,0.6495,0
12,0.7923,29.92,1,1,0.8594,0.5355,1
0,0.1372,18.91,0,0,0.1857,0.906,0
0,0.0797,2.04,0,1,0.0208,0.7973,0
0,0.2152,1.05,0,0,0.2256,0.9602,0
1,0.2645,2.9,0,0,0.1365,0.8972,0
0,0.1785,18.82,0,0,0.0638,0.9182,0
0,0.0184,51.07,1,0,0.0614,0.7941,0
1,0.0129,15.84,0,0,0.0038,0.6898,0
0,0.0345,9.18,0,0,0.1606,0.9102,0
0,0.1995,44.17,0,0,0.2717,0.9957,0
0,0.0758,25.57,0,0,0.1357,0.7846,0
15,0.7703,1062.45,0,1,0.7559,0.0857,1
1,0.0911,1.78,0,0,0.4808,0.9188,0
0,0.0196,7.87,0,0,0.448,0.7482,0
2,0.0147,6.32,0,0,0.1538,0.7812,0
0,0.0377,58.0,0,0,0.0767,0.8862,0
1,0.0626,13.21,0,0,0.2451,0.7263,0
1,0.1944,11.97,0,0,0.3099,0.5905,0
0,0.1538,0.42,0,0,0.0589,0.8051,0
0,0.3126,10.5,0,0,0.0408,0.6577,0
0,0.0873,26.69,0,0,0.3298,0.9475,0
8,0.7787,1885.93,1,1,0.5869,0.1915,1
20,0.7941,2486.64,0,1,0.7372,0.0375,1
0,0.1341,4.47,0,0,0.38,0.9739,0
6,0.6572,24.76,1,0,0.6054,0.4555,1
5,0.7245,140.53,1,1,0.9154,0.0252,1
1,0.0344,5.06,0,0,0.1814,0.9837,0
11,0.7623,1975.59,0,1,0.9581,0.3123,1
0,0.4231,19.81,0,0,0.2736,0.6378,0
1,0.1296,1.6,0,0,0.1101,0.885,0
0,0.0779,28.27,0,0,0.1223,0.9502,0
0,0.0974,141.02,0,0,0.0653,0.9457,0
1,0.0408,0.43,0,0,0.0277,0.9153,0
1,0.1397,69.26,0,0,0.1373,0.913,0
2,0.1006,7.79,0,0,0.2907,0.7671,0
10,0.6722,1272.77,0,1,0.6823,0.0064,1
1,0.2915,52.99,0,0,0.4823,0.9402,0
2,0.1572,82.0,0,0,0.2188,0.8324,0
7,0.8312,97.51,1,0,0.9539,0.0947,1
1,0.0479,56.88,0,0,0.043,0.7756,0
0,0.1401,63.67,0,0,0.2906,0.657,0
1,0.1747,9.96,0,0,0.1858,0.8801,0
1,0.0876,2.61,0,0,0.0605,0.6176,0
0,0.1301,33.59,0,0,0.0874,0.7181,0
16,0.7151,65.96,1,1,0.9297,0.0098,1
1,0.096,22.08,0,0,0.3647,0.7917,0
0,0.1109,33.7,0,0,0.0025,0.9213,0
0,0.0708,4.28,0,0,0.0544,0.885,0
0,0.0252,1.16,0,0,0.0749,0.9471,0
1,0.0933,89.01,0,0,0.0003,0.6818,0
0,0.0708,17.0,0,0,0.0239,0.9193,0
1,0.112,5.01,0,0,0.1573,0.7869,0
1,0.3308,69.89,0,0,0.0786,0.9201,0
0,0.0669,26.49,0,0,0.4834,0.7793,0
0,0.1061,28.63,0,0,0.5867,0.8542,0
2,0.0326,41.23,0,0,0.3832,0.9394,0
0,0.0147,23.51,0,1,0.1782,0.8551,0
0,0.1845,79.95,0,0,0.0353,0.7269,0
0,0.0842,16.76,0,0,0.1412,0.8782,0
0,0.1649,3.6,0,0,0.0162,0.7526,0
0,0.2854,64.27,0,0,0.1637,0.9123,0
0,0.2203,18.73,0,0,0.2775,0.907,0
0,0.0468,11.13,0,0,0.1365,0.7679,0
1,0.0433,59.02,0,0,0.0483,0.759,0
0,0.14,18.65,0,0,0.2517,0.907,0
1,0.1348,13.68,0,0,0.1398,0.8336,0
0,0.074,9.96,0,0,0.2577,0.8423,0
0,0.1784,4.95,0,0,0.5389,0.9641,0
0,0.0594,121.37,0,0,0.0114,0.614,0
3,0.5772,865.2,1,1,0.8453,0.1454,1
1,0.0762,27.49,0,0,0.0359,0.822,0
10,0.8043,2134.3,0,0,0.6584,0.1994,1
1,0.1446,11.96,0,0,0.2782,0.9584,0
0,0.4213,63.3,0,0,0.0313,0.8881,0
0,0.0239,14.46,0,0,0.0579,0.7584,0
1,0.1691,29.81,0,0,0.0645,0.902,0
1,0.0016,50.37,0,0,0.1708,0.9671,0
0,0.0064,14.58,0,0,0.1903,0.8772,0
0,0.0442,17.6,0,1,0.4575,0.7572,0
0,0.0621,19.34,0,0,0.3983,0.7692,0
3,0.0236,50.54,0,0,0.6061,0.7548,0
0,0.0835,0.8,0,0,0.0041,0.9651,0
1,0.0149,2.41,0,0,0.2231,0.6205,0
0,0.1026,63.91,0,0,0.3366,0.9442,0
0,0.2566,24.44,0,0,0.0657,0.8445,0
0,0.2951,14.24,0,0,0.0246,0.5777,0
0,0.0242,20.6,0,0,0.4459,0.9612,0
0,0.0362,22.66,0,0,0.2053,0.7962,0
1,0.2236,51.65,0,0,0.0442,0.818,0
0,0.0466,75.22,0,0,0.2569,0.8097,0
1,0.0993,76.18,0,0,0.0639,0.826,0
0,0.0897,0.39,0,0,0.0143,0.8867,0
6,0.8666,32.11,1,1,0.4117,0.0694,1
12,0.797,23.51,1,1,0.804,0.0201,1
1,0.0139,28.07,0,0,0.1076,0.8465,0
0,0.0704,13.63,0,0,0.0247,0.7704,0
2,0.6706,52.67,0,1,0.5955,0.1267,1
0,0.0895,42.39,0,0,0.1479,0.9869,0
0,0.0348,62.47,0,0,0.0386,0.8306,0
0,0.0998,18.15,0,0,0.2849,0.8473,0
0,0.2336,43.67,0,0,0.0425,0.882,0
16,0.7051,2085.26,0,1,0.5958,0.274,1
0,0.0753,15.7,1,0,0.0167,0.9226,0
0,0.2659,23.83,0,0,0.2265,0.808,0
0,0.1281,46.55,0,0,0.2096,0.8499,0
2,0.2683,0.83,0,0,0.372,0.8655,0
12,0.7492,3063.17,1,1,0.6665,0.0598,1
0,0.1441,4.17,0,0,0.2191,0.6326,0
0,0.1499,7.9,0,0,0.3672,0.8649,0
0,0.0351,25.97,0,0,0.2423,0.7649,0
1,0.0771,0.65,0,0,0.1141,0.6676,0
0,0.0478,27.31,0,0,0.3253,0.6288,0
1,0.1384,33.72,0,0,0.0448,0.6391,0
0,0.0624,66.3,0,0,0.2066,0.8227,0
0,0.1454,70.41,0,0,0.1332,0.721,0
0,0.0462,13.94,0,0,0.189,0.9429,0
0,0.059,25.69,0,0,0.0041,0.9616,0
0,0.065,9.3,0,0,0.0938,0.9604,0
0,0.0932,78.34,0,0,0.0651,0.8157,0
0,0.0514,0.96,0,0,0.0482,0.8377,0
0,0.0318,19.5,0,0,0.1373,0.9917,0
2,0.0253,4.17,0,0,0.1091,0.8226,0
0,0.1554,9.45,0,0,0.2486,0.8147,0
1,0.2393,70.93,0,0,0.1932,0.6811,0
0,0.02,128.24,0,0,0.3768,0.9611,0
1,0.0263,26.07,0,0,0.0318,0.8008,0
1,0.0539,23.86,0,1,0.0404,0.9201,0
0,0.0871,71.09,0,0,0.1024,0.7734,0
1,0.0188,24.04,0,0,0.208,0.9043,0
0,0.1684,1.38,0,0,0.1214,0.8675,0
0,0.0578,24.36,0,0,0.0235,0.9777,0
1,0.0854,28.4,0,0,0.1036,0.7005,0
10,0.7312,2832.55,0,1,0.6104,0.1099,1
1,0.0314,2.99,0,0,0.0183,0.9551,0
3,0.8719,259.46,1,1,0.6611,0.2537,1
0,0.0736,5.26,0,0,0.0355,0.8418,0
1,0.0405,21.2,0,0,0.1853,0.9196,0
1,0.1242,33.56,0,0,0.0235,0.6773,0
0,0.0273,20.59,0,0,0.1172,0.8573,0
32,0.6812,91.94,0,1,0.9095,0.143,1
0,0.1033,27.61,0,0,0.017,0.8358,0
0,0.0633,97.15,0,0,0.0815,0.955,0
0,0.203,81.46,0,0,0.1124,0.937,0
0,0.2314,25.93,0,0,0.0968,0.8584,0
0,0.046,9.87,0,0,0.1441,0.7768,0
0,0.0264,1.5,0,0,0.0803,0.9154,0
0,0.1406,74.4,0,0,0.1428,0.9313,0
1,0.2504,11.76,0,1,0.1112,0.8178,0
1,0.1817,21.0,0,0,0.0758,0.8121,0
0,0.2442,16.11,0,0,0.0464,0.8565,0
7,0.738,1497.58,1,1,0.6493,0.1665,1
1,0.0864,65.57,0,0,0.1251,0.6889,0
1,0.1606,99.47,0,0,0.1627,0.8116,0
0,0.1478,60.68,0,0,0.2113,0.6605,0
2,0.034,0.2,1,0,0.5582,0.7137,0
7,0.9779,55.0,1,0,0.6979,0.0932,1
0,0.1001,25.07,0,0,0.0521,0.9841,0
1,0.3564,6.07,0,0,0.5236,0.8585,0
3,0.6758,3097.72,1,1,0.4732,0.2398,1
1,0.1517,63.42,0,0,0.2294,0.9427,0
1,0.0283,72.68,0,0,0.024,0.8955,0
0,0.111,73.27,0,1,0.2064,0.9535,0
1,0.2244,26.56,0,0,0.2246,0.6112,0
1,0.0332,40.61,0,0,0.2297,0.9627,0
0,0.0166,65.4,0,0,0.5275,0.7529,0
0,0.1426,9.54,0,0,0.0775,0.946,0
0,0.0884,21.3,0,0,0.0634,0.8875,0
0,0.0213,11.03,0,0,0.2047,0.7491,0
5,0.6776,104.63,1,1,0.7593,0.214,1
0,0.1115,10.68,0,0,0.1245,0.7748,0
1,0.0063,13.76,0,0,0.3159,0.6251,0
9,0.9064,118.99,0,1,0.7766,0.4333,1
0,0.0906,6.6,0,0,0.1118,0.8771,0
1,0.0145,78.88,0,0,0.0607,0.8405,0
0,0.1586,66.74,0,0,0.0825,0.8921,0
1,0.0098,34.62,0,0,0.1012,0.9808,0
0,0.0237,87.78,0,0,0.1722,0.7707,0
0,0.0797,35.22,0,0,0.0578,0.7414,0
0,0.1014,123.18,0,0,0.0182,0.7402,0
1,0.1951,94.57,0,0,0.0991,0.7888,0
0,0.1597,15.77,0,0,0.0118,0.8966,0
1,0.1312,69.86,0,0,0.1007,0.8981,0
1,0.255,9.84,0,0,0.4954,0.9718,0
0,0.1171,76.53,0,0,0.0946,0.8629,0
0,0.087,11.17,0,0,0.231,0.8858,0
1,0.1235,48.44,0,0,0.2527,0.9424,0
11,0.957,3009.53,1,1,0.8605,0.1391,1
0,0.2272,9.78,0,0,0.044,0.8739,0
0,0.0919,91.44,0,0,0.4689,0.9142,0
1,0.0483,54.49,0,0,0.0671,0.8127,0
0,0.2115,50.62,0,0,0.2629,0.846,0
0,0.0693,37.03,0,0,0.1245,0.9861,0
1,0.0769,14.51,0,0,0.0776,0.8349,0
0,0.2401,51.57,0,0,0.1347,0.9166,0
2,0.2752,2.12,0,0,0.1004,0.6075,0
0,0.0171,18.11,0,0,0.0352,0.9608,0
0,0.1063,3.07,0,0,0.0867,0.933,0
2,0.0465,17.63,0,0,0.1028,0.8233,0
2,0.1448,28.3,0,0,0.101,0.9456,0
0,0.1874,55.85,0,0,0.1094,0.8774,0
0,0.0748,74.26,0,0,0.1013,0.9509,0
0,0.1888,39.22,0,0,0.2519,0.9493,0
0,0.091,37.43,0,0,0.1032,0.9524,0
0,0.0422,5.85,0,0,0.0799,0.9385,0
0,0.046,20.14,0,0,0.092,0.8089,0
0,0.2199,3.7,0,0,0.3614,0.8942,0
1,0.2488,13.16,0,0,0.4556,0.8671,0
5,0.9412,1974.89,1,1,0.6389,0.1866,1
13,0.5431,109.51,0,0,0.8332,0.2124,1
1,0.0872,36.45,0,0,0.1018,0.6999,0
0,0.1728,130.1,0,0,0.0428,0.6707,0
0,0.0103,62.87,0,0,0.0872,0.8014,0
1,0.0443,42.54,0,0,0.27,0.9911,0
0,0.0868,53.88,0,0,0.1566,0.9581,0
2,0.1344,102.76,0,0,0.3372,0.7028,0
0,0.0288,7.87,1,0,0.0786,0.6824,0
2,0.0509,75.47,0,0,0.0923,0.8345,0
1,0.0204,1.84,0,0,0.1993,0.9716,0
7,0.881,2435.34,1,1,0.5273,0.0881,1
0,0.152,9.42,0,0,0.0763,0.9242,0
0,0.0186,35.13,0,0,0.0892,0.9508,0
0,0.113,0.63,0,0,0.1387,0.9127,0
0,0.2086,38.35,0,0,0.0506,0.8202,0
1,0.113,2.11,0,0,0.1796,0.9232,0
2,0.3167,10.23,0,0,0.1077,0.6999,0
0,0.2934,10.08,0,0,0.2083,0.7736,0
1,0.0318,3.22,0,0,0.2112,0.8179,0
0,0.2403,119.23,0,0,0.0144,0.7184,0
0,0.0192,28.19,0,0,0.0269,0.907,0
1,0.1255,131.46,0,0,0.2164,0.8376,0
0,0.1622,13.01,0,0,0.2668,0.8981,0
0,0.2095,33.03,0,0,0.0261,0.8773,0
0,0.0377,39.9,0,0,0.1787,0.8982,0
1,0.0309,20.32,0,0,0.1794,0.5178,0
0,0.1179,10.48,0,0,0.1855,0.9643,0
0,0.0128,124.1,0,0,0.4188,0.9905,0
0,0.1295,76.54,0,0,0.1394,0.8421,0
0,0.1734,14.73,0,0,0.0577,0.844,0
0,0.0673,31.32,0,0,0.3241,0.9564,0
7,0.4495,1491.58,0,1,0.5216,0.4283,1
10,0.8449,1577.84,0,0,0.6546,0.4607,1
0,0.2488,52.39,0,0,0.4716,0.6797,0
1,0.1515,40.81,0,0,0.2414,0.6707,0
0,0.1173,54.2,0,0,0.1881,0.9616,0
1,0.0996,14.86,0,0,0.1313,0.6876,0
0,0.044,19.49,0,0,0.1131,0.9002,0
0,0.0469,157.36,0,0,0.1313,0.8893,0
0,0.1266,38.72,0,0,0.0782,0.9453,0
18,0.6486,44.54,1,0,0.5668,0.2675,1
0,0.1296,15.53,0,0,0.0654,0.8131,0
0,0.016,24.81,0,0,0.12,0.5764,0
2,0.1014,48.11,0,0,0.0833,0.9554,0
0,0.1009,6.89,0,0,0.3079,0.9587,0
0,0.2102,2.97,0,0,0.0895,0.8364,0
0,0.0549,44.09,0,0,0.0447,0.9407,0
0,0.0176,30.36,0,0,0.072,0.9835,0
0,0.1791,129.02,0,0,0.0442,0.7207,0
0,0.0347,95.55,0,0,0.1069,0.8579,0
0,0.1922,8.83,0,0,0.3538,0.9475,0
0,0.0791,84.75,0,0,0.2779,0.7476,0
1,0.0498,18.87,0,0,0.0985,0.6117,0
1,0.2557,53.25,0,0,0.0432,0.6282,0
0,0.0362,29.67,0,0,0.351,0.9225,0
2,0.1333,4.53,0,0,0.1832,0.9784,0
0,0.1176,25.82,0,1,0.1574,0.926,0
0,0.1256,14.66,0,0,0.4532,0.8933,0
1,0.1597,8.63,0,0,0.3184,0.7619,0
1,0.0895,98.58,0,0,0.3958,0.9138,0
0,0.0574,51.4,0,0,0.1719,0.7191,0
0,0.0385,34.8,0,0,0.0107,0.6039,0
0,0.1424,13.64,0,0,0.2018,0.823,0
0,0.2471,89.41,0,0,0.225,0.6458,0
0,0.0715,3.76,0,0,0.3643,0.8455,0
0,0.2449,18.45,0,0,0.0296,0.8759,0
0,0.0937,12.23,0,0,0.227,0.9394,0
6,0.7859,2573.87,1,1,0.483,0.4265,1
5,0.8164,2973.61,1,1,0.778,0.0685,1
0,0.0564,9.0,0,0,0.5034,0.6421,0
0,0.031,71.2,0,0,0.0446,0.8594,0
1,0.0417,5.3,0,0,0.3461,0.7457,0
0,0.2666,51.67,0,0,0.3698,0.6878,0
0,0.0811,56.97,0,0,0.0211,0.9432,0
11,0.5827,137.84,0,0,0.5876,0.3991,1
0,0.0447,32.17,0,0,0.59,0.9353,0
1,0.1193,69.21,0,0,0.0645,0.9595,0
1,0.1551,49.82,0,0,0.3592,0.7704,0
0,0.0303,8.72,0,0,0.2691,0.9309,0
1,0.1197,31.73,0,0,0.101,0.6038,0
0,0.3224,91.69,0,0,0.1866,0.9391,0
0,0.2141,12.37,0,0,0.0107,0.9439,0
0,0.0299,94.7,0,1,0.0891,0.8738,0
1,0.2993,56.83,0,0,0.3816,0.8944,0
0,0.2175,17.86,0,0,0.0059,0.95,0
3,0.023,55.01,0,0,0.141,0.9144,0
1,0.2017,69.82,0,0,0.2309,0.7286,0
1,0.1208,1.14,0,0,0.0243,0.7419,0
13,0.6856,2047.71,1,1,0.7593,0.1046,1
0,0.016,49.89,0,1,0.4801,0.7981,0
0,0.0106,69.81,0,1,0.1488,0.9389,0
0,0.1063,17.1,0,0,0.2638,0.7245,0
0,0.1133,16.24,0,0,0.2378,0.9544,0
0,0.1307,5.96,0,0,0.2624,0.8087,0
1,0.1268,17.88,0,0,0.2111,0.9707,0
8,0.7935,3176.31,1,0,0.8252,0.0349,1
1,0.0163,49.78,0,0,0.0458,0.6177,0
0,0.0042,20.31,0,1,0.1127,0.8868,0
0,0.034,15.79,0,0,0.0811,0.729,0
1,0.1454,33.84,0,0,0.2121,0.9548,0
1,0.0744,78.27,0,0,0.1169,0.9051,0
0,0.0895,57.4,0,0,0.2296,0.9522,0
8,0.7531,66.23,0,1,0.7458,0.1261,1
1,0.0647,22.76,0,0,0.0357,0.588,0
0,0.0125,51.35,0,0,0.4534,0.6715,0
13,0.7658,30.31,1,1,0.8927,0.1738,1
0,0.0258,21.14,0,0,0.0393,0.9672,0
0,0.0119,42.21,0,0,0.1396,0.9458,0
1,0.3131,31.03,0,0,0.1822,0.8368,0
0,0.1015,50.62,0,0,0.0602,0.6321,0
1,0.0893,29.55,0,0,0.232,0.7565,0
0,0.1407,18.68,0,0,0.1734,0.8811,0
1,0.0803,8.74,0,0,0.0575,0.8706,0
0,0.2238,30.03,1,0,0.0821,0.9409,0
0,0.0972,36.05,0,0,0.0517,0.7414,0
0,0.0255,0.34,0,0,0.0312,0.6681,0
1,0.0307,21.64,0,0,0.1592,0.6452,0
0,0.0724,247.98,0,0,0.0183,0.8875,0
0,0.0827,49.32,0,0,0.271,0.6625,0
0,0.0506,9.12,0,0,0.2803,0.885,0
0,0.2741,15.12,0,0,0.1736,0.916,0
0,0.0521,80.02,0,0,0.3614,0.9154,0
1,0.0387,26.18,0,0,0.1752,0.8842,0
1,0.0311,94.64,0,0,0.1044,0.7971,0
12,0.9027,2346.59,1,1,0.8522,0.3227,1
0,0.0871,2.6,0,0,0.3808,0.8884,0
0,0.0072,42.6,0,0,0.128,0.9672,0
1,0.1649,25.08,0,0,0.3082,0.7652,0
0,0.2945,1.58,0,0,0.0412,0.597,0
0,0.2041,46.79,0,0,0.237,0.8134,0
9,0.5719,1234.44,1,1,0.4949,0.509,1
0,0.3043,3.89,0,0,0.0825,0.9376,0
22,0.9061,3204.0,0,1,0.5695,0.0787,1
8,0.847,109.97,1,1,0.9113,0.2063,1
0,0.1817,99.98,0,0,0.0235,0.9142,0
0,0.2207,46.3,0,0,0.1308,0.856,0
1,0.0819,60.87,0,1,0.2664,0.9806,0
0,0.1219,90.68,0,0,0.1359,0.8114,0
0,0.0313,44.72,0,0,0.2815,0.7844,0
1,0.1871,30.72,0,0,0.2673,0.9782,0
0,0.0649,14.21,0,0,0.289,0.9602,0
11,0.7597,125.76,1,1,0.7079,0.2192,1
0,0.2402,25.44,0,0,0.171,0.9915,0
0,0.1732,9.97,0,0,0.3455,0.7228,0
4,0.5855,55.71,1,1,0.5338,0.0677,1
10,0.7588,2080.35,1,0,0.8344,0.1562,1
0,0.1474,0.42,0,0,0.0169,0.8294,0
0,0.0744,12.7,0,0,0.0883,0.8269,0
0,0.0362,166.79,0,0,0.459,0.9324,0
0,0.1076,3.89,0,0,0.0434,0.8861,0
1,0.1105,101.57,0,0,0.1899,0.903,0
0,0.0893,4.33,0,0,0.062,0.8959,0
0,0.1068,0.71,0,0,0.0861,0.6396,0
1,0.1937,70.93,1,0,0.119,0.9097,0
0,0.1287,1.35,0,1,0.1101,0.8657,0
0,0.1105,20.12,0,0,0.16,0.9451,0
4,0.8652,18.24,1,0,0.5734,0.145,1
1,0.0501,157.41,0,0,0.5187,0.761,0
1,0.0392,28.89,0,0,0.1461,0.8117,0
0,0.2041,37.45,0,1,0.1891,0.9562,0
0,0.0279,49.79,0,0,0.0646,0.9867,0
0,0.1222,12.54,0,0,0.1425,0.867,0
4,0.834,24.25,0,1,0.6299,0.4014,1
0,0.0695,82.93,0,0,0.2475,0.8172,0
1,0.1131,10.97,0,0,0.2417,0.8897,0
0,0.224,2.47,0,0,0.142,0.7542,0
0,0.0708,35.5,0,0,0.1201,0.8604,0
0,0.0171,65.62,0,0,0.0097,0.5918,0
12,0.9671,0.89,1,1,0.6853,0.0351,1
1,0.234,8.48,0,0,0.1533,0.9088,0
1,0.2185,18.84,0,0,0.138,0.8047,0
1,0.0866,37.96,0,0,0.2671,0.9035,0
0,0.0197,32.85,0,0,0.0044,0.9487,0
0,0.0535,24.38,0,0,0.143,0.8436,0
0,0.1681,19.48,0,0,0.1472,0.9413,0
0,0.1329,85.1,0,0,0.0172,0.8604,0
14,0.8149,95.93,0,1,0.8292,0.0239,1
8,0.4964,1858.94,1,0,0.6891,0.1894,1
0,0.0924,12.24,0,0,0.0593,0.8192,0
0,0.2567,68.41,0,0,0.0736,0.5146,0
1,0.0721,45.9,0,0,0.4408,0.9279,0
2,0.1067,26.62,0,1,0.2974,0.9718,0
6,0.6849,0.41,0,1,0.7619,0.3472,1
0,0.0287,2.32,0,0,0.0796,0.8261,0
1,0.1744,16.25,0,0,0.0606,0.9058,0
2,0.13,77.46,0,0,0.1196,0.9158,0
1,0.1202,2.14,0,1,0.3369,0.6113,0
0,0.1018,19.15,0,0,0.1376,0.7605,0
0,0.0902,44.51,0,0,0.4413,0.6532,0
5,0.7101,34.79,1,0,0.846,0.2938,1
0,0.0379,12.28,0,0,0.2417,0.9957,0
7,0.9389,3137.34,1,1,0.6976,0.0112,1
0,0.0589,46.17,0,0,0.0371,0.7875,0
0,0.0855,14.27,0,0,0.1644,0.9972,0
1,0.0369,66.81,0,0,0.5048,0.7349,0
0,0.0658,15.5,0,0,0.2179,0.9793,0
2,0.1179,15.08,0,0,0.0654,0.8687,0
0,0.3488,49.5,0,0,0.1389,0.6029,0
2,0.2561,100.13,0,0,0.0687,0.8276,0
1,0.0482,0.27,0,0,0.0136,0.8656,0
0,0.1365,11.78,0,0,0.3365,0.9914,0
0,0.1052,4.15,0,0,0.1455,0.883,0
11,0.9752,1305.44,1,1,0.6999,0.2608,1
0,0.0081,4.65,0,0,0.2712,0.9357,0
0,0.0536,116.77,0,0,0.0071,0.7442,0
1,0.171,42.66,0,0,0.1716,0.8987,0
0,0.0102,56.94,0,0,0.346,0.9213,0
0,0.0349,11.44,0,0,0.0297,0.8424,0
7,0.8546,369.41,1,1,0.7606,0.4758,1
3,0.0993,20.32,0,0,0.1716,0.9415,0
1,0.1828,27.36,0,0,0.101,0.7881,0
0,0.1055,0.56,0,0,0.2739,0.7596,0
1,0.02,59.69,0,0,0.1463,0.9367,0
0,0.0499,16.67,0,0,0.0398,0.7506,0
0,0.0472,63.42,0,0,0.2297,0.8332,0
7,0.7808,3254.97,1,0,0.7204,0.1425,1
0,0.0263,35.11,0,0,0.2797,0.9387,0
0,0.4202,11.71,0,0,0.0066,0.9336,0
3,0.9819,26.16,1,1,0.8696,0.1205,1
8,0.7471,1598.69,1,1,0.6417,0.2868,1
0,0.0986,5.15,0,0,0.0964,0.7144,0
0,0.0414,0.48,0,0,0.0563,0.9584,0
0,0.3025,23.76,0,0,0.0746,0.8411,0
10,0.7468,40.18,1,0,0.6627,0.4457,1
1,0.0517,66.13,0,0,0.1152,0.8284,0
1,0.0152,74.83,0,0,0.0799,0.9048,0
0,0.0164,16.4,0,0,0.078,0.9312,0
0,0.0054,24.42,0,0,0.2597,0.8598,0
4,0.7496,2216.84,0,0,0.7615,0.2461,1
0,0.0091,63.48,0,0,0.1064,0.9888,0
1,0.2383,28.39,0,0,0.0422,0.7885,0
0,0.0357,20.88,0,0,0.5565,0.9376,0
0,0.2482,53.35,0,0,0.037,0.8445,0
1,0.0856,34.57,0,0,0.0142,0.7829,0
1,0.0946,42.92,0,0,0.4544,0.9692,0
1,0.1999,21.16,0,0,0.1653,0.8356,0
0,0.037,19.76,0,0,0.1114,0.8964,0
0,0.0988,84.93,0,0,0.3815,0.5478,0
0,0.0674,40.9,0,0,0.0873,0.9224,0
0,0.1644,14.31,0,0,0.3193,0.7103,0
0,0.0446,24.02,0,0,0.0959,0.9624,0
7,0.6681,1190.71,0,0,0.7749,0.116,1
0,0.2488,38.39,0,0,0.0274,0.86,0
1,0.201,48.22,0,0,0.0245,0.9064,0
0,0.2928,6.65,0,0,0.1006,0.9047,0
0,0.2156,69.1,0,1,0.1342,0.7389,0
0,0.0906,36.75,0,0,0.2793,0.9668,0
0,0.2197,68.98,1,0,0.0033,0.9826,0
12,0.8805,116.44,1,1,0.7222,0.1097,1
11,0.8102,77.24,1,1,0.7409,0.1146,1
0,0.0574,16.4,0,0,0.0644,0.9145,0
0,0.0957,22.98,0,0,0.1184,0.7871,0
8,0.6307,2449.44,1,0,0.5665,0.1394,1
0,0.1645,1.8,0,0,0.1181,0.9389,0
0,0.0074,80.16,0,0,0.0704,0.8337,0
1,0.0935,76.74,0,0,0.2653,0.5325,0
0,0.1559,29.63,0,0,0.1551,0.9209,0
1,0.0481,72.05,0,0,0.2228,0.6573,0
0,0.0618,7.9,0,0,0.0573,0.9335,0
0,0.1132,18.57,0,0,0.0811,0.8181,0
0,0.0298,19.32,0,0,0.4243,0.8146,0
2,0.0577,51.74,0,0,0.1037,0.9134,0
0,0.098,24.82,0,0,0.0302,0.8236,0
6,0.9122,32.19,1,1,0.6105,0.1744,1
0,0.4063,5.65,0,0,0.2726,0.617,0
2,0.0411,7.93,0,0,0.0801,0.9425,0
1,0.0363,11.03,0,0,0.1974,0.761,0
1,0.1014,5.33,0,0,0.0109,0.8883,0
1,0.0773,6.81,0,1,0.0543,0.8593,0
19,0.9186,2300.45,1,0,0.8253,0.2002,1
2,0.0293,2.62,0,0,0.194,0.8744,0
2,0.008,36.15,0,0,0.0111,0.9472,0
1,0.0975,37.39,0,0,0.2408,0.6789,0
0,0.0443,2.59,0,0,0.1854,0.9469,0
7,0.9118,2233.5,1,0,0.9133,0.2238,1
0,0.0441,26.8,0,0,0.2913,0.9104,0
0,0.1201,11.96,0,0,0.213,0.9232,0
7,0.7825,32.6,0,1,0.1699,0.3434,1
0,0.1244,7.03,0,0,0.2181,0.789,0
2,0.6603,202.13,1,0,0.8932,0.2736,1
15,0.8411,4.83,1,1,0.6062,0.1768,1
0,0.0622,14.38,0,0,0.141,0.8338,0
0,0.1399,19.13,0,0,0.3196,0.6968,0
0,0.0114,1.32,0,0,0.0485,0.8935,0
0,0.157,28.72,0,0,0.0828,0.7707,0
0,0.1733,58.5,0,0,0.0716,0.8253,0
1,0.0701,45.84,0,0,0.0379,0.8996,0
13,0.8504,1665.1,0,1,0.6513,0.1841,1
1,0.1695,14.87,0,0,0.0691,0.7164,0
0,0.1548,9.37,0,0,0.2168,0.9835,0
0,0.1545,37.36,0,0,0.2024,0.6185,0
1,0.2089,57.19,0,0,0.5742,0.9463,0
1,0.0185,36.98,0,0,0.215,0.9229,0
0,0.035,29.28,0,1,0.085,0.9504,0
0,0.0561,61.42,0,0,0.0743,0.8588,0
0,0.1111,4.42,0,0,0.0723,0.8996,0
1,0.2364,132.73,0,0,0.0525,0.8863,0
12,0.8384,1295.32,1,1,0.7451,0.1767,1
0,0.0542,8.91,0,0,0.2044,0.9168,0
1,0.2415,17.83,0,0,0.2144,0.9077,0
0,0.3417,79.75,0,0,0.1554,0.9022,0
2,0.0205,49.22,0,0,0.319,0.4986,0
1,0.1159,41.6,0,0,0.0492,0.9282,0
0,0.0343,22.16,0,0,0.0445,0.6744,0
18,0.572,1383.64,0,0,0.64,0.4209,1
1,0.2217,0.7,0,0,0.0233,0.9201,0
1,0.0742,39.99,0,0,0.0175,0.9086,0
0,0.0598,24.61,0,0,0.0388,0.8172,0
0,0.1142,44.67,0,0,0.1411,0.934,0
0,0.0503,7.44,0,0,0.286,0.9299,0
0,0.0376,12.09,0,0,0.3195,0.7765,0
1,0.1393,57.31,0,0,0.1103,0.9215,0
10,0.7043,8.07,0,0,0.7692,0.0648,1
2,0.0592,5.45,0,0,0.1037,0.9047,0
1,0.043,6.53,0,0,0.4182,0.8496,0
1,0.0455,66.39,0,0,0.1551,0.9088,0
0,0.0435,3.02,0,0,0.5544,0.8194,0
0,0.0556,57.72,0,0,0.0949,0.9542,0
0,0.073,15.21,0,0,0.2241,0.9764,0
0,0.0598,12.4,0,0,0.1343,0.8288,0
4,0.8659,2145.28,1,0,0.5007,0.1539,1
1,0.0922,33.0,0,0,0.0851,0.999,0
16,0.7992,3037.48,1,0,0.6606,0.2867,1
0,0.1491,2.64,0,0,0.0572,0.8203,0
1,0.0634,1.18,0,0,0.0924,0.9024,0
11,0.598,25.06,1,0,0.6626,0.1226,1
5,0.6871,1579.72,1,0,0.3946,0.2541,1
1,0.0576,0.23,0,0,0.0033,0.9598,0
0,0.1736,3.53,0,0,0.0266,0.7423,0
0,0.1201,2.4,0,0,0.0468,0.9636,0
1,0.2037,34.62,0,0,0.1539,0.8357,0
1,0.0837,76.15,0,0,0.3347,0.9001,0
0,0.1244,3.42,0,0,0.2396,0.759,0
0,0.0622,54.8,0,0,0.0546,0.8971,0
0,0.1244,52.4,0,0,0.2234,0.6759,0
1,0.0672,12.41,0,0,0.045,0.9108,0
10,0.7748,1.15,1,0,0.3836,0.3328,1
1,0.0827,13.08,0,0,0.2065,0.9033,0
0,0.2072,8.65,0,0,0.2585,0.8724,0
0,0.1467,53.56,0,0,0.2219,0.9893,0
0,0.1948,39.65,0,0,0.0429,0.8789,0
0,0.1114,12.0,0,0,0.1095,0.9396,0
1,0.0748,16.12,0,0,0.4618,0.9922,0
0,0.0086,44.37,0,0,0.2828,0.9892,0
0,0.0051,12.35,0,0,0.1963,0.9849,0
1,0.2126,38.86,0,0,0.0053,0.6678,0
1,0.0562,53.55,0,0,0.1186,0.7975,0
0,0.3172,17.21,0,1,0.0329,0.7933,0
1,0.0337,7.31,0,0,0.0807,0.743,0
1,0.1886,43.55,0,0,0.045,0.7335,0
0,0.0302,35.47,0,0,0.3808,0.7444,0
9,0.7783,227.53,1,0,0.562,0.1684,1
0,0.0759,67.67,0,0,0.1004,0.9044,0
0,0.213,1.8,0,0,0.3408,0.993,0
0,0.2377,0.05,0,0,0.3338,0.9743,0
1,0.0488,43.17,0,0,0.0856,0.9553,0
1,0.1235,24.14,0,1,0.4051,0.8989,0
1,0.0117,6.99,0,0,0.07,0.6831,0
0,0.1727,15.34,0,0,0.3179,0.6755,0
1,0.1131,0.12,1,0,0.1198,0.8294,0
1,0.2035,47.38,0,0,0.3624,0.695,0
13,0.7724,7.33,1,1,0.4767,0.0075,1
0,0.0762,31.15,0,0,0.0332,0.6334,0
1,0.0509,5.51,0,0,0.1556,0.6398,0
0,0.0478,8.41,0,0,0.1265,0.8681,0
2,0.0619,14.76,0,0,0.081,0.9678,0
0,0.0863,8.23,1,0,0.0618,0.8447,0
0,0.1662,11.65,0,0,0.1402,0.987,0
1,0.1603,17.11,0,0,0.1351,0.9539,0
8,0.865,54.88,1,1,0.8334,0.1615,1
0,0.0126,14.37,0,0,0.0529,0.7436,0
1,0.0311,28.46,0,0,0.0543,0.8744,0
0,0.0869,26.21,0,0,0.1573,0.9092,0
0,0.1972,61.66,0,0,0.1324,0.9237,0
1,0.1468,17.75,0,0,0.1382,0.9503,0
0,0.1755,22.95,0,0,0.0565,0.8914,0
0,0.3519,29.21,0,0,0.367,0.8737,0
0,0.0978,5.54,0,0,0.1306,0.6819,0
14,0.6986,11.17,1,1,0.8875,0.2213,1
0,0.0819,93.74,0,0,0.0221,0.6791,0
2,0.3374,20.53,0,0,0.063,0.9832,0
1,0.0714,5.89,0,0,0.1423,0.8754,0
1,0.1493,21.68,0,0,0.1402,0.9029,0
0,0.0344,51.41,0,0,0.3022,0.9063,0
0,0.0806,0.95,0,0,0.1417,0.9526,0
0,0.1414,80.7,0,0,0.1177,0.8636,0
0,0.0727,4.05,0,1,0.0797,0.5922,0
1,0.1116,53.89,0,0,0.2432,0.9381,0
1,0.05,122.5,0,1,0.219,0.7755,0
7,0.5655,1464.24,1,1,0.5249,0.0383,1
0,0.0356,9.08,0,0,0.6737,0.932,0
1,0.1529,43.68,0,0,0.0149,0.9205,0
3,0.8264,1748.21,1,0,0.6952,0.314,1
0,0.051,112.76,0,0,0.0882,0.761,0
0,0.0601,114.62,0,0,0.496,0.8999,0
0,0.0147,20.46,0,0,0.1983,0.8776,0
0,0.0379,24.23,0,0,0.0391,0.8306,0
1,0.0724,60.36,0,0,0.0846,0.9348,0
0,0.1427,20.28,0,0,0.0987,0.8155,0
7,0.8432,2830.7,0,0,0.6782,0.2338,1
1,0.1325,22.12,1,0,0.1077,0.8989,0
4,0.7641,2501.07,0,0,0.8765,0.156,1
0,0.265,22.19,0,0,0.0318,0.7465,0
0,0.0379,37.57,0,0,0.0928,0.6541,0
0,0.0733,2.59,0,0,0.1151,0.5981,0
0,0.1851,10.61,0,0,0.295,0.8513,0
2,0.0256,11.53,0,0,0.0212,0.8839,0
0,0.0629,18.84,0,1,0.2604,0.8451,0
0,0.1198,79.03,0,0,0.1135,0.7261,0
0,0.1484,226.45,0,0,0.114,0.867,0
2,0.1514,0.23,0,0,0.025,0.8993,0
1,0.0053,69.16,0,0,0.0618,0.7505,0
0,0.016,4.12,0,0,0.2371,0.8001,0
1,0.3652,18.59,0,0,0.3236,0.7757,0
0,0.0286,3.93,0,0,0.0396,0.9751,0
1,0.1104,30.08,0,0,0.0985,0.8223,0
6,0.9214,30.56,1,0,0.8221,0.3435,1
1,0.0291,24.82,0,0,0.341,0.6177,0
4,0.8586,25.93,0,1,0.7009,0.3392,1
11,0.8896,2147.91,1,0,0.5705,0.5945,1
1,0.1617,13.93,0,0,0.2155,0.8189,0
15,0.8217,2462.69,0,1,0.4862,0.2109,1
0,0.018,27.19,0,0,0.1984,0.7972,0
0,0.0538,25.36,0,0,0.0569,0.8952,0
0,0.0835,3.64,0,0,0.0542,0.8873,0
0,0.0877,119.77,0,0,0.014,0.6543,0
0,0.1024,20.63,0,0,0.1014,0.9697,0
0,0.037,31.81,0,0,0.5693,0.9582,0
0,0.0414,114.44,0,0,0.2317,0.8821,0
1,0.0082,51.93,0,0,0.0207,0.8612,0
0,0.1549,25.35,0,0,0.0134,0.8923,0
5,0.8236,19.42,0,1,0.4497,0.1338,1
17,0.5001,1415.33,1,0,0.4747,0.3399,1
5,0.5752,11.71,1,1,0.6783,0.04,1
0,0.1456,1.54,0,0,0.1296,0.6772,0
1,0.212,6.98,0,0,0.1294,0.8624,0
0,0.0785,7.31,0,0,0.0358,0.6951,0
0,0.1881,50.06,0,0,0.3775,0.905,0
0,0.1534,134.86,0,0,0.3547,0.7409,0
1,0.0051,45.69,0,0,0.6239,0.7422,0
1,0.0762,2.35,0,0,0.3278,0.955,0
0,0.1633,10.91,0,0,0.3902,0.9672,0
0,0.0423,6.31,0,0,0.245,0.9727,0
5,0.7132,1517.41,0,1,0.523,0.328,1
0,0.0077,3.17,0,0,0.0365,0.8562,0
1,0.1742,94.28,0,0,0.0039,0.7228,0
0,0.007,30.7,0,0,0.146,0.7589,0
0,0.1058,63.09,0,0,0.2824,0.9191,0
1,0.0685,46.96,0,0,0.0226,0.793,0
0,0.0404,2.49,0,0,0.142,0.8843,0
0,0.0273,0.48,0,0,0.2113,0.8504,0
10,0.7636,83.94,1,0,0.8931,0.045,1
0,0.0317,7.94,0,0,0.0321,0.7811,0
0,0.1365,13.54,0,0,0.3096,0.9932,0
0,0.0566,57.72,0,0,0.1687,0.9107,0
0,0.0025,37.87,0,0,0.1465,0.6513,0
11,0.6095,32.48,1,0,0.6676,0.2454,1
0,0.0324,127.18,0,0,0.1847,0.7774,0
1,0.1934,43.3,0,0,0.4422,0.8384,0
0,0.0784,9.26,0,0,0.1382,0.6406,0
1,0.0415,51.2,0,0,0.0308,0.9842,0
0,0.0355,4.35,0,0,0.0167,0.9355,0
0,0.0847,14.83,0,0,0.1494,0.907,0
1,0.084,6.01,0,0,0.2232,0.9576,0
8,0.7219,79.12,0,1,0.5231,0.0616,1
0,0.1066,30.8,0,0,0.011,0.964,0
5,0.8338,1014.23,1,1,0.8886,0.1947,1
11,0.8594,2178.66,0,1,0.6071,0.5491,1
0,0.0716,11.86,0,0,0.184,0.8273,0
2,0.128,19.77,0,1,0.0615,0.9636,0
0,0.1329,43.82,0,0,0.2663,0.9687,0
0,0.0235,6.92,0,0,0.1517,0.8923,0
0,0.1105,21.34,0,0,0.1455,0.8239,0
1,0.0336,22.34,0,0,0.31,0.972,0
0,0.0012,15.18,0,0,0.1536,0.9471,0
0,0.0179,0.08,0,0,0.0446,0.9535,0
1,0.1378,3.22,0,0,0.0334,0.8041,0
1,0.1256,2.21,0,0,0.3444,0.8978,0
1,0.0359,15.1,0,0,0.0579,0.9072,0
3,0.0641,21.39,0,0,0.1662,0.7995,0
5,0.9251,0.61,0,1,0.9157,0.4916,1
0,0.106,68.02,0,0,0.0662,0.889,0
0,0.0382,48.94,0,0,0.054,0.8869,0
0,0.1046,11.04,0,0,0.0975,0.9768,0
1,0.0343,46.45,0,0,0.0813,0.9083,0
1,0.3468,56.77,0,0,0.2385,0.861,0
3,0.9164,1667.55,1,1,0.7279,0.3364,1
0,0.076,108.25,0,0,0.196,0.9027,0
0,0.0867,7.63,0,0,0.1616,0.9454,0
1,0.026,37.45,0,0,0.3468,0.7655,0
0,0.1872,69.72,0,0,0.0507,0.8775,0
0,0.1576,88.65,0,0,0.2113,0.6518,0
6,0.815,2662.72,0,0,0.5536,0.39,1
0,0.0949,73.47,0,0,0.1878,0.9905,0
0,0.0598,12.71,0,0,0.1413,0.8037,0
0,0.0937,64.76,0,0,0.0043,0.8813,0
1,0.0553,55.08,0,1,0.1921,0.9076,0
8,0.6559,2682.53,0,1,0.5649,0.1724,1
1,0.4698,12.55,0,0,0.1453,0.8286,0
6,0.8302,210.15,1,0,0.7673,0.2091,1
2,0.1465,99.17,0,0,0.4401,0.9563,0
0,0.1388,21.27,0,0,0.0654,0.8307,0
1,0.2447,20.66,0,0,0.1994,0.8305,0
2,0.0313,10.23,0,0,0.1952,0.9531,0
1,0.2582,11.39,0,1,0.1474,0.8194,0
1,0.0255,8.54,0,0,0.0859,0.9851,0
1,0.0919,18.88,0,0,0.0904,0.7394,0
4,0.6531,114.75,1,1,0.6663,0.1807,1
0,0.0241,40.56,0,0,0.2191,0.9798,0
16,0.5777,93.53,0,1,0.9113,0.1029,1
1,0.1307,30.91,0,0,0.0031,0.9939,0
0,0.0119,34.43,0,0,0.0317,0.9582,0
0,0.1845,60.84,0,0,0.2879,0.8681,0
0,0.0858,5.52,0,0,0.2454,0.9921,0
0,0.1018,77.13,0,0,0.4937,0.956,0
1,0.011,6.31,0,0,0.0992,0.7844,0
1,0.0214,10.87,0,0,0.215,0.8717,0
6,0.5772,7.53,0,1,0.5408,0.0594,1
9,0.9082,1113.75,1,0,0.5572,0.3086,1
0,0.0929,11.63,0,0,0.0018,0.9455,0
10,0.7031,2077.91,1,1,0.7912,0.1227,1
0,0.1441,16.79,0,0,0.0967,0.5884,0
0,0.1098,26.66,0,0,0.6869,0.9652,0
1,0.1368,0.18,0,0,0.1128,0.6862,0
0,0.2152,151.65,0,0,0.1774,0.9485,0
1,0.0789,72.71,0,0,0.1507,0.8821,0
6,0.8418,2300.39,1,0,0.7776,0.2558,1
0,0.0771,72.76,0,0,0.2627,0.9099,0
0,0.1643,186.02,0,0,0.004,0.7529,0
0,0.1439,10.89,0,0,0.2169,0.8369,0
12,0.48,2034.2,1,1,0.7468,0.241,1
4,0.729,2688.7,0,1,0.5506,0.0832,1
0,0.0656,3.45,0,0,0.2213,0.6584,0
1,0.3731,76.29,0,0,0.4169,0.9036,0
1,0.0412,14.08,0,0,0.1338,0.9085,0
11,0.7728,2663.85,0,1,0.5258,0.1333,1
0,0.0776,11.77,0,0,0.0342,0.9393,0
1,0.0263,40.66,0,0,0.0415,0.7377,0
0,0.0724,54.63,0,0,0.2369,0.9195,0
1,0.0554,25.83,0,0,0.3599,0.8103,0
2,0.1734,18.33,0,0,0.093,0.878,0
0,0.0468,13.5,0,0,0.1768,0.9596,0
1,0.2925,29.81,0,0,0.2323,0.8175,0
0,0.0336,6.99,0,0,0.1567,0.9367,0
0,0.2421,8.01,0,0,0.4315,0.8977,0
9,0.6815,2315.54,1,1,0.5671,0.0571,1
1,0.0225,0.5,0,0,0.1633,0.8952,0
0,0.0654,15.95,0,0,0.0813,0.5024,0
1,0.0944,20.46,0,0,0.0586,0.8703,0
5,0.9817,17.57,1,1,0.7239,0.068,1
0,0.1773,20.84,0,0,0.2179,0.8876,0
0,0.0439,7.11,0,0,0.2127,0.6244,0
7,0.5692,3475.1,1,1,0.5378,0.2412,1
1,0.1329,134.57,0,0,0.0711,0.9142,0
0,0.0325,1.51,0,0,0.4593,0.9496,0
1,0.046,6.36,0,0,0.1723,0.6058,0
0,0.0406,70.32,0,0,0.0995,0.7916,0
0,0.1688,4.02,0,0,0.0837,0.8624,0
7,0.9452,2449.71,1,1,0.7456,0.1667,1
17,0.7975,1370.38,0,1,0.4485,0.5444,1
15,0.9038,1172.1,1,0,0.3056,0.2575,1
2,0.185,10.45,0,0,0.2369,0.8761,0
13,0.7945,79.86,1,0,0.3974,0.5674,1
2,0.0621,58.34,0,0,0.1326,0.7896,0
0,0.1075,49.34,0,0,0.1419,0.6581,0
0,0.066,19.0,0,0,0.0237,0.9813,0
1,0.1915,18.65,0,1,0.0667,0.6045,0
0,0.0925,9.81,0,0,0.0933,0.9196,0
0,0.1847,2.48,0,0,0.1145,0.7915,0
0,0.056,61.22,0,0,0.0636,0.7806,0
2,0.63,14.54,1,1,0.9009,0.1632,1
1,0.1008,145.93,0,0,0.0937,0.3849,0
9,0.9922,2.48,1,1,0.7955,0.0481,1
0,0.1011,33.97,0,0,0.0064,0.9316,0
0,0.1673,25.59,0,0,0.0487,0.9859,0
2,0.0633,71.82,0,0,0.4604,0.8632,0
0,0.0309,10.19,0,0,0.2355,0.5177,0
20,0.5993,18.76,0,1,0.8824,0.0832,1
0,0.2141,23.12,0,0,0.148,0.7773,0
1,0.0328,0.42,0,0,0.0386,0.7727,0
0,0.0664,49.23,0,0,0.1301,0.8996,0
1,0.0229,133.99,0,0,0.2699,0.8804,0
1,0.0827,40.69,0,0,0.0316,0.9864,0
0,0.0347,23.91,0,0,0.4558,0.4639,0
16,0.6935,1642.0,0,0,0.6134,0.0872,1
0,0.1369,76.53,0,0,0.0081,0.8614,0
1,0.0221,6.38,0,0,0.1833,0.9165,0
1,0.1125,11.51,0,0,0.099,0.9002,0
1,0.0322,27.22,0,0,0.0376,0.7606,0
0,0.1203,2.97,0,0,0.5241,0.7217,0
1,0.1089,32.53,0,0,0.0133,0.9471,0
0,0.1828,9.53,0,0,0.1629,0.924,0
0,0.0516,17.57,0,0,0.0204,0.846,0
0,0.048,18.69,0,0,0.18,0.7539,0
0,0.0238,161.97,0,0,0.2471,0.8753,0
7,0.6338,3.89,1,0,0.47,0.3051,1
1,0.0959,21.93,0,0,0.0271,0.9514,0
1,0.0527,29.54,0,0,0.3577,0.9576,0
0,0.089,60.31,0,0,0.4492,0.947,0
0,0.0716,41.92,0,0,0.0189,0.9604,0
0,0.3547,0.86,0,0,0.0745,0.7345,0
1,0.097,34.87,0,0,0.4323,0.9833,0
0,0.1152,25.79,0,0,0.0567,0.9611,0
8,0.715,1265.53,0,1,0.6834,0.4318,1
11,0.9783,1903.59,0,1,0.638,0.207,1
0,0.0393,50.16,0,0,0.3569,0.7707,0
0,0.0988,18.51,0,0,0.0174,0.8634,0
0,0.0995,56.72,1,0,0.0961,0.7856,0
6,0.8304,2404.26,1,0,0.8132,0.1895,1
0,0.1242,15.37,0,1,0.0796,0.7618,0
0,0.022,160.65,0,0,0.0903,0.7362,0
20,0.6585,43.69,1,0,0.5853,0.6272,1
3,0.0333,19.18,0,0,0.0249,0.8935,0
1,0.2025,44.37,0,0,0.0081,0.972,0
0,0.1327,19.55,0,0,0.2467,0.9034,0
0,0.0443,27.25,0,0,0.0632,0.9835,0
0,0.0408,36.9,0,0,0.138,0.927,0
1,0.2291,37.31,0,0,0.1673,0.6446,0
0,0.2043,0.2,0,1,0.3712,0.8009,0
1,0.0287,6.07,0,0,0.1057,0.7045,0
0,0.1013,63.58,0,0,0.3411,0.7459,0
0,0.1062,35.42,0,0,0.1283,0.8814,0
0,0.1083,0.3,0,0,0.1836,0.9738,0
0,0.0706,14.84,0,0,0.0854,0.937,0
0,0.0198,1.08,0,0,0.2293,0.896,0
1,0.0291,19.62,0,0,0.1778,0.8441,0
0,0.1685,3.29,0,0,0.0178,0.9012,0
0,0.1173,26.01,0,0,0.0214,0.9343,0
0,0.2489,48.62,0,0,0.0235,0.8408,0
0,0.1428,31.78,0,0,0.1575,0.8137,0
0,0.4059,108.6,0,0,0.1914,0.7888,0
0,0.1757,0.96,0,0,0.0566,0.9967,0
0,0.1557,14.03,0,0,0.1355,0.7769,0
0,0.1639,103.6,0,0,0.2596,0.8393,0
0,0.0262,19.11,0,0,0.0451,0.8601,0
1,0.0799,22.12,0,0,0.2239,0.7468,0
7,0.6983,21.76,0,0,0.8995,0.2564,1
2,0.0371,5.11,0,0,0.1915,0.5972,0
0,0.0685,136.36,0,0,0.0755,0.9541,0
0,0.1111,0.7,0,0,0.1255,0.8578,0
1,0.1941,36.73,0,0,0.0712,0.8478,0
0,0.0156,17.86,0,0,0.3212,0.9461,0
1,0.0426,4.86,0,0,0.314,0.59,0
1,0.231,56.07,0,0,0.1749,0.9618,0
0,0.211,46.4,0,0,0.1121,0.9216,0
2,0.0776,5.29,0,0,0.0469,0.8813,0
3,0.0095,50.28,0,0,0.0288,0.9534,0
1,0.0558,7.38,0,0,0.2191,0.8974,0
1,0.142,29.54,0,0,0.0629,0.925,0
0,0.1049,69.24,0,0,0.0461,0.7746,0
0,0.1606,22.72,0,0,0.2617,0.9572,0
9,0.6932,2436.13,1,0,0.6485,0.1875,1
1,0.1763,26.5,0,0,0.1945,0.8817,0
2,0.1018,14.82,0,0,0.0381,0.8104,0
3,0.1774,27.45,0,0,0.2783,0.7966,0
6,0.8972,17.97,0,1,0.8095,0.3986,1
0,0.0617,45.64,0,0,0.2218,0.8523,0
0,0.0389,3.91,0,0,0.1715,0.963,0
0,0.0575,7.37,0,0,0.2325,0.8243,0
1,0.167,26.6,0,0,0.0868,0.6818,0
1,0.2914,0.81,0,0,0.1608,0.7517,0
0,0.0984,28.77,0,0,0.1794,0.88,0
0,0.0653,35.31,0,0,0.0592,0.8899,0
7,0.8977,11.43,0,1,0.5466,0.047,1
11,0.8019,2282.06,1,0,0.6211,0.2756,1
1,0.0619,72.25,0,0,0.4344,0.7707,0
1,0.0734,20.97,0,0,0.1588,0.7444,0
1,0.0329,35.62,0,0,0.0633,0.8907,0
13,0.7335,3266.05,1,1,0.6329,0.0277,1
19,0.8708,16.64,1,0,0.7574,0.0628,1
14,0.8224,1103.89,1,1,0.5969,0.3629,1
0,0.0958,44.34,0,0,0.0251,0.9338,0
0,0.0358,20.08,0,0,0.1091,0.8017,0
0,0.2347,20.18,1,0,0.0093,0.6737,0
0,0.1107,56.87,0,0,0.0446,0.8712,0
1,0.0869,78.8,0,0,0.2,0.7252,0
11,0.7555,2391.49,0,0,0.5717,0.1031,1
0,0.0689,15.82,0,1,0.0557,0.6549,0
0,0.0958,10.62,0,0,0.1314,0.652,0
1,0.0434,66.55,0,0,0.2705,0.775,0
12,0.8983,1473.72,1,0,0.7277,0.1579,1
0,0.0032,19.26,0,0,0.0297,0.9205,0
0,0.0077,15.53,0,0,0.0351,0.9928,0
1,0.1418,72.18,0,0,0.144,0.8304,0
1,0.2052,37.94,0,0,0.1333,0.9156,0
0,0.2006,18.94,0,0,0.1335,0.784,0
9,0.8219,2340.12,1,0,0.7261,0.2281,1
0,0.1932,20.92,0,0,0.2772,0.9137,0
0,0.0655,12.05,0,0,0.081,0.8315,0
0,0.0194,3.58,0,0,0.1391,0.8812,0
0,0.0763,176.73,0,0,0.0777,0.9967,0
1,0.1122,3.05,0,0,0.3541,0.8948,0
0,0.1644,19.88,0,0,0.1592,0.6581,0
2,0.0071,92.99,0,0,0.029,0.8595,0
0,0.1061,28.56,0,1,0.1854,0.9194,0
25,0.9698,2686.0,0,1,0.666,0.1195,1
1,0.1321,32.53,0,0,0.3791,0.8109,0
0,0.1194,31.85,0,0,0.2199,0.844,0
7,0.7802,2568.09,1,0,0.7251,0.2587,1
0,0.2573,25.4,0,0,0.2455,0.9699,0
1,0.024,0.0,0,0,0.1386,0.9771,0
0,0.1082,42.37,0,0,0.2325,0.8888,0
7,0.6687,1582.79,1,0,0.6964,0.3177,1
0,0.1307,19.2,0,0,0.1261,0.8894,0
0,0.0807,84.69,0,0,0.0894,0.9265,0
0,0.072,8.86,0,0,0.298,0.9499,0
2,0.0101,17.48,0,0,0.1089,0.947,0
1,0.0884,19.04,0,0,0.0249,0.7544,0
10,0.792,2900.54,1,0,0.5576,0.5568,1
9,0.6737,78.96,1,0,0.8243,0.2632,1
1,0.109,13.61,0,0,0.0963,0.85,0
1,0.1196,37.18,0,0,0.1784,0.65,0
0,0.2031,25.67,0,0,0.2015,0.8151,0
0,0.0698,30.22,0,0,0.4424,0.9188,0
0,0.1407,5.79,0,0,0.1351,0.9556,0
7,0.335,3333.98,1,1,0.3611,0.6292,1
0,0.091,1.93,0,0,0.1613,0.741,0
0,0.069,18.23,0,0,0.0462,0.8853,0
0,0.0808,28.3,0,0,0.0716,0.7991,0
0,0.0713,15.51,0,0,0.1931,0.8094,0
0,0.0676,8.44,0,0,0.3503,0.6421,0
0,0.0854,52.22,0,0,0.1441,0.9916,0
0,0.0825,3.6,0,0,0.0953,0.9149,0
1,0.0844,61.18,0,0,0.1358,0.7002,0
12,0.7215,29.11,1,0,0.7877,0.0594,1
9,0.7581,2578.39,1,1,0.8487,0.1123,1
1,0.0932,21.68,0,0,0.0842,0.8294,0
0,0.0776,106.91,0,0,0.3797,0.785,0
1,0.0459,43.81,1,0,0.2924,0.9278,0
0,0.0227,33.32,0,0,0.1392,0.8258,0
0,0.0296,3.94,0,0,0.5777,0.6628,0
0,0.0218,18.13,0,0,0.398,0.9577,0
0,0.0648,65.01,0,0,0.4342,0.7119,0
1,0.0567,3.09,0,0,0.1857,0.9495,0
0,0.1015,9.28,0,0,0.0231,0.9656,0
0,0.2053,4.57,0,0,0.1514,0.6478,0
1,0.2137,43.08,0,1,0.0793,0.8785,0
21,0.8123,2068.65,0,0,0.6228,0.3584,1
1,0.2111,34.15,0,0,0.1809,0.7751,0
1,0.047,35.89,0,0,0.0885,0.843,0
1,0.0397,44.06,0,0,0.0777,0.868,0
0,0.0635,51.73,0,0,0.169,0.7084,0
1,0.0538,24.99,0,0,0.1586,0.8518,0
0,0.1788,12.62,0,0,0.3835,0.9507,0
12,0.8631,2404.08,1,1,0.7734,0.3907,1
0,0.0369,1.46,0,0,0.25,0.7504,0
0,0.1621,55.3,0,0,0.164,0.6464,0
0,0.1632,57.28,0,0,0.0832,0.9736,0
1,0.0649,10.59,0,0,0.3685,0.7326,0
0,0.1944,80.8,0,0,0.0105,0.7195,0
6,0.8178,2365.24,0,0,0.6385,0.1028,1
0,0.1033,158.78,0,0,0.046,0.8825,0
0,0.0589,11.92,0,0,0.0815,0.7879,0
0,0.1028,0.68,0,0,0.0182,0.8894,0
6,0.8329,3285.57,0,0,0.4159,0.2473,1
1,0.3909,47.7,0,0,0.0403,0.5731,0
1,0.033,50.96,0,0,0.2437,0.9537,0
0,0.0999,6.8,0,0,0.2393,0.8734,0
1,0.0941,10.26,0,0,0.3644,0.9221,0
0,0.0297,69.32,0,0,0.2527,0.5934,0
0,0.1256,6.16,1,0,0.0337,0.8181,0
0,0.0793,7.25,0,0,0.0742,0.9374,0
3,0.1679,6.12,0,0,0.0996,0.7359,0
0,0.1133,15.68,0,0,0.0449,0.6226,0
0,0.0654,8.08,0,0,0.2747,0.7381,0
0,0.1129,143.86,0,0,0.5949,0.5662,0
1,0.0878,8.66,0,0,0.1428,0.9447,0
0,0.2526,68.33,0,0,0.1471,0.7797,0
0,0.2153,68.8,0,0,0.1453,0.9267,0
0,0.1754,2.16,0,0,0.4457,0.8136,0
11,0.9694,2381.62,1,0,0.8093,0.1575,1
2,0.1109,8.08,0,0,0.2417,0.8849,0
0,0.3246,49.93,0,0,0.4529,0.7952,0
7,0.66,2645.64,1,0,0.8116,0.2189,1
0,0.1704,11.1,0,0,0.0691,0.9621,0
1,0.0379,30.3,0,0,0.2141,0.6301,0
0,0.0371,4.02,0,0,0.0961,0.936,0
1,0.0973,38.61,0,0,0.2816,0.7589,0
0,0.082,19.98,0,0,0.2445,0.6496,0
0,0.1046,6.73,0,0,0.1603,0.8105,0
0,0.0091,12.37,0,0,0.1433,0.7422,0
0,0.0061,59.71,0,0,0.2891,0.9709,0
0,0.0601,29.49,0,0,0.0933,0.8372,0
0,0.1509,18.23,0,0,0.1127,0.935,0
0,0.0519,35.29,0,0,0.0343,0.9942,0
0,0.0291,3.2,0,0,0.212,0.7991,0
2,0.1466,23.57,0,0,0.0412,0.8157,0
1,0.0363,7.49,0,0,0.0904,0.8726,0
0,0.1245,7.43,0,0,0.0582,0.7125,0
1,0.1538,4.12,0,0,0.1472,0.9232,0
1,0.1306,40.5,0,0,0.3095,0.7876,0
10,0.4655,2378.95,1,1,0.6094,0.0671,1
0,0.1228,9.4,0,0,0.0059,0.9591,0
0,0.0759,32.86,0,0,0.5669,0.9114,0
0,0.0112,15.94,0,0,0.207,0.976,0
0,0.1946,20.8,0,0,0.1381,0.7859,0
0,0.0138,8.51,0,0,0.5068,0.7863,0
0,0.1215,35.87,0,0,0.1425,0.9,0
0,0.4586,16.95,0,0,0.2627,0.907,0
6,0.7842,101.47,1,1,0.5264,0.3442,1
2,0.1051,78.86,0,0,0.0393,0.9471,0
1,0.0359,8.77,0,0,0.1986,0.8958,0
0,0.1084,4.51,0,0,0.1487,0.8531,0
0,0.0177,71.21,0,0,0.2541,0.8648,0
1,0.138,43.1,1,0,0.1064,0.6743,0
1,0.0173,27.88,0,0,0.1194,0.7069,0
0,0.2928,2.01,0,0,0.129,0.8785,0
1,0.0577,21.81,0,0,0.0742,0.9605,0
2,0.0427,53.49,0,0,0.3053,0.9601,0
0,0.1135,32.97,0,0,0.1518,0.6726,0
1,0.0402,14.7,0,0,0.0324,0.9231,0
0,0.0606,37.94,0,0,0.1013,0.9075,0
1,0.1083,18.21,0,0,0.3252,0.8376,0
9,0.756,2508.49,1,0,0.6027,0.412,1
1,0.2046,38.32,0,0,0.3053,0.9251,0
0,0.0682,300.0,0,0,0.0689,0.7537,0
0,0.095,58.21,0,0,0.3123,0.9701,0
0,0.102,6.84,0,0,0.0102,0.7857,0
0,0.0623,3.29,0,0,0.1347,0.5115,0
0,0.1072,39.21,0,0,0.1139,0.6895,0
0,0.0281,25.5,0,0,0.0296,0.9791,0
1,0.0784,36.38,0,0,0.0926,0.9034,0
0,0.3306,0.92,0,0,0.0289,0.8542,0
5,0.9277,2438.99,1,0,0.8478,0.0973,1
1,0.1226,68.57,0,0,0.006,0.7728,0
0,0.1726,33.95,0,0,0.2065,0.9678,0
0,0.2201,41.75,0,0,0.2696,0.7708,0
0,0.0165,38.3,0,0,0.2444,0.8985,0
0,0.0249,7.29,0,0,0.0062,0.8547,0
0,0.0177,21.25,0,0,0.4009,0.9589,0
0,0.0103,28.24,0,0,0.1049,0.7841,0
15,0.7575,3218.26,1,0,0.4876,0.1574,1
0,0.1755,19.62,0,0,0.1247,0.7166,0
0,0.1295,26.3,0,0,0.1499,0.6265,0
0,0.0434,19.68,0,0,0.0589,0.7662,0
0,0.0797,1.63,0,0,0.0569,0.9497,0
0,0.152,42.26,0,0,0.2156,0.9122,0
0,0.03,4.57,0,0,0.1408,0.7983,0
2,0.0679,4.53,0,0,0.0193,0.869,0
1,0.2057,116.38,0,0,0.1171,0.6125,0
12,0.8421,1068.36,1,1,0.4126,0.1753,1
0,0.1033,102.16,0,0,0.0826,0.9625,0
10,0.6558,4.61,1,1,0.3595,0.3164,1
0,0.113,73.54,0,0,0.2063,0.7852,0
0,0.0875,76.01,0,0,0.2099,0.8227,0
0,0.0444,0.07,0,0,0.2734,0.8844,0
1,0.0336,9.59,0,0,0.2073,0.9024,0
0,0.0573,72.91,0,0,0.1638,0.826,0
9,0.5469,97.91,1,1,0.8751,0.4201,1
8,0.8332,2498.78,0,1,0.7814,0.1471,1
0,0.1982,29.39,0,0,0.1382,0.6737,0
0,0.1095,8.17,0,0,0.1246,0.7896,0
9,0.6194,1607.49,0,1,0.7803,0.2304,1
0,0.0296,22.75,0,0,0.2466,0.8155,0
0,0.1607,2.1,0,0,0.1236,0.6058,0
1,0.2236,20.35,0,1,0.2393,0.812,0
1,0.1224,2.44,0,0,0.4473,0.9342,0
0,0.0416,2.65,0,0,0.0113,0.8843,0
1,0.0769,112.43,0,0,0.1845,0.8598,0
0,0.0031,9.36,0,0,0.0235,0.693,0
0,0.0768,44.7,0,0,0.1798,0.8564,0
0,0.0392,5.26,0,0,0.2642,0.98,0
11,0.9074,3193.43,1,1,0.6031,0.1401,1
0,0.0673,12.51,0,0,0.0959,0.9607,0
1,0.0417,58.61,0,0,0.4201,0.7314,0
1,0.0885,18.61,0,1,0.0642,0.7853,0
0,0.3446,9.18,0,0,0.0955,0.8068,0
0,0.1945,51.82,0,0,0.4794,0.6698,0
0,0.2222,18.34,0,0,0.0494,0.9852,0
0,0.0241,22.16,0,0,0.0603,0.91,0
0,0.0322,6.03,0,0,0.0647,0.6519,0
0,0.0305,34.3,0,0,0.1225,0.9235,0
0,0.0113,35.93,0,0,0.006,0.9359,0
0,0.0295,5.51,0,0,0.0206,0.7711,0
1,0.044,23.97,0,0,0.0777,0.9014,0
0,0.131,68.53,0,0,0.4475,0.7856,0
0,0.167,56.17,1,0,0.1393,0.6854,0
0,0.1062,73.49,0,0,0.0058,0.7687,0
1,0.1888,10.65,0,0,0.2796,0.9286,0
1,0.0142,5.79,0,0,0.3365,0.8891,0
0,0.0167,5.53,0,0,0.1145,0.9339,0
0,0.0678,28.04,0,0,0.0477,0.8418,0
0,0.1129,39.83,0,0,0.14,0.6715,0
2,0.1073,75.36,0,0,0.0443,0.8239,0
0,0.1101,63.99,0,0,0.0031,0.9332,0
0,0.1451,29.06,0,0,0.0284,0.6419,0
0,0.0316,28.72,0,0,0.0116,0.7083,0
1,0.128,27.0,0,0,0.1836,0.9053,0
0,0.1164,20.93,0,0,0.0293,0.7537,0
0,0.1928,26.96,0,0,0.3012,0.9029,0
0,0.158,13.16,0,0,0.0473,0.9284,0
0,0.0221,18.94,0,0,0.278,0.8441,0
0,0.1411,75.41,0,0,0.0634,0.6971,0
0,0.2583,7.95,0,0,0.0344,0.9672,0
0,0.128,5.64,0,0,0.0119,0.7238,0
0,0.079,3.9,0,0,0.3653,0.9141,0
15,0.7817,1659.5,1,1,0.8099,0.1677,1
0,0.0867,70.96,0,0,0.0985,0.9118,0
1,0.0188,11.86,0,0,0.1146,0.5296,0
0,0.0555,29.36,0,0,0.1476,0.9537,0
9,0.9486,1002.6,1,1,0.7784,0.2527,1
0,0.1344,14.55,0,0,0.2049,0.9629,0
1,0.139,71.41,0,0,0.0885,0.9402,0
1,0.1544,33.12,0,0,0.3021,0.9718,0
0,0.0241,13.1,0,0,0.2842,0.861,0
12,0.8723,47.62,1,1,0.568,0.219,1
1,0.0467,6.42,0,0,0.0305,0.7185,0
2,0.0728,8.4,0,0,0.1205,0.8845,0
0,0.0275,79.94,0,0,0.2225,0.8229,0
0,0.1014,19.83,0,0,0.0685,0.6714,0
0,0.0492,11.29,0,0,0.0522,0.7867,0
0,0.0074,7.85,0,0,0.1447,0.7726,0
1,0.2191,244.54,0,0,0.1413,0.7374,0
2,0.0173,50.43,0,0,0.166,0.9546,0
0,0.0804,129.12,0,1,0.164,0.8945,0
1,0.0228,4.79,1,1,0.1266,0.7925,0
0,0.0077,19.68,0,0,0.1866,0.9311,0
7,0.5425,48.97,1,1,0.7251,0.0178,1
0,0.0687,12.7,0,0,0.0276,0.453,0
10,0.8019,2626.19,1,1,0.7032,0.2736,1
3,0.4937,3.39,0,1,0.176,0.8619,0
2,0.1514,79.11,0,0,0.2725,0.9107,0
1,0.0864,22.25,0,0,0.2205,0.8858,0
0,0.2463,22.9,0,0,0.274,0.7128,0
1,0.0967,44.52,0,0,0.0185,0.9422,0
1,0.1846,96.39,0,0,0.1079,0.9376,0
0,0.0642,24.54,0,1,0.2571,0.8493,0
0,0.0358,1.69,0,0,0.1631,0.9703,0
0,0.05,62.03,0,0,0.4016,0.8092,0
0,0.1275,23.18,0,0,0.2451,0.8185,0
0,0.1044,9.5,1,0,0.0871,0.8503,0
0,0.0758,44.82,0,0,0.2361,0.8149,0
0,0.2437,67.25,0,0,0.381,0.8902,0
0,0.1495,8.39,0,0,0.2063,0.7709,0
0,0.0027,5.17,0,0,0.6158,0.7808,0
0,0.2012,96.95,0,0,0.1082,0.9158,0
0,0.1483,0.7,0,0,0.0824,0.8214,0
17,0.647,3018.99,0,1,0.5534,0.1359,1
0,0.0479,20.63,0,0,0.0987,0.9427,0
0,0.0916,50.84,0,0,0.0185,0.9028,0
1,0.0326,17.08,0,0,0.0425,0.9042,0
0,0.1651,4.12,1,0,0.0724,0.9036,0
0,0.1053,12.77,0,0,0.1535,0.8812,0
1,0.0584,26.01,0,0,0.3009,0.9756,0
11,0.8186,2917.18,0,1,0.7333,0.0392,1
0,0.0861,42.64,0,0,0.1031,0.715,0
14,0.9008,1006.98,1,0,0.78,0.1526,1
0,0.1355,77.7,0,0,0.152,0.4539,0
14,0.7067,3449.56,0,0,0.7188,0.2712,1
9,0.6497,1194.09,0,1,0.7514,0.34,1
1,0.103,5.59,0,0,0.138,0.5025,0
0,0.0436,11.43,0,0,0.115,0.6288,0
1,0.0138,58.7,0,0,0.2104,0.9352,0
0,0.0447,0.34,0,0,0.1011,0.9056,0
0,0.1523,50.56,0,0,0.4464,0.9873,0
0,0.0897,40.29,0,0,0.1279,0.7303,0
0,0.0702,21.78,0,0,0.1035,0.9182,0
1,0.163,25.66,0,0,0.1175,0.8182,0
0,0.1201,34.75,0,0,0.0876,0.824,0
1,0.0651,6.62,0,0,0.0514,0.8948,0
3,0.9279,2564.95,1,0,0.418,0.1401,1
4,0.8592,1286.17,1,1,0.8385,0.6411,1
0,0.1198,0.86,0,0,0.1464,0.8468,0
0,0.1266,32.75,0,0,0.2862,0.9452,0
0,0.2608,9.15,0,0,0.122,0.7096,0
0,0.0608,15.91,0,0,0.1117,0.6758,0
9,0.7952,14.4,0,0,0.6312,0.2128,1
0,0.0524,5.22,0,0,0.2671,0.5442,0
0,0.1118,48.52,0,0,0.1529,0.9518,0
2,0.0451,42.04,0,0,0.177,0.9854,0
1,0.0185,260.78,0,0,0.1184,0.8301,0
1,0.1466,24.06,0,0,0.0618,0.8793,0
14,0.888,1569.86,0,1,0.6091,0.4243,1
1,0.0622,57.04,0,0,0.548,0.9089,0
0,0.1536,2.17,0,0,0.009,0.7987,0
0,0.0309,51.22,0,0,0.1355,0.5677,0
0,0.1847,22.5,0,0,0.1191,0.6694,0
0,0.0863,18.47,0,0,0.0998,0.8832,0
0,0.1844,54.07,0,0,0.1757,0.6127,0
1,0.1303,6.08,0,0,0.0532,0.9064,0
0,0.0288,17.12,0,0,0.1494,0.696,0
0,0.0331,8.25,0,0,0.1327,0.9811,0
0,0.1714,72.65,0,0,0.0152,0.9311,0
0,0.0097,33.27,0,0,0.1103,0.8327,0
0,0.0621,10.36,0,0,0.1226,0.7462,0
0,0.0095,8.36,0,0,0.1885,0.9028,0
0,0.0617,1.02,0,0,0.0385,0.8556,0
1,0.2272,19.29,0,0,0.126,0.9005,0
0,0.2205,41.14,0,0,0.155,0.9277,0
10,0.5866,9.99,0,0,0.8719,0.2477,1
0,0.1684,26.68,0,0,0.2301,0.5817,0
0,0.111,30.92,0,0,0.0641,0.912,0
0,0.0855,41.11,0,0,0.271,0.847,0
0,0.2409,23.49,1,0,0.0489,0.9281,0
1,0.0568,22.38,0,0,0.0266,0.9601,0
0,0.08,28.05,0,0,0.0679,0.9327,0
1,0.0381,6.69,0,0,0.2029,0.9291,0
1,0.0713,153.17,1,0,0.1093,0.8059,0
1,0.2219,26.33,0,0,0.2337,0.9878,0
0,0.1695,17.11,0,0,0.0065,0.8768,0
0,0.2018,3.12,0,0,0.0216,0.469,0
0,0.0532,4.41,0,0,0.0547,0.9294,0
0,0.1408,40.09,0,0,0.0903,0.9585,0
0,0.0336,14.04,0,0,0.1651,0.9719,0
0,0.1386,50.2,0,0,0.0527,0.7132,0
7,0.9508,2455.25,0,0,0.2396,0.0769,1
0,0.0301,6.35,0,0,0.2824,0.9224,0
0,0.1011,23.56,1,0,0.089,0.8194,0
0,0.0124,3.77,0,0,0.4969,0.9464,0
0,0.0292,21.26,0,0,0.0973,0.7607,0
0,0.0636,21.01,0,0,0.0905,0.972,0
1,0.0966,0.04,0,0,0.0984,0.9305,0
0,0.0731,12.49,0,0,0.1116,0.9477,0
0,0.0577,48.47,0,0,0.2527,0.8333,0
0,0.0909,27.31,0,0,0.2712,0.6658,0
2,0.205,47.13,0,0,0.1285,0.9783,0
13,0.9168,2876.33,1,1,0.668,0.278,1
0,0.1185,59.99,0,0,0.1618,0.839,0
0,0.0344,13.17,0,0,0.1629,0.9278,0
1,0.2316,11.79,0,0,0.2431,0.6917,0
0,0.1858,3.62,0,0,0.0773,0.8577,0
1,0.1555,84.12,0,0,0.0224,0.8797,0
0,0.2065,68.95,0,0,0.2244,0.8784,0
0,0.0852,7.25,0,1,0.0609,0.8972,0
0,0.0512,55.92,0,0,0.0968,0.6545,0
0,0.0652,52.84,0,1,0.1137,0.8164,0
1,0.0707,17.51,0,0,0.3227,0.7236,0
1,0.1926,11.64,0,0,0.2904,0.8646,0
0,0.0364,51.53,0,0,0.4763,0.7946,0
0,0.2077,1.73,0,0,0.1157,0.836,0
3,0.2966,28.37,0,0,0.0184,0.8544,0
0,0.0554,18.97,0,0,0.2984,0.8788,0
0,0.086,4.82,0,0,0.03,0.9652,0
0,0.0357,22.58,0,0,0.0672,0.751,0
0,0.0077,32.4,0,0,0.161,0.8275,0
0,0.0454,57.06,0,0,0.1414,0.9089,0
0,0.199,76.39,0,0,0.039,0.9802,0
0,0.3436,3.7,0,0,0.2831,0.9104,0
1,0.0317,24.72,0,1,0.6474,0.8372,0
8,0.8982,53.39,1,1,0.5598,0.1494,1
2,0.0365,6.65,0,0,0.238,0.9813,0
1,0.3347,38.45,0,0,0.0805,0.8854,0
0,0.2399,88.58,0,0,0.0339,0.7446,0
0,0.0876,7.09,0,0,0.1206,0.8905,0
1,0.1407,0.42,0,0,0.1242,0.8737,0
0,0.0427,20.73,0,0,0.1671,0.8519,0
0,0.1418,9.74,0,0,0.0201,0.9166,0
7,0.8094,858.33,1,1,0.4481,0.1369,1
1,0.0981,13.31,0,0,0.0615,0.7113,0
0,0.1756,10.29,0,0,0.0502,0.9703,0
0,0.1672,53.31,0,0,0.2205,0.757,0
0,0.2522,8.42,0,0,0.1793,0.8764,0
0,0.1044,25.65,0,0,0.31,0.8333,0
1,0.0622,127.17,0,0,0.4748,0.7944,0
0,0.0428,40.27,0,0,0.0491,0.8869,0
0,0.255,91.19,0,0,0.3176,0.9314,0
0,0.2041,21.81,0,0,0.0893,0.9567,0
0,0.1102,34.15,0,0,0.0278,0.856,0
4,0.7828,2066.28,1,0,0.8188,0.1593,1
0,0.1528,52.42,0,0,0.1261,0.7614,0
9,0.5696,75.22,1,1,0.4748,0.0269,1
0,0.1441,2.81,0,0,0.1201,0.7776,0
0,0.0343,11.75,0,0,0.1894,0.7528,0
1,0.1601,82.69,0,0,0.0459,0.7804,0
0,0.0538,7.36,0,0,0.0965,0.8353,0
7,0.9506,47.07,1,1,0.6004,0.2275,1
0,0.028,67.06,0,0,0.1706,0.767,0
1,0.2856,5.74,0,0,0.1281,0.8108,0
4,0.811,2291.83,1,1,0.6625,0.0977,1
7,0.9113,2456.44,0,1,0.4814,0.0378,1
0,0.1506,68.88,0,0,0.1306,0.8647,0
0,0.125,26.93,0,0,0.3264,0.8336,0
1,0.0628,49.72,0,0,0.2028,0.7344,0
0,0.2009,58.34,0,1,0.0007,0.8183,0
3,0.9072,76.17,0,1,0.4265,0.5593,1
0,0.0408,48.34,0,0,0.004,0.9293,0
13,0.9503,42.96,0,1,0.4484,0.1252,1
0,0.3432,65.41,0,0,0.0445,0.9441,0
4,0.7923,27.73,0,0,0.7066,0.1044,1
0,0.0456,28.17,0,0,0.3575,0.8106,0
0,0.0826,5.0,0,0,0.4713,0.8504,0
0,0.1523,22.23,0,0,0.185,0.9797,0
1,0.018,20.26,0,0,0.2576,0.5846,0
0,0.1451,26.26,0,0,0.0029,0.8094,0
0,0.1804,36.04,0,0,0.0333,0.8441,0
6,0.8587,5.47,0,0,0.5957,0.3647,1
1,0.2315,74.31,0,0,0.3171,0.8068,0
0,0.2453,21.69,0,0,0.0774,0.8353,0
14,0.8826,1145.89,0,0,0.7581,0.1011,1
0,0.0293,7.38,0,0,0.0959,0.8599,0
0,0.0851,0.45,0,0,0.0632,0.9422,0
0,0.0459,221.91,0,0,0.1508,0.8694,0
0,0.0197,56.76,0,0,0.0023,0.966,0
2,0.0747,12.18,0,0,0.1552,0.8541,0
1,0.117,2.76,0,0,0.0105,0.8101,0
0,0.0708,7.81,0,0,0.3978,0.9679,0
0,0.18,123.68,0,0,0.2162,0.8314,0
1,0.115,34.47,0,0,0.3332,0.8875,0
0,0.1186,12.92,0,0,0.1086,0.9521,0
0,0.1978,89.61,0,0,0.4656,0.9802,0
0,0.1589,45.88,0,0,0.2259,0.9184,0
0,0.0119,2.99,1,0,0.166,0.9834,0
5,0.8439,2402.05,1,0,0.6486,0.081,1
1,0.1057,30.94,0,0,0.0606,0.6868,0
0,0.0261,19.87,0,0,0.1142,0.9276,0
1,0.1608,26.06,0,0,0.2754,0.6981,0
0,0.1258,133.96,0,0,0.1447,0.8461,0
5,0.8893,1713.59,1,1,0.2479,0.1135,1
15,0.5047,2421.8,1,0,0.7614,0.1753,1
1,0.0858,53.24,0,0,0.1363,0.7615,0
0,0.0647,16.74,0,0,0.4907,0.8759,0
0,0.2091,47.91,0,0,0.0333,0.8553,0
1,0.2949,70.95,0,0,0.4925,0.9597,0
0,0.2182,0.76,0,0,0.3541,0.8375,0
2,0.4045,74.59,0,0,0.2587,0.6236,0
0,0.0249,32.25,0,0,0.1342,0.7919,0
7,0.8978,205.19,0,1,0.8234,0.0695,1
0,0.0526,15.41,0,0,0.2057,0.7554,0
8,0.9004,1025.05,1,1,0.6384,0.2331,1
0,0.1959,19.67,0,0,0.0944,0.9443,0
8,0.686,1908.47,0,1,0.6105,0.1151,1
6,0.6663,880.31,1,0,0.8218,0.0431,1
0,0.1084,7.49,0,0,0.2818,0.4808,0
9,0.9271,2232.26,0,1,0.4171,0.1258,1
3,0.7141,21.33,1,1,0.4984,0.0516,1
1,0.3981,44.8,0,0,0.3421,0.917,0
0,0.1989,12.28,0,0,0.0049,0.9003,0
10,0.7821,42.64,1,1,0.6609,0.0966,1
0,0.0413,30.63,0,0,0.0239,0.9405,0
3,0.2121,15.24,0,0,0.1869,0.971,0
0,0.093,100.48,0,0,0.5012,0.9291,0
0,0.3218,3.81,0,0,0.0502,0.9581,0
1,0.1212,53.53,0,0,0.2711,0.6909,0
0,0.0211,49.74,0,0,0.1278,0.8744,0
0,0.0765,24.17,0,0,0.174,0.9218,0
1,0.0082,24.12,0,0,0.0397,0.8647,0
1,0.0541,21.19,0,0,0.0051,0.8182,0
0,0.0331,12.76,0,0,0.0546,0.7047,0
0,0.0845,1.8,0,0,0.0945,0.915,0
0,0.0627,44.0,0,0,0.1224,0.8787,0
0,0.1241,14.39,0,0,0.0091,0.9037,0
0,0.0909,50.98,0,0,0.1337,0.6291,0
14,0.6595,72.73,0,0,0.7379,0.3466,1
19,0.6341,3337.06,1,1,0.5642,0.0314,1
1,0.0421,12.95,0,0,0.1091,0.9257,0
0,0.1304,15.5,0,0,0.1859,0.7077,0
0,0.022,88.26,0,0,0.2187,0.9079,0
0,0.1083,8.58,0,1,0.1271,0.9624,0
0,0.1893,48.37,0,0,0.2297,0.7405,0
6,0.8409,1707.14,1,0,0.477,0.0181,1
0,0.1704,110.85,0,0,0.1128,0.9591,0
0,0.0785,24.06,0,0,0.0305,0.9252,0
5,0.9667,2012.44,1,1,0.6293,0.6748,1
0,0.1195,55.84,0,0,0.1877,0.8719,0
0,0.125,2.47,0,0,0.2302,0.8509,0
0,0.0063,74.44,0,0,0.0016,0.7586,0
1,0.1792,7.34,0,0,0.3238,0.9725,0
1,0.058,5.43,0,0,0.1125,0.9903,0
2,0.1222,22.24,0,0,0.284,0.6908,0
13,0.7184,2503.31,0,1,0.7885,0.2393,1
1,0.057,118.35,0,0,0.0433,0.8628,0
0,0.0251,9.43,0,0,0.2768,0.5606,0
0,0.0345,16.46,0,0,0.1926,0.8198,0
1,0.2198,20.0,0,0,0.0954,0.8904,0
20,0.4872,62.74,1,0,0.5266,0.114,1
0,0.1187,18.44,0,0,0.1635,0.8558,0
0,0.0603,48.07,0,0,0.0081,0.9126,0
0,0.0762,2.58,0,0,0.0764,0.7891,0
1,0.1899,150.16,0,0,0.2453,0.8542,0
0,0.339,30.28,0,0,0.1199,0.9692,0
14,0.8607,2820.13,0,1,0.6856,0.1239,1
0,0.0214,40.95,0,0,0.3464,0.9541,0
6,0.9165,3141.76,1,1,0.8957,0.0195,1
0,0.0849,70.37,0,0,0.3297,0.9725,0
0,0.0539,112.5,0,0,0.2205,0.9271,0
0,0.2303,44.12,0,0,0.0754,0.8261,0
3,0.953,1398.1,1,1,0.6989,0.0458,1
2,0.7543,2857.66,1,0,0.7261,0.3348,1
0,0.296,57.76,0,1,0.0965,0.8869,0
0,0.0253,79.76,0,0,0.0547,0.872,0
0,0.0809,12.53,0,0,0.0255,0.8861,0
0,0.0204,1.09,0,0,0.0561,0.8239,0
1,0.0988,26.06,0,0,0.0453,0.4081,0
0,0.1158,31.11,0,0,0.0959,0.8298,0
9,0.5969,9.93,0,1,0.9688,0.0843,1
0,0.1503,0.26,0,0,0.0806,0.5844,0
0,0.1969,19.92,0,0,0.0229,0.9426,0
0,0.008,4.86,0,0,0.3201,0.9962,0
0,0.1913,19.71,0,0,0.0255,0.6566,0
1,0.0518,84.96,0,0,0.2905,0.9807,0
0,0.0606,3.52,0,1,0.0441,0.958,0
0,0.06,3.48,0,0,0.3051,0.9564,0
0,0.1059,49.47,0,0,0.1211,0.9151,0
2,0.2327,240.94,0,0,0.2778,0.9836,0
0,0.0686,4.15,0,0,0.105,0.7307,0
0,0.0649,13.25,0,0,0.0542,0.9738,0
4,0.6871,70.87,0,0,0.7517,0.2015,1
0,0.1156,80.38,0,0,0.2026,0.9787,0
0,0.1393,25.95,0,0,0.0825,0.9679,0
0,0.4029,31.3,0,0,0.0264,0.6908,0
1,0.2919,24.3,1,0,0.2405,0.9652,0
5,0.9011,157.58,0,1,0.3199,0.0442,1
0,0.0632,14.65,0,0,0.1338,0.7007,0
0,0.1883,85.65,0,1,0.1277,0.8214,0
0,0.1538,4.64,0,0,0.1194,0.9691,0
0,0.1872,4.77,0,0,0.1482,0.7735,0
0,0.1205,15.03,0,0,0.1753,0.8514,0
1,0.0385,23.31,0,0,0.064,0.9817,0
10,0.7196,1473.36,1,1,0.8543,0.3017,1
0,0.1499,66.98,0,0,0.0524,0.9342,0
0,0.155,24.31,0,0,0.1509,0.9537,0
2,0.0514,5.73,0,0,0.1222,0.8807,0
1,0.2034,24.13,0,1,0.152,0.8942,0
1,0.0802,61.86,0,0,0.1458,0.6427,0
0,0.0176,18.74,0,0,0.333,0.9398,0
2,0.1002,19.95,0,0,0.2631,0.9702,0
2,0.0726,25.72,0,0,0.5098,0.9234,0
0,0.1587,29.04,0,0,0.2926,0.8736,0
0,0.1401,35.83,0,0,0.1135,0.6895,0
0,0.0447,19.11,0,1,0.1038,0.797,0
0,0.0942,13.99,0,0,0.2919,0.7624,0
7,0.897,8.22,1,1,0.7495,0.1503,1
0,0.0136,19.98,0,0,0.26,0.8433,0
1,0.0308,18.73,0,0,0.2812,0.7771,0
0,0.1525,13.62,0,0,0.0521,0.9693,0
1,0.1625,75.59,0,0,0.1847,0.8668,0
0,0.0243,43.75,0,0,0.0606,0.8441,0
0,0.1626,43.04,0,0,0.1438,0.8471,0
0,0.0142,60.02,0,0,0.1071,0.8001,0
0,0.1566,41.08,0,0,0.0733,0.8745,0
2,0.0908,81.82,0,0,0.1583,0.8523,0
0,0.0181,11.53,0,0,0.1796,0.9525,0
1,0.0667,1.59,0,0,0.0713,0.9214,0
2,0.1892,4.06,0,0,0.0486,0.6488,0
1,0.0618,20.72,0,0,0.165,0.9257,0
1,0.1199,5.33,0,0,0.1772,0.838,0
2,0.1627,89.01,0,0,0.1942,0.8166,0
0,0.2773,52.62,0,0,0.2403,0.9616,0
8,0.7821,1662.44,1,1,0.7233,0.3074,1
0,0.0788,6.13,0,0,0.1165,0.8628,0
0,0.0452,6.01,0,0,0.0765,0.9479,0
0,0.0588,3.13,0,0,0.1997,0.9482,0
0,0.0434,140.71,0,0,0.0794,0.6881,0
8,0.7832,14.12,1,1,0.5535,0.3703,1
0,0.0169,15.71,0,0,0.0382,0.8152,0
1,0.071,16.11,0,0,0.4193,0.7183,0
0,0.1359,110.96,1,0,0.4436,0.7389,0
6,0.6926,69.26,0,0,0.4664,0.2256,1
0,0.0329,3.33,0,0,0.5731,0.5493,0
0,0.2314,18.27,0,0,0.0394,0.9507,0
0,0.168,69.19,0,0,0.2502,0.6787,0
0,0.0959,1.37,0,0,0.1402,0.7351,0
8,0.9627,945.31,0,0,0.4173,0.1939,1
0,0.1594,1.25,0,0,0.4033,0.7414,0
1,0.0672,116.02,0,0,0.0978,0.9426,0
1,0.1906,3.67,0,0,0.1523,0.9585,0
4,0.2487,49.04,0,0,0.0214,0.6837,0
1,0.0867,23.7,0,0,0.0616,0.8999,0
0,0.1363,11.53,0,0,0.1155,0.8139,0
0,0.1136,27.59,0,0,0.0965,0.6201,0
0,0.0897,109.79,0,0,0.0095,0.6779,0
1,0.041,25.99,0,0,0.2925,0.909,0
1,0.2057,39.65,0,0,0.2332,0.8948,0
0,0.0845,106.65,0,0,0.1738,0.8176,0
1,0.2742,8.82,0,0,0.1166,0.8374,0
0,0.0121,41.27,0,0,0.2065,0.7517,0
0,0.1294,10.02,0,0,0.1297,0.9482,0
1,0.0387,0.47,0,0,0.1551,0.8852,0
10,0.7317,2899.66,1,1,0.7639,0.1707,1
1,0.1165,109.42,0,0,0.0366,0.6487,0
0,0.0168,7.85,0,0,0.225,0.7997,0
11,0.8306,3063.38,1,1,0.5114,0.3644,1
1,0.1784,8.76,0,0,0.2108,0.9025,0
1,0.0408,52.04,0,0,0.0293,0.6602,0
12,0.5096,1044.23,1,0,0.705,0.0479,1
0,0.1254,5.09,0,0,0.0589,0.9,0
0,0.0473,10.37,0,0,0.1278,0.7547,0
0,0.1988,40.35,0,0,0.0915,0.8014,0
1,0.1226,26.1,0,0,0.0556,0.8317,0
3,0.8654,66.71,1,0,0.8128,0.0624,1
1,0.1042,63.22,0,0,0.4084,0.96,0
9,0.7098,3224.74,0,0,0.875,0.085,1
0,0.1196,126.93,0,1,0.0613,0.9588,0
0,0.0188,0.42,0,0,0.0782,0.9345,0
13,0.9063,2970.26,1,1,0.6656,0.2361,1
12,0.7809,1478.04,0,0,0.7019,0.4281,1
1,0.2889,41.23,0,0,0.1752,0.8212,0
0,0.0562,26.98,0,0,0.1121,0.9116,0
0,0.0132,7.72,0,0,0.2899,0.7287,0
16,0.967,2620.83,0,0,0.6629,0.2154,1
0,0.1609,83.36,0,0,0.0568,0.9637,0
0,0.0965,13.02,0,0,0.1329,0.7124,0
0,0.0227,69.71,0,0,0.2277,0.9062,0
0,0.1416,50.99,0,0,0.1965,0.8647,0
2,0.0939,37.63,0,0,0.0319,0.7397,0
1,0.0583,15.93,0,0,0.1005,0.8505,0
6,0.8655,2502.34,0,1,0.6547,0.219,1
8,0.8713,2490.79,0,1,0.4679,0.0249,1
0,0.0956,108.28,0,0,0.1695,0.9364,0
1,0.0119,19.73,0,0,0.0659,0.8925,0
1,0.0065,12.82,0,0,0.4329,0.8016,0
0,0.0908,18.99,0,0,0.0856,0.9256,0
0,0.1776,15.93,0,0,0.2784,0.9329,0
0,0.0783,82.53,0,0,0.0504,0.6484,0
8,0.7456,10.05,1,0,0.5914,0.04,1
1,0.2073,64.5,0,0,0.3639,0.8046,0
0,0.0774,85.25,0,0,0.1491,0.8864,0
1,0.043,7.57,0,0,0.1312,0.722,0
0,0.1352,14.11,0,0,0.2429,0.7375,0
0,0.1736,0.27,0,0,0.111,0.9519,0
1,0.0492,12.3,0,0,0.0629,0.8832,0
1,0.1796,0.11,0,0,0.0426,0.8118,0
0,0.0207,41.8,0,0,0.3723,0.8254,0
2,0.0986,50.03,0,0,0.1791,0.8654,0
0,0.0956,21.01,0,0,0.0875,0.8482,0
1,0.1426,68.51,0,0,0.3257,0.91,0
12,0.6366,24.95,1,0,0.7257,0.2562,1
1,0.0566,2.96,0,0,0.2359,0.7411,0
0,0.0873,25.45,0,0,0.4195,0.6827,0
14,0.3916,2891.79,1,0,0.4851,0.3025,1
6,0.8763,107.78,1,0,0.7217,0.1613,1
1,0.1548,60.62,0,0,0.0406,0.6895,0
14,0.6054,1583.45,1,0,0.7195,0.0585,1
0,0.0274,66.5,0,0,0.0233,0.6527,0
1,0.0503,17.56,0,0,0.0688,0.9672,0
5,0.8099,1809.27,1,1,0.8919,0.0375,1
1,0.0805,30.05,0,0,0.4623,0.6524,0
0,0.2156,7.73,0,0,0.2024,0.9345,0
0,0.1343,48.84,0,0,0.0272,0.8563,0
0,0.1323,16.17,0,0,0.3824,0.9052,0
0,0.0213,108.14,0,0,0.5325,0.7832,0
0,0.0182,57.77,0,0,0.0974,0.6686,0
0,0.1612,14.62,0,0,0.018,0.741,0
1,0.1129,18.37,0,0,0.1683,0.9239,0
0,0.021,2.73,0,0,0.118,0.8164,0
0,0.0279,148.98,0,0,0.0086,0.6536,0
0,0.3096,41.23,0,0,0.0838,0.9382,0
1,0.1892,9.02,0,0,0.0208,0.9023,0
9,0.6246,71.55,1,1,0.9009,0.1667,1
0,0.1373,41.08,0,0,0.022,0.741,0
0,0.0279,46.27,0,0,0.1709,0.9668,0
8,0.9571,1004.84,1,0,0.7396,0.1507,1
8,0.8367,42.54,1,0,0.5404,0.4708,1
1,0.0576,22.15,0,0,0.1721,0.8834,0
7,0.6712,20.86,1,1,0.9227,0.2252,1
0,0.1983,139.74,0,0,0.2526,0.7362,0
0,0.1084,15.82,0,0,0.0669,0.6736,0
0,0.0283,25.62,0,0,0.1433,0.9021,0
1,0.064,58.36,0,0,0.2763,0.8792,0
0,0.0831,60.74,0,0,0.2386,0.9873,0
0,0.0798,5.14,0,0,0.0821,0.8634,0
12,0.9217,69.32,0,1,0.6968,0.6496,1
0,0.01,29.49,0,0,0.0134,0.8036,0
1,0.1182,59.68,0,0,0.0247,0.6324,0
0,0.0081,1.09,0,0,0.0258,0.959,0
0,0.1228,33.97,0,0,0.3652,0.9556,0
0,0.1851,33.61,0,0,0.048,0.9217,0
1,0.0553,4.87,0,0,0.1322,0.7688,0
0,0.0332,47.6,0,0,0.1759,0.8972,0
2,0.044,34.76,0,0,0.2916,0.7467,0
0,0.0321,64.05,0,0,0.4092,0.8542,0
1,0.1534,25.21,0,0,0.0796,0.9875,0
0,0.0505,141.15,0,0,0.0435,0.9583,0
0,0.024,37.6,0,0,0.0471,0.9083,0
0,0.0835,19.21,0,0,0.2828,0.9129,0
0,0.0283,3.37,0,0,0.0474,0.9075,0
1,0.1553,48.82,0,0,0.0066,0.8799,0
15,0.5497,2975.0,1,1,0.8806,0.104,1
8,0.7462,3490.86,0,0,0.7045,0.1302,1
1,0.0233,66.13,0,0,0.2589,0.8907,0
0,0.1782,202.23,0,0,0.4076,0.854,0
0,0.1232,40.98,0,0,0.2362,0.5808,0
0,0.0926,78.91,0,0,0.0266,0.9274,0
0,0.1797,13.32,0,0,0.2315,0.9565,0
0,0.3409,35.26,0,0,0.3305,0.7924,0
1,0.1494,35.6,0,0,0.2348,0.9329,0
2,0.0169,85.04,0,0,0.1185,0.7504,0
4,0.9488,25.57,1,1,0.1745,0.0589,1
0,0.0347,12.24,0,0,0.1577,0.797,0
1,0.0201,3.16,0,0,0.1396,0.8153,0
2,0.1146,29.31,0,0,0.1009,0.968,0
19,0.8992,3274.78,0,0,0.5346,0.1662,1
0,0.0816,10.06,0,0,0.1294,0.8151,0
0,0.0223,149.03,0,0,0.4722,0.867,0
1,0.0521,106.88,0,0,0.3364,0.9024,0
1,0.0209,22.37,0,0,0.13,0.9067,0
0,0.321,12.94,0,0,0.3844,0.7185,0
0,0.1608,22.06,0,0,0.0454,0.9768,0
0,0.1275,49.57,0,0,0.0405,0.9644,0
0,0.1207,14.7,0,1,0.1075,0.9345,0
0,0.0734,90.75,0,0,0.0565,0.9532,0
0,0.1544,85.14,0,0,0.2166,0.9794,0
0,0.2083,73.22,0,0,0.1476,0.8647,0
0,0.067,29.04,0,1,0.0785,0.9069,0
0,0.0802,88.05,0,0,0.6049,0.6058,0
1,0.0897,43.19,0,0,0.0351,0.982,0
5,0.8215,4.82,1,0,0.5869,0.2539,1
1,0.1613,93.12,0,0,0.0685,0.9976,0
6,0.8817,22.03,1,0,0.2963,0.1116,1
0,0.1807,79.57,0,0,0.2151,0.8197,0
1,0.1168,22.35,0,0,0.0704,0.8939,0
7,0.7463,1880.64,1,1,0.7523,0.471,1
0,0.0574,16.0,0,0,0.027,0.8571,0
0,0.0525,102.46,0,0,0.2018,0.9031,0
1,0.1029,33.66,0,0,0.0211,0.5377,0
0,0.043,52.82,0,0,0.1221,0.9174,0
0,0.0949,39.41,0,0,0.2515,0.7896,0
0,0.01,22.12,0,0,0.0169,0.7385,0
12,0.6838,25.22,1,1,0.786,0.4209,1
1,0.0184,23.44,0,0,0.0257,0.9436,0
0,0.1634,111.66,0,0,0.4186,0.7736,0
0,0.0922,50.18,0,0,0.0274,0.9372,0
0,0.0114,12.09,0,0,0.1521,0.8144,0
0,0.0777,13.61,0,0,0.0361,0.8829,0
1,0.0484,14.63,0,0,0.0654,0.7999,0
0,0.0993,3.5,0,0,0.1768,0.8811,0
1,0.095,6.34,0,0,0.0983,0.8575,0
1,0.0217,20.31,0,0,0.0124,0.8814,0
0,0.2765,6.65,0,0,0.0616,0.7434,0
2,0.0297,58.57,0,0,0.1135,0.8962,0
0,0.0508,7.66,0,0,0.3297,0.9203,0
0,0.1222,88.19,0,0,0.0847,0.9555,0
0,0.1365,70.03,0,0,0.0436,0.8656,0
0,0.2052,12.05,0,0,0.1924,0.5655,0
0,0.0783,12.77,0,0,0.05,0.9035,0
1,0.2622,34.24,0,0,0.0624,0.8632,0
11,0.6785,10.68,0,1,0.7252,0.2961,1
1,0.3549,54.85,0,0,0.0566,0.8323,0
7,0.7798,932.07,0,1,0.8703,0.0419,1
0,0.0985,78.32,0,0,0.0623,0.6748,0
2,0.014,31.14,0,0,0.0718,0.9252,0
0,0.0419,5.93,0,0,0.1205,0.8547,0
9,0.5465,2.73,0,0,0.633,0.3361,1
1,0.0577,8.64,0,0,0.1201,0.9017,0
1,0.0493,128.24,0,0,0.2748,0.9536,0
9,0.5484,23.3,1,1,0.4451,0.416,1
13,0.9506,134.23,0,1,0.5243,0.0092,1
11,0.7,2564.75,0,1,0.8661,0.1496,1
0,0.1029,36.72,0,0,0.0777,0.6432,0
1,0.0699,55.04,0,0,0.1378,0.7611,0
0,0.2551,1.12,0,1,0.2104,0.8771,0
0,0.2333,51.4,0,0,0.0324,0.8563,0
4,0.6714,46.91,1,1,0.8636,0.2587,1
0,0.0858,63.86,0,0,0.1312,0.636,0
1,0.0504,92.21,0,0,0.1785,0.9058,0
1,0.2123,40.82,0,0,0.1073,0.9747,0
1,0.1094,8.6,0,0,0.0922,0.9337,0
6,0.8289,2715.81,0,1,0.5606,0.3002,1
0,0.1233,63.05,0,0,0.1421,0.8646,0
0,0.038,25.25,0,0,0.198,0.812,0
0,0.1896,97.79,0,0,0.4037,0.7091,0
6,0.7993,34.61,1,0,0.6412,0.2105,1
16,0.8014,1131.28,0,0,0.7937,0.6049,1
0,0.1514,38.81,0,0,0.1601,0.8699,0
0,0.0029,28.16,0,0,0.0154,0.7727,0
21,0.5968,1276.15,0,0,0.3121,0.0121,1
0,0.0794,17.06,0,0,0.1974,0.8919,0
3,0.9122,1568.66,0,0,0.7263,0.254,1
7,0.902,3118.89,1,0,0.5598,0.2099,1
0,0.0299,44.8,0,0,0.0542,0.836,0
0,0.1785,7.37,0,0,0.2503,0.8383,0
0,0.1953,34.27,0,0,0.2384,0.9294,0
0,0.0491,28.67,0,0,0.0192,0.9956,0
1,0.023,57.25,0,0,0.0254,0.6944,0
0,0.0223,20.97,0,0,0.0659,0.9329,0
1,0.075,26.32,0,0,0.1233,0.5985,0
0,0.0806,10.13,0,0,0.1978,0.8739,0
0,0.0857,29.17,0,0,0.5754,0.9017,0
2,0.0667,22.97,0,0,0.0565,0.896,0
1,0.0815,15.56,0,0,0.1982,0.8499,0
0,0.0411,20.67,0,0,0.1783,0.7947,0
5,0.9375,97.31,1,0,0.8768,0.1757,1
0,0.0924,11.74,0,0,0.034,0.8118,0
1,0.2012,50.97,0,0,0.1478,0.8424,0
1,0.0126,53.04,0,0,0.0247,0.6889,0
1,0.127,5.99,0,0,0.4109,0.6547,0
0,0.0139,61.01,0,0,0.3463,0.6451,0
0,0.0959,9.43,0,0,0.5878,0.8957,0
8,0.986,1672.99,1,1,0.7069,0.4124,1
0,0.0988,19.84,0,0,0.0873,0.5916,0
0,0.1834,28.73,0,0,0.3482,0.8036,0
1,0.0272,31.88,0,0,0.4274,0.9343,0
1,0.0515,30.71,0,0,0.027,0.7864,0
1,0.331,13.33,0,0,0.0821,0.8949,0
0,0.3828,16.9,0,0,0.0395,0.8519,0
0,0.1078,58.42,0,0,0.2471,0.9,0
1,0.0466,19.31,0,0,0.1286,0.8921,0
0,0.1324,15.65,0,0,0.2384,0.909,0
0,0.0521,55.89,0,0,0.2739,0.5066,0
1,0.2358,36.12,0,0,0.0064,0.7586,0
0,0.2467,18.07,0,0,0.1694,0.8579,0
1,0.0871,40.74,0,0,0.0714,0.8223,0
0,0.3025,20.78,0,1,0.0803,0.9515,0
0,0.1222,87.1,0,0,0.2513,0.8359,0
0,0.069,43.68,0,0,0.0384,0.9308,0
0,0.1074,10.62,0,0,0.2733,0.9791,0
0,0.1006,14.94,0,0,0.3386,0.859,0
0,0.3347,10.19,0,0,0.4012,0.9163,0
1,0.0619,31.89,0,0,0.0329,0.9573,0
0,0.054,5.38,0,0,0.0365,0.7845,0
0,0.0362,26.42,0,0,0.0204,0.8227,0
1,0.007,16.02,0,0,0.0407,0.8874,0
0,0.0208,41.24,0,0,0.0131,0.8381,0
2,0.1176,8.43,0,0,0.181,0.9764,0
0,0.0858,19.19,0,0,0.0727,0.7422,0
0,0.0968,42.35,0,0,0.41,0.9202,0
0,0.0398,7.13,0,0,0.1563,0.8404,0
1,0.0694,37.52,0,0,0.0444,0.8487,0
0,0.2904,68.6,0,0,0.2564,0.6679,0
0,0.02,96.13,0,0,0.5279,0.774,0
3,0.8935,1079.86,1,1,0.6494,0.0562,1
0,0.0919,28.44,0,0,0.004,0.9483,0
0,0.0776,6.57,0,0,0.0327,0.5214,0
7,0.7614,24.31,0,0,0.6979,0.0831,1
0,0.0419,15.29,0,0,0.1697,0.8401,0
0,0.1538,6.4,0,0,0.1766,0.9323,0
0,0.0595,34.73,0,0,0.1423,0.8722,0
4,0.8124,2693.36,0,1,0.5599,0.2536,1
0,0.1039,8.68,0,0,0.16,0.8758,0
0,0.0069,36.54,0,0,0.0492,0.8704,0
1,0.1897,36.4,0,0,0.0353,0.9208,0
5,0.8512,1980.41,1,0,0.588,0.1459,1
0,0.0088,15.96,0,0,0.2731,0.8484,0
0,0.1012,5.83,1,1,0.1134,0.8454,0
0,0.1065,14.4,0,0,0.0477,0.7189,0
0,0.0344,122.02,0,0,0.335,0.8564,0
1,0.0479,5.7,0,1,0.0411,0.4959,0
0,0.1187,4.54,1,0,0.2936,0.9476,0
4,0.8618,0.1,1,0,0.5117,0.073,1
0,0.1339,26.26,0,0,0.2609,0.9811,0
0,0.1499,53.38,0,0,0.1365,0.8466,0
0,0.3378,0.09,0,0,0.0949,0.8042,0
0,0.0224,75.59,0,0,0.1254,0.6388,0
0,0.1682,69.96,0,0,0.1048,0.7971,0
0,0.1293,2.01,0,0,0.2011,0.7635,0
0,0.0219,3.19,0,0,0.1628,0.5245,0
1,0.0535,32.53,0,0,0.3347,0.912,0
4,0.8988,10.52,1,0,0.9295,0.1849,1
1,0.1787,26.82,0,0,0.3258,0.9892,0
0,0.0793,17.96,0,0,0.0306,0.9875,0
0,0.0163,0.35,0,0,0.5591,0.7706,0
0,0.0949,43.84,0,0,0.0576,0.496,0
0,0.1118,43.66,0,0,0.1253,0.9889,0
2,0.0988,30.86,0,0,0.1096,0.8733,0
0,0.0223,1.79,0,0,0.0914,0.9952,0
2,0.0707,56.55,0,0,0.0376,0.7421,0
5,0.7692,3283.3,1,1,0.5044,0.3064,1
1,0.1504,7.76,0,0,0.121,0.816,0
0,0.1517,5.88,0,0,0.0737,0.7058,0
10,0.6286,3076.62,0,1,0.7624,0.2093,1
1,0.0532,57.69,0,0,0.1673,0.8446,0
0,0.1303,13.66,0,0,0.0288,0.8875,0
1,0.0266,44.72,0,0,0.3817,0.9896,0
0,0.1216,1.16,0,0,0.0231,0.683,0
0,0.2176,3.37,0,0,0.2268,0.8863,0
0,0.1368,0.01,0,0,0.2546,0.962,0
8,0.9296,3475.84,1,1,0.6508,0.247,1
2,0.1282,142.1,0,0,0.036,0.7644,0
1,0.0434,11.81,0,0,0.0893,0.9537,0
0,0.254,1.58,0,0,0.0397,0.96,0
0,0.0413,0.04,0,0,0.1699,0.8527,0
0,0.0736,176.26,0,0,0.4734,0.9457,0
0,0.0536,4.66,0,0,0.1174,0.7917,0
1,0.0423,22.74,0,0,0.0141,0.8934,0
9,0.6496,2935.59,0,1,0.741,0.1171,1
0,0.0074,59.48,0,0,0.0337,0.862,0
0,0.0624,33.1,0,0,0.2692,0.7841,0
0,0.0946,26.02,0,0,0.0757,0.9169,0
5,0.8025,1534.22,1,1,0.4421,0.4111,1
0,0.1719,50.04,0,0,0.2307,0.8068,0
0,0.0464,49.7,0,0,0.4513,0.9464,0
10,0.6442,1252.34,1,1,0.3458,0.0417,1
0,0.1209,2.78,0,0,0.0635,0.477,0
2,0.0903,150.12,0,0,0.0188,0.8364,0
0,0.0671,26.99,0,0,0.3095,0.8627,0
0,0.0615,16.42,0,0,0.0684,0.9173,0
0,0.0911,11.92,0,0,0.067,0.9156,0
0,0.2176,16.04,0,0,0.0683,0.7005,0
0,0.1021,7.5,0,0,0.1093,0.7424,0
1,0.1501,48.45,0,0,0.4016,0.8853,0
1,0.0654,1.41,0,0,0.0528,0.8956,0
1,0.1646,74.73,0,0,0.0255,0.9401,0
0,0.1223,5.36,0,0,0.0486,0.967,0
0,0.1432,19.76,0,0,0.0061,0.8581,0
1,0.1174,50.56,0,0,0.1216,0.5952,0
1,0.0289,12.77,0,0,0.0248,0.8539,0
1,0.1111,33.93,0,0,0.1387,0.9108,0
1,0.0202,6.02,0,0,0.1973,0.9366,0
10,0.853,2425.94,0,1,0.759,0.1568,1
0,0.2979,10.05,0,0,0.1917,0.8209,0
0,0.0836,26.47,0,0,0.1932,0.7166,0
0,0.0324,19.43,0,0,0.0662,0.7243,0
11,0.8284,27.04,1,0,0.4525,0.2563,1
0,0.0495,28.85,0,0,0.0802,0.9083,0
0,0.0374,23.05,0,0,0.0275,0.8863,0
7,0.9669,15.27,1,0,0.4037,0.0801,1
0,0.1442,34.16,0,0,0.0233,0.8746,0
0,0.0942,7.82,0,0,0.1407,0.8986,0
0,0.1305,8.21,0,0,0.0771,0.9057,0
1,0.003,123.23,0,0,0.0952,0.9757,0
0,0.1609,34.52,0,0,0.3508,0.9118,0
0,0.0253,11.53,0,0,0.1452,0.9832,0
0,0.1143,7.23,0,0,0.0366,0.9301,0
0,0.0659,71.24,0,0,0.0509,0.9034,0
9,0.8954,351.92,0,1,0.5955,0.383,1
0,0.1054,18.23,0,0,0.2437,0.9229,0
0,0.1376,2.6,0,0,0.1476,0.9832,0
4,0.6842,3329.81,1,1,0.8067,0.3008,1
1,0.1129,40.96,0,0,0.0516,0.9193,0
0,0.0563,7.61,0,0,0.2199,0.8318,0
0,0.1047,42.69,0,0,0.2005,0.8652,0
0,0.0526,28.33,0,0,0.1568,0.6973,0
1,0.0305,16.41,0,0,0.1797,0.9507,0
0,0.0391,7.01,0,0,0.1932,0.8079,0
0,0.0995,58.87,0,0,0.1349,0.995,0
2,0.1925,58.13,0,0,0.0565,0.719,0
0,0.1553,43.48,1,0,0.3354,0.4796,0
1,0.0791,3.5,0,0,0.2793,0.9469,0
11,0.7473,27.16,1,1,0.5758,0.2755,1
1,0.0488,54.76,0,0,0.0771,0.9049,0
0,0.1006,1.22,0,0,0.0863,0.6745,0
1,0.2095,23.59,0,0,0.1033,0.9357,0
10,0.6155,2.04,1,0,0.675,0.1174,1
1,0.0319,36.23,0,0,0.1096,0.9628,0
0,0.0128,2.0,0,0,0.3308,0.9722,0
8,0.7477,160.88,1,1,0.7437,0.3109,1
2,0.1987,60.23,0,0,0.0218,0.9502,0
0,0.0722,139.37,0,0,0.0443,0.8737,0
0,0.1307,104.32,0,0,0.3341,0.9061,0
1,0.1065,58.49,0,0,0.0283,0.8788,0
0,0.0452,24.22,0,0,0.2351,0.7481,0
1,0.2122,17.11,0,0,0.0394,0.9488,0
0,0.2332,111.0,0,0,0.0742,0.7545,0
1,0.0104,3.98,0,0,0.4101,0.8799,0
0,0.0398,2.46,0,0,0.3115,0.8093,0
5,0.8999,72.59,0,1,0.833,0.0839,1
2,0.032,45.36,0,0,0.1612,0.8545,0
9,0.7241,1474.39,1,0,0.7663,0.0701,1
1,0.0967,6.63,0,0,0.157,0.9431,0
12,0.4628,16.52,0,1,0.659,0.1449,1
0,0.0761,29.51,0,0,0.2099,0.6509,0
0,0.0504,65.05,0,0,0.1146,0.6774,0
2,0.1974,11.37,0,0,0.0292,0.74,0
0,0.1975,49.9,0,0,0.049,0.9304,0
0,0.0791,9.49,0,0,0.209,0.7833,0
0,0.123,13.43,0,0,0.2558,0.6131,0
0,0.0002,17.67,0,0,0.1501,0.8838,0
0,0.0086,28.32,0,0,0.1209,0.7617,0
2,0.6778,56.53,0,0,0.7744,0.3107,1
0,0.014,20.79,0,0,0.0412,0.8987,0
0,0.0441,13.56,0,0,0.1944,0.6898,0
0,0.1518,1.8,0,0,0.2382,0.8213,0
0,0.1105,4.66,0,0,0.5179,0.8402,0
0,0.0029,9.34,0,0,0.1903,0.8551,0
0,0.0707,126.95,0,0,0.1097,0.9696,0
0,0.1748,65.07,0,0,0.316,0.9366,0
1,0.149,6.59,0,0,0.0886,0.9255,0
0,0.1749,11.72,0,0,0.2598,0.7812,0
0,0.1253,17.25,0,0,0.0758,0.7958,0
0,0.2156,20.97,0,0,0.0806,0.7168,0
0,0.1785,36.91,0,0,0.3216,0.6988,0
0,0.0469,48.35,0,0,0.2834,0.8749,0
0,0.0799,43.59,0,0,0.0931,0.7776,0
0,0.1377,131.81,0,0,0.1775,0.788,0
1,0.3277,2.13,0,0,0.0244,0.6684,0
0,0.0802,6.01,0,0,0.1543,0.6172,0
0,0.0254,6.73,0,0,0.048,0.9897,0
1,0.123,15.05,0,1,0.0626,0.8924,0
1,0.083,12.43,0,0,0.279,0.8927,0
5,0.5619,145.4,1,0,0.8008,0.1348,1
0,0.0776,22.79,0,0,0.0739,0.8993,0
1,0.1255,40.47,0,0,0.2842,0.8353,0
6,0.7392,1953.59,1,1,0.5939,0.2138,1
8,0.9847,1354.86,1,0,0.5133,0.2543,1
8,0.9178,1881.3,1,1,0.8455,0.1214,1
1,0.0726,30.49,0,0,0.0219,0.6118,0
1,0.1039,67.31,0,0,0.038,0.8693,0
0,0.0446,28.93,0,0,0.0784,0.8065,0
0,0.1012,9.25,0,0,0.0742,0.868,0
0,0.0686,3.07,0,0,0.4548,0.7026,0
0,0.0397,47.87,0,0,0.203,0.7604,0
0,0.1354,16.34,0,0,0.0235,0.763,0
19,0.6819,57.08,1,1,0.6225,0.1943,1
3,0.0752,15.32,0,0,0.0211,0.8978,0
3,0.8315,2.72,1,1,0.634,0.2182,1
0,0.0811,216.64,0,0,0.0128,0.8534,0
1,0.1126,24.9,0,0,0.4321,0.8701,0
14,0.8057,135.99,1,0,0.6624,0.3512,1
1,0.1409,18.53,0,0,0.0496,0.8995,0
0,0.0158,37.66,0,0,0.0905,0.506,0
0,0.1984,7.95,0,0,0.3413,0.8775,0
0,0.0649,28.99,0,0,0.133,0.9881,0
0,0.0454,5.81,0,0,0.2093,0.8673,0
0,0.1996,18.53,0,0,0.0972,0.7993,0
0,0.1041,13.71,0,1,0.5265,0.8602,0
1,0.0162,33.09,0,0,0.0013,0.8895,0
3,0.8899,1897.84,1,1,0.277,0.2702,1
0,0.1204,55.54,0,0,0.0172,0.9424,0
0,0.0027,92.02,0,0,0.3308,0.8227,0
1,0.0518,3.34,0,0,0.0627,0.7404,0
0,0.1026,114.36,0,0,0.0059,0.8798,0
0,0.0676,28.16,0,0,0.0189,0.954,0
0,0.0266,44.8,0,0,0.3667,0.9274,0
0,0.0416,40.55,0,0,0.0818,0.7844,0
0,0.0143,4.41,0,0,0.1046,0.9232,0
1,0.0181,12.21,0,0,0.259,0.9522,0
0,0.1161,10.91,0,0,0.2626,0.9497,0
1,0.1473,24.55,0,0,0.1244,0.8768,0
0,0.147,2.39,0,0,0.2588,0.8477,0
0,0.1587,42.19,0,0,0.4681,0.5238,0
0,0.013,13.87,0,0,0.6825,0.9573,0
12,0.7689,2298.94,0,0,0.3271,0.2025,1
0,0.028,90.14,0,0,0.0097,0.5595,0
0,0.3367,38.99,0,0,0.0653,0.8626,0
1,0.0694,46.57,0,0,0.0909,0.7847,0
0,0.1554,116.26,0,0,0.3487,0.7587,0
4,0.6372,1471.87,1,1,0.2157,0.4074,1
2,0.1071,58.76,0,0,0.0123,0.9068,0
1,0.1362,33.62,0,0,0.0369,0.8632,0
0,0.0659,0.74,1,0,0.399,0.9362,0
0,0.0922,19.27,0,0,0.3236,0.9385,0
4,0.9671,2793.56,0,1,0.9041,0.0756,1
1,0.3113,51.8,0,0,0.1277,0.8944,0
1,0.0205,123.54,0,0,0.4695,0.7957,0
2,0.075,1.36,0,0,0.2629,0.9284,0
10,0.8344,77.2,1,1,0.4399,0.3566,1
0,0.0093,36.69,0,0,0.4442,0.9222,0
1,0.2957,24.71,0,1,0.2951,0.8963,0
0,0.0959,29.8,0,0,0.191,0.7383,0
0,0.0324,22.58,0,0,0.1746,0.9699,0
15,0.8966,1631.55,1,1,0.5659,0.2288,1
7,0.8736,5.57,0,0,0.6336,0.3586,1
0,0.0876,19.09,1,0,0.0907,0.8627,0
0,0.0085,0.93,0,0,0.4776,0.9472,0
1,0.1162,44.53,0,0,0.0113,0.9449,0
0,0.1167,72.27,0,0,0.425,0.7693,0
0,0.0699,0.44,0,0,0.1004,0.8631,0
0,0.0449,40.23,0,0,0.3489,0.9241,0
12,0.8973,169.1,0,0,0.4983,0.1993,1
6,0.8115,35.25,1,0,0.576,0.0415,1
0,0.1104,17.0,0,0,0.173,0.903,0
0,0.0656,50.29,0,0,0.0073,0.694,0
8,0.8191,52.86,1,1,0.6563,0.0724,1
0,0.1427,84.41,0,0,0.329,0.6563,0
0,0.075,54.32,0,0,0.1504,0.9007,0
0,0.0722,76.17,0,0,0.128,0.666,0
7,0.7688,2234.88,1,0,0.5224,0.1874,1
9,0.9403,1748.79,0,0,0.3837,0.1038,1
0,0.0377,38.63,0,0,0.1008,0.8123,0
0,0.0643,42.64,0,0,0.1004,0.8768,0
0,0.1378,16.5,0,0,0.2311,0.9051,0
0,0.1871,36.87,0,0,0.4537,0.8842,0
0,0.165,27.07,0,0,0.291,0.8747,0
0,0.1801,25.49,0,0,0.0784,0.7217,0
0,0.2139,10.5,0,0,0.6057,0.8312,0
0,0.1062,1.24,0,0,0.0987,0.8927,0
1,0.0888,49.16,0,0,0.223,0.8185,0
1,0.1404,8.16,0,0,0.0896,0.8483,0
0,0.1458,17.5,0,0,0.215,0.9212,0
1,0.0179,72.02,0,0,0.2722,0.7098,0
1,0.3434,44.56,0,0,0.0536,0.9204,0
0,0.2124,20.54,0,0,0.2316,0.9597,0
6,0.5802,2592.96,0,0,0.7156,0.162,1
1,0.1171,26.06,0,0,0.068,0.9216,0
4,0.6519,3139.47,1,0,0.8878,0.3827,1
0,0.0554,14.92,0,0,0.0479,0.9502,0
0,0.0765,37.33,0,0,0.7074,0.8673,0
5,0.7821,1512.81,0,1,0.46,0.4143,1
0,0.0633,37.48,0,0,0.0562,0.6749,0
0,0.0538,36.56,0,0,0.2215,0.6247,0
0,0.0314,11.63,0,0,0.0133,0.8135,0
1,0.0877,108.59,0,0,0.014,0.7967,0
1,0.1538,72.28,0,0,0.4069,0.7233,0
0,0.0099,38.45,0,0,0.2717,0.816,0
0,0.0962,35.46,0,0,0.4621,0.7884,0
11,0.788,31.8,1,0,0.6473,0.1937,1
0,0.2003,17.28,0,0,0.2516,0.6427,0
7,0.9329,3299.11,1,1,0.8286,0.206,1
1,0.1875,4.93,0,0,0.1139,0.9153,0
5,0.753,1821.61,1,1,0.8054,0.1012,1
1,0.0384,2.4,0,0,0.0801,0.8643,0
1,0.0602,50.77,0,0,0.1051,0.8658,0
0,0.0298,4.98,0,0,0.252,0.9509,0
1,0.0504,10.44,0,0,0.2192,0.7598,0
8,0.7356,3489.98,0,1,0.4695,0.0416,1
0,0.0467,61.87,0,0,0.13,0.9595,0
0,0.2563,29.31,0,0,0.0391,0.8328,0
0,0.1425,3.91,0,0,0.1554,0.7914,0
0,0.2703,34.54,0,0,0.2638,0.9639,0
0,0.1661,12.9,0,0,0.3872,0.8587,0
11,0.9053,202.3,1,0,0.3996,0.1094,1
1,0.3266,44.72,0,0,0.0723,0.9123,0
0,0.0072,52.73,0,0,0.0101,0.916,0
0,0.188,18.71,0,0,0.2037,0.721,0
11,0.7134,3403.91,0,0,0.5519,0.4685,1
0,0.2177,132.29,0,0,0.2217,0.4856,0
0,0.3283,30.62,0,0,0.0772,0.9423,0
6,0.7933,308.6,0,1,0.7809,0.1331,1
0,0.0122,5.01,0,0,0.0805,0.9626,0
9,0.7804,3428.91,1,1,0.8022,0.0552,1
1,0.0451,112.74,0,0,0.1006,0.8413,0
0,0.0803,11.11,0,0,0.0868,0.9226,0
0,0.1547,12.09,0,0,0.1773,0.9521,0
0,0.0369,122.52,0,0,0.095,0.8806,0
0,0.0292,66.79,0,0,0.1305,0.6918,0
0,0.1557,17.7,0,0,0.2991,0.9368,0
6,0.8553,1204.99,1,1,0.7497,0.2379,1
1,0.0014,9.77,0,0,0.2932,0.9619,0
3,0.0893,22.46,0,0,0.0884,0.7506,0
0,0.0675,49.77,0,0,0.105,0.6574,0
0,0.2307,9.91,0,0,0.2818,0.9497,0
0,0.1064,51.4,0,0,0.0522,0.972,0
1,0.3341,122.79,0,0,0.2237,0.7301,0
1,0.2205,29.16,0,0,0.3263,0.8332,0
0,0.018,10.16,0,0,0.0271,0.8386,0
1,0.054,53.3,0,0,0.0931,0.9047,0
1,0.0844,7.89,0,0,0.1343,0.8124,0
15,0.7678,10.42,1,0,0.868,0.1837,1
1,0.0931,39.58,0,0,0.2199,0.8989,0
0,0.1698,58.32,0,0,0.3334,0.858,0
12,0.915,50.34,1,1,0.6609,0.0994,1
0,0.1472,1.19,0,0,0.2891,0.8192,0
0,0.0764,44.31,0,0,0.2927,0.8806,0
0,0.2682,22.6,0,1,0.0603,0.9695,0
1,0.068,7.18,0,0,0.2609,0.8583,0
0,0.0658,57.3,0,0,0.1427,0.8579,0
0,0.1234,15.14,0,0,0.3562,0.8676,0
1,0.3772,42.87,0,0,0.0175,0.9283,0
0,0.1903,263.02,0,0,0.1925,0.9007,0
11,0.8836,1685.35,1,1,0.5495,0.0232,1
0,0.0465,1.05,0,0,0.0765,0.7582,0
0,0.1147,106.45,0,0,0.1929,0.6246,0
0,0.0288,17.44,0,0,0.0283,0.6931,0
1,0.0912,81.22,0,0,0.1714,0.9666,0
0,0.1762,127.52,0,0,0.0441,0.8159,0
0,0.0149,22.23,0,0,0.0077,0.9349,0
0,0.0717,81.83,0,1,0.2748,0.6879,0
1,0.1951,18.76,0,0,0.1221,0.9239,0
0,0.0228,87.82,0,0,0.0579,0.8747,0
7,0.543,15.62,0,1,0.6008,0.2259,1
1,0.0771,9.41,0,0,0.1478,0.8321,0
0,0.0884,0.29,0,0,0.1794,0.741,0
1,0.0893,0.88,0,0,0.1606,0.9049,0
0,0.1792,29.7,0,0,0.2508,0.7709,0
0,0.1226,52.37,0,0,0.1271,0.941,0
0,0.2569,79.19,0,0,0.205,0.6987,0
1,0.0338,50.63,0,0,0.0402,0.9013,0
0,0.0968,61.99,0,0,0.1073,0.8734,0
0,0.0555,1.71,0,0,0.0599,0.7229,0
3,0.5866,2973.61,1,1,0.849,0.0117,1
0,0.1409,93.19,0,0,0.2285,0.875,0
0,0.2559,44.01,0,0,0.1905,0.7797,0
1,0.0155,9.8,0,0,0.2106,0.7211,0
0,0.0107,5.9,0,0,0.073,0.9313,0
0,0.0288,58.19,0,0,0.116,0.9912,0
0,0.0388,73.93,0,0,0.0599,0.8307,0
2,0.0815,17.87,0,0,0.3252,0.8033,0
10,0.5687,69.08,1,0,0.8354,0.5665,1
8,0.8408,7.34,1,0,0.4205,0.3059,1
0,0.1886,52.14,0,0,0.0708,0.9627,0
0,0.1135,6.39,0,0,0.0135,0.9533,0
0,0.2849,50.77,0,0,0.1182,0.8208,0
1,0.2231,31.87,0,0,0.0545,0.8826,0
0,0.0703,18.82,0,0,0.1216,0.7281,0
1,0.0746,0.16,0,0,0.1395,0.9646,0
2,0.1058,13.96,0,0,0.086,0.9134,0
1,0.1487,5.74,0,0,0.0647,0.8406,0
0,0.1365,53.52,0,0,0.3024,0.8736,0
1,0.0449,23.93,0,0,0.0253,0.8627,0
0,0.0186,7.88,0,0,0.3284,0.8899,0
0,0.0381,42.21,0,0,0.3118,0.7899,0
0,0.0085,87.79,0,0,0.3534,0.3528,0
0,0.1507,8.26,0,0,0.1213,0.8888,0
1,0.0317,117.76,0,0,0.4583,0.7476,0
0,0.0987,11.56,0,0,0.1236,0.8634,0
1,0.0898,23.41,0,0,0.1079,0.8556,0
1,0.077,137.17,0,0,0.5347,0.7465,0
0,0.2895,73.93,0,0,0.2596,0.846,0
1,0.2495,45.4,0,0,0.1605,0.8794,0
0,0.0285,14.72,0,0,0.2834,0.8447,0
0,0.0885,1.04,0,0,0.2145,0.8347,0
1,0.1728,55.68,0,0,0.0729,0.8479,0
1,0.0193,1.74,0,0,0.2488,0.955,0
0,0.0477,111.12,0,0,0.0978,0.9188,0
0,0.3133,8.67,0,0,0.0597,0.7499,0
0,0.1252,11.14,0,0,0.1474,0.8993,0
1,0.4037,42.17,0,0,0.4738,0.9709,0
0,0.2067,47.32,0,0,0.0863,0.8232,0
0,0.0996,35.86,0,0,0.1763,0.7996,0
0,0.0412,18.47,0,0,0.2242,0.8124,0
1,0.0169,53.98,0,0,0.4094,0.8621,0
0,0.0707,36.08,0,0,0.3153,0.9886,0
0,0.0653,41.63,0,0,0.0843,0.675,0
1,0.0795,32.41,1,0,0.0452,0.7352,0
0,0.0776,1.58,0,0,0.1707,0.8609,0
0,0.0289,17.78,0,0,0.0546,0.7273,0
0,0.0261,45.34,0,0,0.0869,0.8903,0
0,0.0215,66.04,0,0,0.0766,0.9093,0
12,0.8478,2300.75,1,0,0.7378,0.1086,1
0,0.1577,11.31,0,0,0.1035,0.8526,0
12,0.8405,1754.67,0,1,0.8282,0.116,1
0,0.0556,120.58,0,0,0.0293,0.7652,0
0,0.1197,34.59,0,0,0.0276,0.8,0
0,0.0242,7.65,0,0,0.6533,0.6905,0
0,0.1291,11.62,0,1,0.0396,0.8362,0
1,0.0998,27.72,0,0,0.0613,0.8162,0
1,0.0566,67.92,0,0,0.1189,0.9408,0
0,0.0064,12.95,0,0,0.0534,0.7949,0
0,0.084,45.65,0,0,0.0455,0.9407,0
10,0.8914,1248.77,1,1,0.7583,0.4138,1
0,0.0853,33.96,0,0,0.131,0.774,0
5,0.6588,3096.5,1,1,0.4015,0.3141,1
15,0.814,1321.05,1,0,0.5601,0.2483,1
0,0.0466,18.18,0,0,0.1214,0.9319,0
0,0.0539,7.45,0,0,0.0404,0.997,0
0,0.1902,21.77,0,0,0.0501,0.9663,0
1,0.2687,15.48,0,0,0.19,0.9289,0
1,0.0296,48.0,0,0,0.3824,0.9581,0
0,0.0588,11.59,0,0,0.0358,0.7453,0
1,0.2522,74.16,0,0,0.058,0.7521,0
2,0.1792,1.46,0,0,0.2243,0.7793,0
1,0.0469,48.43,0,0,0.0478,0.884,0
0,0.0265,4.49,0,0,0.1031,0.8344,0
7,0.7816,936.15,1,1,0.5294,0.1788,1
1,0.1795,1.78,0,0,0.1006,0.9117,0
5,0.5564,25.19,0,1,0.5567,0.1612,1
0,0.0883,25.82,0,0,0.2154,0.8635,0
1,0.3088,21.03,0,0,0.1842,0.9167,0
1,0.0637,20.9,0,0,0.0696,0.9822,0
0,0.1421,9.19,1,0,0.0954,0.6385,0
1,0.1547,34.88,0,0,0.0857,0.7204,0
0,0.037,4.55,0,0,0.1089,0.9545,0
0,0.0865,84.4,0,0,0.2841,0.8789,0
0,0.074,29.61,0,0,0.056,0.9706,0
0,0.3761,7.1,0,0,0.0081,0.93,0
0,0.1461,7.38,0,0,0.0619,0.9021,0
1,0.0455,3.3,0,0,0.1173,0.8993,0
0,0.039,10.7,0,0,0.2708,0.9339,0
0,0.0423,27.32,0,0,0.2087,0.9094,0
0,0.1899,19.0,0,0,0.1139,0.7695,0
0,0.0207,102.74,0,0,0.1475,0.9864,0
1,0.0549,34.8,0,0,0.3088,0.9724,0
1,0.1691,7.0,0,0,0.0913,0.7496,0
0,0.0742,11.95,0,0,0.417,0.9387,0
0,0.0618,54.9,0,0,0.1977,0.5652,0
1,0.133,39.29,0,0,0.2423,0.8391,0
1,0.122,11.67,0,0,0.054,0.9292,0
2,0.077,10.81,0,0,0.173,0.8193,0
1,0.1507,46.93,0,0,0.1606,0.9782,0
0,0.0327,108.39,0,1,0.0396,0.8137,0
0,0.4247,6.4,0,0,0.2037,0.8585,0
0,0.3355,49.61,0,0,0.273,0.9123,0
0,0.2418,12.72,0,0,0.3121,0.9857,0
0,0.026,23.12,0,0,0.4153,0.9869,0
0,0.2281,51.33,0,0,0.0595,0.8381,0
0,0.3245,14.84,0,0,0.6087,0.5042,0
0,0.3636,119.52,0,0,0.1526,0.8664,0
0,0.0422,32.81,0,0,0.0508,0.8873,0
1,0.2637,25.66,0,0,0.0828,0.7856,0
0,0.1651,12.44,0,0,0.1758,0.9954,0
15,0.8569,1708.3,1,1,0.5475,0.1418,1
1,0.1318,21.01,0,0,0.2436,0.8318,0
0,0.1819,62.7,0,0,0.1491,0.9564,0
1,0.3158,14.16,0,0,0.0991,0.9611,0
0,0.1135,10.27,0,0,0.3472,0.9269,0
12,0.8222,10.8,0,0,0.5006,0.112,1
0,0.106,9.47,0,0,0.131,0.9851,0
0,0.0524,8.5,0,0,0.1945,0.8728,0
0,0.069,12.83,0,0,0.0466,0.8102,0
0,0.1067,26.89,0,0,0.0605,0.9307,0
1,0.1085,63.06,0,0,0.0473,0.9514,0
9,0.9505,1834.42,1,1,0.7093,0.2623,1
0,0.1727,7.5,0,0,0.1218,0.9028,0
0,0.0414,26.56,0,0,0.0595,0.9884,0
1,0.128,7.17,1,0,0.2782,0.8493,0
0,0.0885,34.89,0,0,0.1767,0.8259,0
0,0.0345,11.83,0,0,0.1514,0.6974,0
1,0.0887,31.23,0,0,0.0533,0.6494,0
1,0.0842,57.16,0,0,0.5411,0.7224,0
15,0.7763,874.55,0,0,0.6962,0.366,1
0,0.1893,6.17,0,0,0.1532,0.978,0
0,0.0672,20.44,0,0,0.0521,0.8158,0
12,0.7941,1924.89,1,0,0.3933,0.1026,1
0,0.2161,31.73,0,0,0.1143,0.908,0
2,0.0167,2.09,0,0,0.1787,0.8437,0
21,0.7962,2556.88,1,0,0.8307,0.2794,1
0,0.0645,11.9,0,0,0.4016,0.949,0
1,0.1594,113.24,0,0,0.6127,0.8556,0
1,0.0608,78.55,0,0,0.0239,0.7803,0
0,0.083,2.37,0,0,0.1562,0.6459,0
0,0.1116,23.15,0,0,0.0329,0.8412,0
0,0.218,50.33,0,0,0.1483,0.9386,0
0,0.0932,52.91,0,0,0.0824,0.9164,0
0,0.237,35.42,0,0,0.3139,0.6519,0
2,0.0813,154.94,0,0,0.0301,0.8208,0
10,0.9604,2.68,0,0,0.7341,0.2446,1
0,0.0214,0.46,0,0,0.0956,0.8817,0
1,0.1286,10.65,0,0,0.2279,0.9287,0
2,0.2065,33.88,0,0,0.0852,0.9775,0
1,0.1363,9.6,0,0,0.2842,0.5828,0
1,0.0669,74.05,0,0,0.24,0.7924,0
0,0.2502,102.66,0,0,0.0064,0.6656,0
0,0.1152,3.54,0,0,0.2103,0.9672,0
0,0.2692,172.6,0,0,0.0781,0.5821,0
0,0.0946,16.29,0,0,0.1481,0.9698,0
1,0.0353,72.56,0,0,0.5008,0.5498,0
0,0.1569,60.21,0,0,0.0599,0.7671,0
0,0.3407,111.66,0,0,0.0008,0.9539,0
1,0.2018,84.09,0,0,0.4016,0.9334,0
0,0.1092,76.62,1,0,0.2508,0.8608,0
0,0.0493,41.12,0,0,0.3323,0.9064,0
0,0.0249,9.36,0,0,0.1078,0.9522,0
0,0.1824,2.86,0,0,0.0282,0.6859,0
0,0.0566,27.15,0,0,0.1435,0.8962,0
0,0.1753,22.8,0,0,0.1391,0.9444,0
9,0.9075,51.52,1,1,0.8191,0.5382,1
0,0.2638,0.29,1,0,0.1142,0.7917,0
0,0.1208,1.04,0,0,0.0675,0.7899,0
0,0.309,11.24,0,0,0.1819,0.8243,0
1,0.1035,2.9,0,0,0.0706,0.7728,0
11,0.5275,25.75,0,1,0.6221,0.0417,1
1,0.1091,8.15,0,0,0.1365,0.7879,0
0,0.1115,18.33,0,0,0.0763,0.8602,0
12,0.8892,65.0,1,0,0.5158,0.5202,1
0,0.0789,32.02,1,0,0.1361,0.7273,0
0,0.0053,22.45,0,0,0.2634,0.4434,0
0,0.2104,27.18,0,0,0.0185,0.8137,0
2,0.0312,18.76,0,0,0.124,0.7576,0
1,0.2999,5.07,0,0,0.4464,0.8134,0
0,0.3916,29.68,0,0,0.099,0.9412,0
0,0.1203,34.92,0,1,0.401,0.9935,0
0,0.0437,72.75,0,0,0.1131,0.9538,0
8,0.7399,4.0,1,1,0.4778,0.0366,1
0,0.2358,28.97,0,0,0.1481,0.8969,0
0,0.09,17.43,0,0,0.118,0.7582,0
0,0.1213,24.89,0,0,0.0776,0.726,0
18,0.9233,151.99,0,0,0.3558,0.1144,1
0,0.1131,0.69,0,0,0.1223,0.8291,0
8,0.8777,1516.05,0,1,0.6375,0.2451,1
0,0.2566,107.34,0,0,0.0753,0.9047,0
1,0.1306,18.85,0,0,0.4147,0.4987,0
0,0.0901,10.89,0,0,0.0462,0.6811,0
0,0.0398,31.06,0,0,0.0092,0.9155,0
0,0.032,83.78,0,0,0.1756,0.7472,0
1,0.2924,8.65,0,0,0.0409,0.749,0
0,0.0275,10.67,0,0,0.1084,0.8916,0
0,0.0287,22.26,0,0,0.027,0.5553,0
10,0.858,8.95,0,0,0.6544,0.3587,1
1,0.1436,34.23,0,0,0.211,0.7284,0
4,0.7844,41.99,1,0,0.3698,0.1944,1
0,0.3912,41.28,0,0,0.2728,0.724,0
0,0.0863,30.79,0,0,0.3535,0.8526,0
0,0.0495,27.59,0,0,0.0022,0.584,0
0,0.1074,74.72,0,0,0.3021,0.6866,0
0,0.2113,12.95,0,0,0.2828,0.9728,0
0,0.0595,68.09,0,0,0.0233,0.7976,0
1,0.2166,61.61,0,0,0.352,0.7461,0
1,0.0203,147.49,0,0,0.017,0.957,0
1,0.2006,37.0,0,0,0.3861,0.9496,0
0,0.2743,1.22,0,0,0.183,0.9848,0
0,0.0408,39.06,0,0,0.1701,0.427,0
1,0.0251,63.6,0,0,0.044,0.8382,0
0,0.1055,54.21,0,0,0.1662,0.9074,0
1,0.0728,3.24,0,0,0.0808,0.8606,0
1,0.066,3.67,0,0,0.0516,0.8732,0
15,0.9811,28.62,1,0,0.4758,0.0867,1
0,0.0997,22.96,0,0,0.3043,0.665,0
0,0.112,54.69,0,0,0.1539,0.798,0
10,0.4392,2853.13,1,1,0.5643,0.0898,1
0,0.1031,17.28,0,0,0.0813,0.766,0
0,0.0674,51.43,0,0,0.4083,0.7635,0
0,0.3674,140.43,0,0,0.1868,0.873,0
0,0.0228,24.93,0,0,0.2084,0.6003,0
1,0.1382,0.93,0,0,0.1323,0.9964,0
0,0.0097,11.42,0,0,0.1231,0.9108,0
3,0.7729,4.41,1,0,0.689,0.4141,1
0,0.0997,37.85,0,0,0.1449,0.7488,0
1,0.1346,17.33,0,0,0.0502,0.785,0
0,0.0832,36.04,0,0,0.2677,0.917,0
0,0.0675,53.05,0,0,0.084,0.9575,0
0,0.0588,43.56,0,0,0.3619,0.9282,0
7,0.5823,1891.69,1,1,0.898,0.4792,1
0,0.2951,27.8,0,0,0.1671,0.8998,0
11,0.8605,72.44,1,1,0.6521,0.2221,1
0,0.1074,21.6,0,0,0.0771,0.9968,0
0,0.2763,23.9,0,0,0.1499,0.8695,0
2,0.1201,30.54,0,0,0.2828,0.8857,0
7,0.7591,2846.35,1,1,0.4801,0.1298,1
0,0.0672,39.65,0,0,0.0845,0.8937,0
0,0.0922,31.1,0,0,0.0187,0.8387,0
7,0.9202,1235.07,0,1,0.7347,0.0203,1
1,0.0278,48.98,0,0,0.2432,0.7755,0
0,0.0994,16.62,0,0,0.0531,0.6657,0
0,0.0223,70.38,0,0,0.0508,0.9208,0
0,0.1171,23.47,0,0,0.0742,0.8881,0
0,0.0606,49.59,0,0,0.0875,0.818,0
0,0.0985,13.25,0,0,0.2765,0.7391,0
2,0.1028,12.41,0,0,0.1077,0.646,0
0,0.1835,18.49,0,0,0.2721,0.831,0
7,0.7782,3463.42,0,0,0.7411,0.2191,1
0,0.231,2.12,0,1,0.1052,0.95,0
0,0.0051,44.83,0,0,0.3171,0.8559,0
11,0.7322,1681.73,0,0,0.8687,0.1377,1
3,0.8849,1593.66,1,1,0.5559,0.1377,1
0,0.0656,3.0,0,0,0.1722,0.8574,0
0,0.3168,7.07,0,0,0.1313,0.912,0
1,0.0569,18.61,0,0,0.3982,0.8329,0
0,0.0888,7.52,0,0,0.0791,0.9363,0
0,0.0982,1.13,0,0,0.3745,0.7797,0
11,0.8237,2729.91,1,0,0.7657,0.0613,1
0,0.0719,77.46,0,0,0.1211,0.7307,0
1,0.2519,7.78,0,0,0.1902,0.7583,0
1,0.2144,0.35,0,0,0.2248,0.8687,0
0,0.1119,8.13,1,0,0.5491,0.6592,0
0,0.0646,11.39,0,0,0.2877,0.7638,0
9,0.7614,2822.49,0,0,0.7393,0.2034,1
2,0.836,2867.61,1,1,0.8728,0.1979,1
15,0.9256,3205.7,1,0,0.9578,0.3968,1
1,0.2526,21.62,1,0,0.2076,0.9915,0
0,0.1548,1.47,0,0,0.2426,0.9388,0
1,0.009,11.18,0,0,0.0295,0.7623,0
0,0.092,147.76,0,0,0.3334,0.9624,0
0,0.328,82.94,0,0,0.2186,0.8133,0
0,0.0228,70.92,0,0,0.1611,0.9372,0
0,0.0496,32.75,0,0,0.1448,0.9527,0
0,0.1443,16.35,0,0,0.071,0.9584,0
5,0.7774,3091.05,1,1,0.6132,0.4228,1
5,0.8671,2411.7,0,0,0.734,0.3348,1
1,0.1423,10.36,0,0,0.1474,0.8361,0
16,0.9261,1694.7,1,1,0.5971,0.2109,1
1,0.1459,22.75,0,0,0.1812,0.8878,0
1,0.0876,47.14,0,0,0.1862,0.7715,0
0,0.0137,146.99,0,0,0.0727,0.8286,0
0,0.1937,104.53,0,0,0.1352,0.9859,0
0,0.1346,15.45,0,0,0.1712,0.7545,0
0,0.0008,11.85,0,0,0.4649,0.7519,0
1,0.0813,21.49,0,0,0.0859,0.8738,0
0,0.028,11.55,0,0,0.4818,0.9338,0
1,0.1609,17.6,0,0,0.433,0.8932,0
1,0.1047,18.08,0,0,0.3297,0.9452,0
1,0.0483,35.12,0,0,0.0186,0.9827,0
0,0.0886,9.25,0,0,0.0897,0.9733,0
1,0.1432,5.42,0,0,0.2468,0.9075,0
0,0.0273,6.65,0,0,0.0565,0.9127,0
2,0.2263,1.65,0,0,0.1101,0.8049,0
0,0.1846,21.53,0,0,0.2906,0.9307,0
0,0.0098,22.79,0,0,0.5013,0.9124,0
8,0.6642,2065.44,0,1,0.6284,0.0187,1
1,0.0403,7.84,0,0,0.0583,0.7928,0
3,0.1054,71.8,0,0,0.1912,0.5975,0
0,0.1618,177.68,0,0,0.1234,0.9647,0
0,0.2248,4.21,0,0,0.0908,0.7993,0
4,0.9744,25.0,0,1,0.4375,0.3711,1
0,0.1047,0.42,0,0,0.2049,0.8079,0
8,0.8561,1084.09,0,1,0.4287,0.1599,1
0,0.0356,9.28,0,0,0.067,0.8705,0
9,0.8755,9.78,1,1,0.7112,0.3692,1
0,0.1451,1.84,0,0,0.2136,0.757,0
8,0.92,2217.89,1,1,0.4456,0.267,1
1,0.0411,31.92,0,0,0.0342,0.5775,0
1,0.1777,2.63,0,0,0.2323,0.6358,0
1,0.0759,25.74,0,0,0.1958,0.8463,0
2,0.2244,22.28,0,0,0.377,0.7333,0
0,0.0469,63.79,0,0,0.1121,0.9777,0
8,0.8868,1017.53,1,0,0.781,0.27,1
0,0.0253,44.68,0,0,0.2604,0.8676,0
5,0.8367,3.64,0,0,0.5954,0.0176,1
0,0.0688,25.37,0,0,0.0061,0.8704,0
1,0.0521,16.78,0,0,0.1405,0.5577,0
16,0.6139,3271.32,1,1,0.3005,0.2084,1
12,0.901,1198.87,1,0,0.5799,0.0712,1
0,0.0266,4.08,0,0,0.4033,0.9637,0
15,0.8991,1907.51,0,1,0.5674,0.0578,1
11,0.9278,26.4,0,0,0.744,0.1831,1
1,0.1051,31.23,0,0,0.092,0.97,0
0,0.1115,8.48,0,0,0.344,0.6894,0
0,0.1581,39.01,0,0,0.2005,0.9727,0
0,0.0691,153.89,0,0,0.2575,0.8476,0
0,0.0875,39.77,0,0,0.1969,0.6891,0
0,0.2305,8.45,0,0,0.1712,0.4139,0
1,0.013,34.84,0,1,0.0058,0.8865,0
1,0.1565,13.46,0,0,0.0988,0.8667,0
0,0.0985,12.48,0,0,0.0955,0.9069,0
1,0.0128,25.72,0,0,0.0647,0.794,0
0,0.063,101.68,0,0,0.1183,0.9783,0
0,0.0618,44.31,0,0,0.154,0.8362,0
13,0.9196,97.11,1,0,0.4413,0.0569,1
1,0.1673,129.25,0,0,0.1555,0.7442,0
0,0.0301,18.23,0,0,0.5449,0.93,0
0,0.0721,52.5,0,0,0.1994,0.8782,0
0,0.0944,57.68,0,0,0.0034,0.74,0
0,0.0804,1.08,0,0,0.1203,0.9742,0
1,0.0565,7.98,0,0,0.0833,0.9891,0
0,0.0804,127.42,0,0,0.3086,0.7404,0
1,0.1086,9.75,0,0,0.3719,0.8634,0
1,0.077,4.99,0,0,0.2395,0.8108,0
0,0.104,22.36,0,0,0.081,0.9855,0
12,0.6781,2361.75,1,1,0.5975,0.0514,1
1,0.0407,45.0,0,0,0.4188,0.8983,0
2,0.0657,21.75,0,0,0.1252,0.8186,0
0,0.1246,9.01,0,1,0.0201,0.5961,0
0,0.0231,17.32,0,1,0.1129,0.756,0
1,0.0375,1.44,0,0,0.061,0.8689,0
12,0.9475,1.93,1,0,0.8166,0.1172,1
0,0.1159,8.09,0,0,0.0646,0.7719,0
1,0.0502,75.13,0,0,0.0483,0.9317,0
0,0.0677,7.28,0,0,0.1868,0.8825,0
3,0.2507,16.93,0,0,0.2104,0.8416,0
0,0.0036,33.39,0,0,0.2987,0.7115,0
1,0.0769,61.97,0,0,0.0943,0.5627,0
2,0.1433,12.96,0,0,0.1363,0.8285,0
0,0.0313,69.25,0,0,0.2849,0.9296,0
0,0.011,70.27,0,0,0.2262,0.9696,0
2,0.1535,70.93,0,0,0.3393,0.6324,0
0,0.105,12.92,0,0,0.4191,0.7264,0
0,0.0763,30.6,0,0,0.027,0.7952,0
0,0.015,18.65,0,0,0.1009,0.9395,0
1,0.0055,32.48,0,0,0.1319,0.689,0
20,0.962,1162.4,1,0,0.5351,0.1103,1
8,0.8454,2820.79,0,1,0.623,0.2245,1
0,0.0547,6.98,0,0,0.329,0.8498,0
1,0.1404,21.03,0,0,0.2709,0.8953,0
0,0.1363,7.02,0,0,0.0236,0.6553,0
0,0.0369,74.49,0,1,0.1698,0.9474,0
0,0.0601,75.88,0,0,0.2486,0.8626,0
1,0.1589,53.17,0,0,0.2215,0.975,0
0,0.0829,33.66,0,0,0.031,0.9351,0
0,0.0569,21.02,0,0,0.1281,0.9249,0
0,0.138,23.27,0,0,0.3415,0.8981,0
0,0.126,52.58,0,0,0.1702,0.8195,0
1,0.0571,53.98,0,0,0.1715,0.9334,0
0,0.0224,28.77,0,0,0.1377,0.6748,0
0,0.0335,77.83,0,0,0.0804,0.8702,0
0,0.1303,1.0,0,0,0.258,0.8911,0
1,0.0504,35.74,0,0,0.3709,0.6647,0
1,0.2282,32.36,0,1,0.2149,0.9639,0
0,0.0438,36.87,0,0,0.3254,0.9553,0
0,0.0267,68.98,0,0,0.2854,0.9802,0
0,0.1568,2.31,0,0,0.0525,0.7612,0
1,0.1217,4.76,0,0,0.1065,0.9091,0
0,0.0047,17.15,0,0,0.0219,0.8186,0
0,0.0399,6.2,0,0,0.0937,0.9753,0
1,0.2642,4.05,0,0,0.0769,0.9021,0
0,0.1423,42.87,0,0,0.3759,0.9048,0
0,0.0191,68.16,0,0,0.1617,0.8585,0
0,0.0981,8.85,0,0,0.1857,0.935,0
1,0.0049,19.93,0,0,0.1331,0.7964,0
0,0.1159,43.81,0,0,0.2581,0.8508,0
0,0.0616,19.89,0,0,0.0098,0.9369,0
0,0.0375,43.29,0,0,0.0861,0.9807,0
0,0.1024,36.59,0,0,0.0863,0.9046,0
9,0.9541,3.33,0,0,0.8457,0.3496,1
0,0.0901,14.99,0,0,0.0126,0.8646,0
3,0.9616,1837.81,0,1,0.7145,0.1263,1
0,0.1328,49.16,0,0,0.0249,0.9236,0
0,0.2284,33.61,0,0,0.0999,0.9821,0
0,0.1942,25.26,0,0,0.0038,0.899,0
0,0.3443,65.09,0,0,0.0942,0.9477,0
0,0.0465,12.82,0,0,0.1863,0.8992,0
0,0.0421,20.1,0,0,0.1605,0.9201,0
0,0.2235,11.3,0,0,0.266,0.901,0
0,0.0426,72.82,0,0,0.1142,0.6852,0
1,0.1354,24.88,0,0,0.0426,0.9048,0
9,0.7961,77.92,1,1,0.4721,0.1438,1
0,0.0606,14.9,0,0,0.0883,0.7612,0
1,0.1399,115.7,0,0,0.3353,0.969,0
1,0.1669,1.69,0,0,0.0301,0.8698,0
0,0.1774,76.28,0,0,0.1861,0.5657,0
7,0.8958,2672.25,1,1,0.7024,0.0595,1
0,0.0418,10.18,0,0,0.1197,0.7894,0
1,0.4327,62.95,0,0,0.1251,0.9261,0
0,0.033,33.66,0,0,0.1012,0.9494,0
0,0.1049,57.13,0,0,0.1657,0.5238,0
1,0.0115,36.39,0,0,0.0195,0.8936,0
0,0.2962,56.23,0,0,0.0877,0.988,0
3,0.0239,13.51,0,0,0.0055,0.4414,0
2,0.0092,13.69,0,0,0.1255,0.7812,0
0,0.0833,6.4,0,0,0.2215,0.9455,0
1,0.331,10.72,0,0,0.1231,0.7875,0
1,0.0628,61.43,0,0,0.2805,0.8828,0
13,0.6353,1083.66,1,0,0.6789,0.0767,1
1,0.0225,114.41,0,0,0.1181,0.8578,0
0,0.2262,22.27,0,0,0.1532,0.9298,0
0,0.0858,5.52,0,0,0.2789,0.8799,0
1,0.0191,33.2,0,0,0.2441,0.6198,0
0,0.0258,66.61,0,1,0.464,0.7952,0
0,0.1459,34.38,0,0,0.3524,0.8109,0
5,0.9103,2767.36,1,0,0.4405,0.085,1
2,0.0478,1.47,0,0,0.34,0.9465,0
0,0.0515,8.99,0,0,0.1747,0.7227,0
0,0.0649,11.92,0,0,0.3068,0.6021,0
0,0.1166,57.64,0,0,0.3116,0.8038,0
0,0.0426,57.42,0,0,0.0758,0.5281,0
0,0.2029,16.82,0,0,0.0151,0.8418,0
0,0.1718,32.17,0,0,0.0347,0.8735,0
0,0.2019,24.78,0,0,0.1181,0.9361,0
2,0.1457,27.76,0,0,0.1202,0.7666,0
1,0.3159,80.97,0,0,0.153,0.9978,0
0,0.1598,58.24,0,0,0.2303,0.5966,0
13,0.9129,985.66,1,1,0.5451,0.137,1
0,0.0806,58.69,0,0,0.0035,0.9657,0
0,0.0515,23.17,0,0,0.2296,0.8883,0
0,0.1142,68.21,0,0,0.1413,0.8033,0
0,0.0276,35.24,0,0,0.1296,0.8434,0
1,0.0332,24.48,0,0,0.0738,0.9971,0
0,0.0563,28.75,0,0,0.1078,0.7465,0
0,0.0917,33.6,1,0,0.1976,0.9229,0
0,0.1754,42.27,0,1,0.5807,0.8491,0
8,0.6748,16.16,0,0,0.5461,0.3619,1
1,0.0072,77.48,0,0,0.2889,0.9213,0
11,0.8203,883.07,1,1,0.4993,0.2334,1
0,0.043,5.5,0,0,0.0825,0.9633,0
19,0.576,3.17,0,1,0.867,0.1058,1
0,0.0759,1.64,0,0,0.04,0.9811,0
3,0.0098,31.53,0,0,0.2846,0.7026,0
0,0.013,38.02,0,0,0.6294,0.8864,0
8,0.8937,35.76,0,1,0.6725,0.2354,1
0,0.0482,68.57,0,0,0.1437,0.9156,0
0,0.0224,19.33,0,0,0.1074,0.9651,0
0,0.0937,41.34,0,0,0.2884,0.9833,0
0,0.0526,92.09,0,0,0.2947,0.9112,0
0,0.1464,54.84,0,0,0.1069,0.7559,0
1,0.0085,10.83,0,0,0.083,0.8119,0
20,0.6663,1271.77,1,1,0.3797,0.3627,1
10,0.7988,2445.19,0,0,0.6668,0.0481,1
0,0.1579,104.63,0,0,0.2344,0.7767,0
0,0.3742,3.5,0,0,0.4716,0.7115,0
0,0.232,26.75,0,0,0.2354,0.6472,0
12,0.9349,2441.6,1,1,0.6501,0.0734,1
1,0.073,10.67,1,0,0.021,0.697,0
8,0.8259,17.55,1,0,0.4506,0.06,1
10,0.9109,2308.55,1,1,0.806,0.2,1
0,0.1145,30.19,0,0,0.0831,0.7997,0
1,0.1303,33.29,0,0,0.0321,0.8526,0
0,0.039,61.28,0,0,0.4777,0.9539,0
8,0.9032,1025.64,0,0,0.6203,0.1489,1
7,0.6863,3263.12,1,0,0.703,0.0467,1
1,0.1834,34.26,0,0,0.0559,0.7929,0
1,0.0448,20.58,0,0,0.0353,0.9517,0
0,0.0258,17.21,0,0,0.1282,0.7353,0
0,0.0163,66.6,0,0,0.4968,0.9655,0
0,0.0471,17.43,0,0,0.1309,0.9626,0
0,0.0323,41.69,0,0,0.0172,0.7444,0
0,0.0423,2.44,0,0,0.0936,0.905,0
0,0.2097,1.42,0,0,0.5414,0.9972,0
2,0.166,33.31,0,0,0.2598,0.941,0
1,0.1969,73.54,0,0,0.3419,0.9646,0
0,0.2493,23.41,0,0,0.1564,0.9493,0
10,0.9009,1171.34,0,1,0.8788,0.159,1
0,0.0427,11.41,0,0,0.3336,0.9728,0
0,0.2026,68.95,0,0,0.1205,0.8629,0
0,0.1836,1.72,0,0,0.0991,0.8316,0
1,0.256,2.81,0,0,0.5029,0.9488,0
0,0.0414,38.46,0,0,0.1104,0.9087,0
12,0.658,25.58,1,1,0.9278,0.3326,1
0,0.1037,14.18,0,0,0.0092,0.9336,0
0,0.1759,4.03,0,0,0.0779,0.9837,0
0,0.019,0.03,0,0,0.0483,0.7275,0
0,0.1867,76.55,0,0,0.0328,0.7573,0
0,0.0356,8.67,0,0,0.0587,0.5433,0
0,0.1499,23.3,0,0,0.0944,0.9147,0
10,0.8744,3193.08,1,1,0.7207,0.1602,1
1,0.0812,32.27,0,0,0.2385,0.9274,0
14,0.739,3.24,0,0,0.5653,0.5078,1
0,0.1043,30.55,0,0,0.0683,0.8876,0
5,0.9489,62.58,1,1,0.8004,0.1199,1
2,0.2945,16.94,0,0,0.3286,0.9249,0
0,0.0414,13.35,0,0,0.2623,0.9563,0
1,0.1122,27.75,0,0,0.0576,0.9345,0
11,0.7908,2165.43,0,1,0.9201,0.214,1
0,0.0794,14.28,0,0,0.1523,0.9124,0
0,0.0591,9.89,0,0,0.5014,0.9334,0
0,0.0747,6.4,0,0,0.2723,0.8335,0
0,0.049,105.88,0,0,0.1204,0.8465,0
1,0.2502,15.04,0,0,0.0894,0.9209,0
0,0.0863,50.0,0,0,0.0439,0.8839,0
11,0.7582,1896.67,0,0,0.8696,0.1282,1
0,0.0659,29.9,0,0,0.5321,0.8863,0
1,0.0011,7.35,0,0,0.1331,0.8325,0
1,0.2769,37.06,0,0,0.1334,0.8393,0
0,0.0116,37.09,0,0,0.1754,0.8243,0
0,0.0602,37.22,0,0,0.1771,0.9531,0
1,0.1043,27.78,0,0,0.5481,0.7819,0
0,0.0594,106.89,0,0,0.1292,0.8105,0
0,0.057,49.82,0,0,0.5871,0.8228,0
0,0.0683,16.54,0,0,0.3657,0.8814,0
0,0.2476,19.47,0,0,0.313,0.8423,0
0,0.0653,27.41,0,0,0.2355,0.8558,0
0,0.0547,6.5,0,0,0.2294,0.9326,0
0,0.0275,31.26,0,0,0.2232,0.9808,0
0,0.1244,5.85,0,0,0.277,0.8618,0
1,0.3074,35.51,0,0,0.2817,0.8155,0
0,0.1957,19.49,0,0,0.306,0.9665,0
0,0.0894,21.7,0,0,0.169,0.9769,0
0,0.1283,10.87,0,0,0.1846,0.8588,0
1,0.17,21.52,0,0,0.2779,0.7362,0
2,0.0697,88.97,0,0,0.1646,0.9048,0
0,0.0713,7.6,0,0,0.4429,0.8926,0
1,0.0838,103.09,0,0,0.2174,0.8282,0
0,0.0684,10.17,0,0,0.1937,0.9666,0
7,0.7993,18.1,1,1,0.8295,0.3289,1
0,0.0697,13.71,0,0,0.2153,0.9825,0
0,0.0167,3.65,0,0,0.0291,0.8102,0
9,0.5962,4.71,1,1,0.718,0.0055,1
2,0.091,25.23,0,0,0.1531,0.9231,0
13,0.6305,1608.14,1,1,0.6564,0.217,1
0,0.1087,14.84,0,0,0.306,0.691,0
1,0.0892,23.94,0,0,0.345,0.7647,0
0,0.1573,17.72,0,0,0.1352,0.7266,0
0,0.1188,69.77,0,0,0.1947,0.7401,0
1,0.0696,19.94,0,0,0.0406,0.8819,0
1,0.088,0.4,0,0,0.0597,0.8996,0
0,0.0583,22.79,0,0,0.096,0.8866,0
3,0.7769,1554.82,0,1,0.8512,0.3624,1
0,0.0394,3.74,0,0,0.0677,0.8225,0
1,0.0524,14.13,0,0,0.0349,0.6547,0
5,0.4388,2496.72,1,1,0.5823,0.0293,1
22,0.7862,62.54,1,0,0.5618,0.4158,1
0,0.0629,91.79,0,0,0.1289,0.8319,0
13,0.7217,2168.23,0,1,0.7074,0.1892,1
0,0.2528,10.46,0,0,0.0462,0.9464,0
1,0.0695,34.89,0,0,0.025,0.7445,0
1,0.091,49.34,0,0,0.138,0.9903,0
1,0.0042,57.99,0,0,0.2428,0.9077,0
0,0.1125,19.41,0,0,0.0195,0.9718,0
2,0.23,24.01,0,0,0.0011,0.5658,0
0,0.0745,181.28,0,0,0.0553,0.8191,0
1,0.0989,49.21,0,0,0.2741,0.8432,0
1,0.2287,2.65,0,0,0.1635,0.8815,0
10,0.8372,60.3,0,0,0.8113,0.1275,1
1,0.1922,14.48,1,0,0.0645,0.9114,0
0,0.0414,16.18,0,0,0.0079,0.8908,0
0,0.0824,116.87,0,0,0.0029,0.9012,0
0,0.2477,30.45,0,0,0.3982,0.9895,0
12,0.9341,3019.81,1,0,0.6122,0.131,1
2,0.093,34.32,0,0,0.3682,0.945,0
8,0.6383,88.58,0,0,0.7218,0.1271,1
0,0.1774,6.27,0,0,0.3145,0.9466,0
0,0.0378,16.43,0,0,0.3564,0.8864,0
1,0.082,51.7,0,0,0.0208,0.9102,0
0,0.0437,81.01,0,1,0.0395,0.5264,0
1,0.066,28.45,0,0,0.0062,0.8121,0
2,0.0161,25.68,0,0,0.1829,0.8748,0
9,0.8212,2029.19,1,0,0.6366,0.077,1
0,0.1395,6.49,0,0,0.4492,0.414,0
15,0.8146,1183.0,1,1,0.9724,0.0068,1
1,0.0149,3.92,0,1,0.2258,0.8638,0
0,0.1399,24.09,0,0,0.4333,0.9034,0
8,0.942,1626.77,1,1,0.5898,0.1564,1
2,0.0583,14.02,0,0,0.4203,0.5334,0
2,0.0889,14.92,0,0,0.4218,0.6622,0
0,0.0291,9.52,0,0,0.1601,0.98,0
0,0.106,33.42,0,0,0.6538,0.7695,0
1,0.0613,9.91,0,0,0.2027,0.9667,0
0,0.0477,23.32,0,0,0.3694,0.7506,0
0,0.0342,20.86,0,0,0.0522,0.8896,0
0,0.2242,123.17,0,0,0.0982,0.8091,0
0,0.0551,184.91,0,0,0.0182,0.6375,0
0,0.1074,3.05,0,0,0.3281,0.7669,0
0,0.1955,6.31,0,0,0.1338,0.8074,0
0,0.1573,80.78,0,0,0.0373,0.9406,0
1,0.2645,52.23,0,0,0.1975,0.9695,0
0,0.009,41.82,0,0,0.1482,0.9311,0
15,0.916,37.48,0,0,0.8977,0.0573,1
13,0.4884,98.38,0,0,0.8073,0.1727,1
13,0.8274,1667.86,0,0,0.6186,0.2282,1
2,0.2211,30.03,0,0,0.1183,0.9783,0
1,0.1166,43.82,0,0,0.0146,0.9093,0
1,0.266,71.76,0,0,0.0225,0.8254,0
1,0.0391,53.38,0,0,0.4058,0.927,0
0,0.1777,14.49,0,0,0.0718,0.9391,0
1,0.0955,126.62,0,0,0.0837,0.9539,0
0,0.3446,41.25,0,1,0.1782,0.734,0
0,0.0353,5.59,1,0,0.153,0.9881,0
0,0.0363,73.59,0,0,0.1408,0.8927,0
0,0.0996,88.99,0,0,0.0436,0.7495,0
0,0.0781,11.81,0,0,0.1129,0.8838,0
1,0.0734,10.94,0,0,0.2161,0.7156,0
9,0.8089,1041.65,1,0,0.7082,0.1735,1
0,0.0615,32.07,0,0,0.0575,0.7017,0
1,0.03,15.65,0,0,0.0808,0.7706,0
0,0.1605,43.08,0,0,0.1839,0.9191,0
0,0.0516,28.07,0,0,0.0845,0.903,0
0,0.3095,2.03,0,0,0.0777,0.7483,0
0,0.0024,15.96,0,0,0.1758,0.7924,0
23,0.8699,2050.73,0,1,0.6018,0.1908,1
1,0.0451,68.44,0,0,0.2437,0.8659,0
0,0.0625,85.06,0,0,0.134,0.8331,0
2,0.1075,25.18,0,0,0.0755,0.6657,0
0,0.1079,24.45,0,0,0.1752,0.9703,0
0,0.1436,24.78,0,0,0.0526,0.9248,0
0,0.1606,120.4,0,0,0.3768,0.7322,0
9,0.9167,74.96,1,0,0.592,0.2468,1
0,0.048,22.12,0,1,0.344,0.7549,0
1,0.0057,0.57,0,0,0.0485,0.9121,0
1,0.1992,39.83,1,0,0.184,0.7325,0
0,0.067,21.99,0,0,0.1788,0.9706,0
0,0.089,0.21,0,0,0.0862,0.7781,0
1,0.1557,27.73,0,0,0.0657,0.9083,0
0,0.0613,24.91,0,0,0.0828,0.9539,0
1,0.0528,13.47,0,0,0.0778,0.8796,0
1,0.0264,74.82,0,0,0.3055,0.9375,0
0,0.0765,20.16,0,0,0.0685,0.9399,0
0,0.0554,28.36,0,0,0.198,0.8387,0
1,0.0314,61.75,0,0,0.1055,0.8827,0
0,0.0428,4.97,0,0,0.1933,0.9913,0
0,0.0758,1.02,0,0,0.3764,0.9344,0
0,0.0634,1.85,0,0,0.3033,0.9395,0
19,0.6061,11.76,1,1,0.6113,0.1291,1
0,0.0745,48.47,0,0,0.1422,0.8615,0
0,0.0953,19.43,0,0,0.2893,0.9669,0
1,0.363,30.1,0,0,0.0088,0.8927,0
8,0.7584,2481.62,0,0,0.7579,0.058,1
0,0.1267,19.65,0,0,0.1932,0.7312,0
0,0.0312,55.21,0,0,0.5247,0.9688,0
0,0.1393,69.26,0,0,0.0441,0.869,0
11,0.837,1334.79,0,1,0.3904,0.1838,1
9,0.9182,4.44,1,0,0.8311,0.2295,1
11,0.6083,1103.61,0,0,0.68,0.1831,1
0,0.0381,17.1,0,0,0.0793,0.8946,0
7,0.9431,2091.62,0,1,0.777,0.0975,1
0,0.0225,20.64,0,0,0.1345,0.9448,0
0,0.1194,86.52,0,0,0.0907,0.8095,0
0,0.1486,37.89,0,0,0.0398,0.9143,0
0,0.1679,52.31,0,0,0.2224,0.806,0
0,0.0961,15.15,0,0,0.118,0.7474,0
6,0.562,871.34,1,1,0.3464,0.4042,1
1,0.1804,22.54,0,0,0.1052,0.5794,0
0,0.1292,3.68,0,0,0.0713,0.8191,0
0,0.0917,86.64,0,0,0.0011,0.8816,0
1,0.021,36.46,0,0,0.036,0.9969,0
0,0.1263,1.99,0,0,0.047,0.9275,0
1,0.2372,73.22,0,0,0.1883,0.5794,0
1,0.0106,6.04,0,0,0.4506,0.6002,0
13,0.9424,3012.38,0,0,0.4234,0.0693,1
1,0.0614,9.73,0,0,0.2171,0.9075,0
0,0.0564,68.41,0,1,0.2548,0.6691,0
0,0.1161,48.54,0,0,0.0631,0.6068,0
0,0.0792,37.82,0,0,0.0591,0.9193,0
0,0.1047,90.22,0,0,0.165,0.9228,0
0,0.1024,2.23,0,0,0.1544,0.9851,0
0,0.0181,3.54,0,0,0.0109,0.94,0
0,0.0134,45.07,0,0,0.2091,0.6987,0
0,0.024,17.83,0,0,0.1326,0.753,0
0,0.0325,8.67,0,0,0.253,0.7326,0
0,0.0322,12.84,0,0,0.1601,0.9447,0
0,0.1161,16.75,0,0,0.0161,0.8431,0
5,0.8317,101.26,0,0,0.5315,0.0716,1
2,0.0951,30.9,0,0,0.232,0.601,0
5,0.7818,3451.9,0,1,0.7814,0.1194,1
1,0.156,17.39,0,0,0.0433,0.9835,0
12,0.8262,20.0,1,1,0.6589,0.0451,1
15,0.8526,10.74,1,1,0.5631,0.0598,1
3,0.1695,0.95,0,0,0.1629,0.9125,0
1,0.1446,32.27,0,0,0.1594,0.8562,0
0,0.0896,81.77,0,0,0.0827,0.8215,0
0,0.0269,12.12,0,0,0.2456,0.9928,0
0,0.344,15.53,0,0,0.0869,0.8838,0
0,0.3005,9.75,0,0,0.0841,0.8841,0
1,0.129,63.16,0,0,0.286,0.9553,0
9,0.8785,1470.44,0,0,0.6737,0.4021,1
3,0.0815,143.14,0,1,0.1746,0.9079,0
0,0.0465,44.27,0,0,0.3698,0.9438,0
0,0.1134,16.1,0,0,0.4055,0.7555,0
0,0.3299,0.87,0,0,0.5259,0.8673,0
0,0.0598,27.91,0,0,0.2535,0.8641,0
1,0.1546,7.37,0,0,0.1207,0.6971,0
0,0.1244,66.27,0,0,0.1399,0.7412,0
4,0.8381,4.97,1,1,0.459,0.4769,1
0,0.2914,86.94,0,0,0.0528,0.5559,0
0,0.0719,30.67,0,0,0.065,0.8015,0
0,0.1485,9.39,0,0,0.0115,0.8268,0
10,0.6544,1399.05,1,0,0.6378,0.234,1
0,0.121,61.62,0,0,0.548,0.7964,0
0,0.0422,11.48,0,0,0.0355,0.6477,0
0,0.2309,118.83,0,0,0.1421,0.8078,0
8,0.7845,1481.85,0,0,0.6571,0.2954,1
0,0.0333,22.77,0,0,0.1567,0.9359,0
0,0.096,17.48,0,0,0.1194,0.9253,0
0,0.0819,2.45,0,0,0.5011,0.9728,0
9,0.6698,972.25,1,0,0.8556,0.158,1
1,0.0975,30.81,0,0,0.0814,0.9632,0
0,0.2504,15.56,0,0,0.2348,0.9429,0
9,0.8434,3176.18,1,0,0.6601,0.2904,1
16,0.9172,2179.89,1,0,0.5792,0.1402,1
0,0.0153,13.36,0,0,0.1542,0.7606,0
0,0.1395,0.73,0,0,0.2251,0.9412,0
0,0.0879,6.81,0,0,0.0345,0.9775,0
7,0.8016,1939.28,1,1,0.8349,0.1922,1
10,0.8336,1118.26,1,0,0.6263,0.0792,1
1,0.1086,18.83,0,0,0.1123,0.7554,0
0,0.1788,34.53,0,0,0.2883,0.9437,0
0,0.1124,51.91,0,0,0.1012,0.7756,0
0,0.0493,20.03,0,0,0.2382,0.6318,0
0,0.1603,103.54,0,0,0.0741,0.9582,0
6,0.8804,3351.7,0,1,0.7572,0.0932,1
0,0.0315,10.15,0,0,0.1993,0.9353,0
0,0.0001,30.34,0,0,0.0629,0.7986,0
1,0.354,2.81,0,1,0.0203,0.9248,0
0,0.1126,13.31,0,0,0.0287,0.8111,0
0,0.2776,110.88,0,0,0.0286,0.9179,0
1,0.1139,14.71,0,0,0.2645,0.8926,0
1,0.0245,10.45,0,0,0.3386,0.9436,0
0,0.1407,23.24,0,0,0.0452,0.8364,0
0,0.0652,58.24,0,0,0.1545,0.8971,0
0,0.0623,6.75,1,0,0.0926,0.7882,0
0,0.0869,57.09,0,0,0.048,0.8015,0
0,0.0206,88.9,0,0,0.1477,0.9873,0
1,0.0849,6.85,0,0,0.0824,0.8793,0
1,0.1658,14.26,0,0,0.0635,0.9873,0
1,0.1683,20.82,0,0,0.2538,0.7662,0
8,0.4803,1765.15,0,0,0.5211,0.2681,1
0,0.0335,47.85,0,0,0.1904,0.9323,0
10,0.7701,2890.04,1,1,0.6028,0.0439,1
5,0.5395,9.33,1,0,0.6743,0.1112,1
0,0.0425,9.3,0,0,0.1212,0.908,0
0,0.0748,51.62,0,0,0.3316,0.7237,0
0,0.0894,8.11,0,0,0.3936,0.9519,0
0,0.0458,2.89,0,0,0.1459,0.606,0
0,0.0828,2.56,0,0,0.3223,0.9508,0
0,0.005,4.74,0,0,0.2982,0.7956,0
0,0.0826,3.55,0,0,0.1006,0.9397,0
1,0.1615,0.31,0,0,0.1004,0.9686,0
0,0.0554,7.46,0,0,0.1839,0.9175,0
0,0.0099,84.16,0,0,0.0187,0.9436,0
1,0.0965,44.53,0,0,0.0851,0.9713,0
0,0.0634,18.67,0,0,0.2142,0.7102,0
0,0.1233,24.45,0,0,0.0056,0.9586,0
0,0.1241,1.9,0,0,0.1506,0.9045,0
0,0.065,11.39,0,1,0.2952,0.8077,0
0,0.1741,25.98,1,0,0.4298,0.7445,0
0,0.1488,70.93,0,0,0.1522,0.8784,0
9,0.7404,21.77,1,1,0.2637,0.2151,1
0,0.0176,0.87,0,0,0.239,0.9689,0
0,0.0754,4.81,0,0,0.041,0.8862,0
0,0.1733,38.75,0,0,0.231,0.9322,0
0,0.0569,28.22,0,0,0.2402,0.9213,0
0,0.0617,54.63,0,0,0.1679,0.7477,0
4,0.8022,2497.32,1,1,0.4609,0.263,1
0,0.0802,99.26,0,0,0.2538,0.9547,0
2,0.1838,46.08,0,0,0.0809,0.9001,0
1,0.1451,7.47,0,0,0.1809,0.8115,0
0,0.0371,4.06,0,0,0.0347,0.8559,0
1,0.2398,14.53,0,0,0.0009,0.64,0
0,0.1115,57.46,0,0,0.0839,0.9022,0
1,0.0744,25.42,0,0,0.3386,0.4773,0
0,0.117,41.64,0,0,0.0596,0.9617,0
10,0.5563,1212.19,1,1,0.817,0.235,1
0,0.1144,61.83,1,0,0.0196,0.9264,0
7,0.6564,2335.51,1,1,0.7077,0.1273,1
1,0.0057,22.35,0,0,0.0787,0.5956,0
0,0.2433,46.12,0,0,0.1414,0.9938,0
0,0.1272,140.17,0,0,0.2745,0.8691,0
0,0.0082,60.42,0,0,0.0825,0.8075,0
2,0.0605,1.69,0,0,0.0611,0.9911,0
1,0.129,13.97,0,0,0.1508,0.9201,0
0,0.4134,43.38,0,0,0.152,0.7768,0
12,0.7134,2655.97,0,0,0.5893,0.0195,1
0,0.0473,7.83,0,0,0.0614,0.9434,0
12,0.7064,1921.81,0,1,0.6766,0.2984,1
1,0.1326,55.64,0,0,0.3736,0.5791,0
1,0.2728,24.2,0,0,0.0202,0.8616,0
1,0.1491,26.23,0,0,0.0863,0.953,0
1,0.1848,47.25,0,0,0.1641,0.8961,0
0,0.0419,0.35,0,0,0.1912,0.9758,0
2,0.3061,77.61,0,0,0.3496,0.9419,0
0,0.0629,1.74,0,0,0.3336,0.8527,0
7,0.8444,1856.57,1,0,0.7367,0.3384,1
0,0.0828,15.38,0,0,0.088,0.9124,0
0,0.1475,30.72,0,1,0.3868,0.7027,0
0,0.0042,34.42,0,0,0.1236,0.519,0
6,0.8251,1286.11,1,0,0.6493,0.1704,1
0,0.1845,52.62,0,0,0.0756,0.9047,0
0,0.1414,5.04,0,0,0.4422,0.9437,0
0,0.0228,116.52,0,0,0.265,0.9401,0
0,0.0768,11.7,0,0,0.3462,0.8294,0
4,0.675,2025.87,0,0,0.5123,0.2326,1
1,0.0986,16.69,0,0,0.08,0.8273,0
0,0.0356,15.43,0,0,0.0543,0.5501,0
1,0.0087,113.75,0,0,0.0741,0.8553,0
0,0.0806,98.04,0,0,0.1004,0.9454,0
1,0.0038,3.24,0,0,0.109,0.9009,0
0,0.2716,30.29,0,0,0.0682,0.5982,0
0,0.0436,7.15,0,0,0.0509,0.9909,0
0,0.0347,23.0,0,0,0.174,0.8951,0
1,0.0883,8.62,0,0,0.3589,0.8962,0
0,0.2687,54.86,0,0,0.196,0.9893,0
0,0.4598,1.49,0,0,0.097,0.9398,0
0,0.1634,12.35,0,0,0.1919,0.9323,0
0,0.2949,22.9,0,0,0.2096,0.8465,0
1,0.1922,108.23,0,0,0.0585,0.8409,0
18,0.922,3196.61,1,0,0.6951,0.1691,1
1,0.0191,14.34,0,0,0.1209,0.7945,0
1,0.0893,61.41,0,0,0.1523,0.8756,0
0,0.0616,18.08,0,0,0.011,0.9075,0
0,0.077,46.69,0,0,0.1224,0.9888,0
5,0.9185,31.71,1,0,0.8773,0.4089,1
0,0.1015,17.52,0,0,0.0351,0.8174,0
0,0.1983,81.13,0,0,0.1007,0.8828,0
0,0.1056,300.0,0,0,0.2508,0.7935,0
0,0.1182,32.1,0,0,0.0183,0.8344,0
0,0.0059,129.92,0,0,0.2973,0.9679,0
0,0.1628,10.85,0,1,0.0096,0.8316,0
0,0.0897,17.51,0,0,0.2707,0.8871,0
2,0.0734,14.7,0,0,0.2887,0.9313,0
1,0.0687,32.44,0,0,0.2708,0.7001,0
0,0.0425,3.17,0,0,0.1493,0.9035,0
0,0.0389,68.45,0,0,0.046,0.8103,0
0,0.2651,2.42,0,0,0.279,0.9548,0
0,0.0908,53.49,0,0,0.1268,0.8186,0
0,0.1308,19.75,0,0,0.0444,0.9593,0
0,0.1552,11.6,0,0,0.1462,0.6113,0
4,0.9266,9.73,1,0,0.5935,0.0232,1
0,0.1279,38.87,0,0,0.107,0.6925,0
0,0.2769,1.11,0,0,0.219,0.9793,0
0,0.079,66.85,0,0,0.0437,0.8114,0
1,0.1327,11.85,0,0,0.0074,0.492,0
0,0.0414,53.4,0,0,0.0101,0.8089,0
0,0.0444,24.68,0,0,0.0369,0.9275,0
1,0.0867,14.12,0,0,0.2383,0.879,0
1,0.0986,50.21,0,0,0.2695,0.8535,0
0,0.2482,0.89,0,0,0.0598,0.5809,0
0,0.0638,12.63,0,0,0.2623,0.7757,0
0,0.0306,14.13,0,0,0.3495,0.916,0
0,0.1579,17.01,0,0,0.1024,0.9215,0
1,0.0144,51.49,0,0,0.3322,0.7688,0
1,0.1045,21.43,0,0,0.0217,0.9322,0
0,0.0548,15.45,0,0,0.0571,0.5657,0
0,0.048,18.84,0,0,0.2227,0.8028,0
0,0.1419,28.58,0,0,0.0449,0.84,0
1,0.0455,75.19,0,0,0.1119,0.8335,0
1,0.1164,8.0,0,0,0.1959,0.9504,0
1,0.0098,86.61,0,0,0.2023,0.8522,0
1,0.0308,41.7,0,0,0.0895,0.871,0
0,0.0043,26.45,0,0,0.0776,0.8245,0
0,0.172,4.05,0,0,0.062,0.5412,0
2,0.0162,22.59,0,0,0.0113,0.8316,0
1,0.0199,13.7,0,0,0.0636,0.8968,0
1,0.1294,17.34,0,0,0.0315,0.8884,0
1,0.2086,8.45,0,0,0.1069,0.9067,0
8,0.9771,15.1,0,1,0.5756,0.1544,1
10,0.3901,2226.13,1,1,0.7066,0.1547,1
0,0.1786,17.34,0,0,0.2672,0.9102,0
0,0.1116,10.05,0,0,0.0931,0.7539,0
0,0.1012,0.83,0,1,0.4412,0.9348,0
0,0.128,10.08,0,0,0.1633,0.9644,0
0,0.1479,28.07,0,0,0.0193,0.7532,0
1,0.1692,13.15,0,0,0.142,0.7182,0
0,0.0381,2.58,0,0,0.2514,0.7806,0
0,0.0008,3.06,0,0,0.1343,0.9875,0
1,0.1263,13.99,0,0,0.0662,0.9404,0
0,0.0314,58.73,0,0,0.085,0.7497,0
0,0.1011,107.08,0,0,0.1301,0.9347,0
2,0.0776,21.5,0,0,0.1509,0.9188,0
0,0.2058,22.77,0,0,0.2088,0.8167,0
0,0.067,22.43,0,0,0.1242,0.9485,0
2,0.0733,121.17,0,0,0.1441,0.7959,0
4,0.7948,226.65,1,0,0.6582,0.2902,1
0,0.0587,23.07,0,0,0.2324,0.8486,0
12,0.7391,1562.3,1,1,0.9214,0.5971,1
0,0.1406,124.77,0,0,0.2231,0.907,0
0,0.1093,64.28,0,0,0.3845,0.9137,0
0,0.0464,2.02,0,1,0.0333,0.76,0
0,0.2783,6.5,0,0,0.2542,0.8183,0
6,0.6849,2.21,1,1,0.6693,0.0527,1
0,0.1062,8.92,0,0,0.1861,0.658,0
1,0.0904,10.49,0,0,0.0643,0.9217,0
1,0.0379,4.86,0,0,0.0145,0.9282,0
0,0.0961,14.64,0,0,0.1311,0.5839,0
12,0.6992,1367.92,1,0,0.6714,0.0256,1
1,0.1314,88.49,0,0,0.1397,0.6955,0
0,0.1427,72.07,0,0,0.0304,0.8481,0
0,0.0476,20.46,0,0,0.3217,0.8111,0
1,0.0975,27.67,0,0,0.2473,0.7872,0
7,0.7986,36.07,1,1,0.8046,0.1304,1
5,0.7782,1052.84,1,1,0.6088,0.2721,1
0,0.0701,41.54,0,0,0.1365,0.792,0
0,0.2788,87.47,0,0,0.2495,0.8004,0
14,0.6609,1242.63,0,1,0.4489,0.1784,1
17,0.9112,65.32,1,1,0.6937,0.1737,1
12,0.8032,1340.05,1,1,0.5976,0.1562,1
0,0.4128,7.09,0,0,0.0733,0.9725,0
3,0.0355,8.44,0,0,0.0256,0.8641,0
0,0.1224,61.29,0,0,0.296,0.9715,0
1,0.1214,9.48,0,0,0.3153,0.9568,0
0,0.165,9.76,0,0,0.4263,0.7953,0
0,0.0405,6.46,0,0,0.1539,0.9888,0
0,0.0858,14.77,0,0,0.2344,0.7977,0
1,0.3531,58.21,0,0,0.0642,0.8951,0
1,0.1502,5.51,0,1,0.141,0.9504,0
2,0.0745,51.17,0,0,0.1679,0.8165,0
0,0.2213,29.9,0,0,0.2209,0.871,0
0,0.0301,25.8,0,0,0.0062,0.7839,0
0,0.2031,1.52,0,0,0.126,0.8206,0
0,0.1989,6.73,0,0,0.3616,0.811,0
0,0.0619,84.87,0,0,0.1196,0.853,0
0,0.0229,56.11,0,0,0.4637,0.9425,0
12,0.8328,1415.9,1,0,0.4246,0.2495,1
0,0.081,66.07,0,0,0.2305,0.8823,0
0,0.092,8.78,0,0,0.1948,0.9496,0
0,0.0981,1.11,0,0,0.097,0.6516,0
0,0.0794,5.2,0,0,0.031,0.7151,0
5,0.7595,59.2,0,0,0.5173,0.1269,1
1,0.1384,11.44,0,0,0.1767,0.9845,0
7,0.6237,1854.78,1,1,0.627,0.2421,1
0,0.0897,25.56,0,0,0.3048,0.9201,0
0,0.0884,61.57,0,0,0.0148,0.8694,0
0,0.2351,32.23,0,0,0.0203,0.8811,0
0,0.0194,0.05,0,0,0.1097,0.8991,0
0,0.0272,291.6,0,0,0.4274,0.9671,0
2,0.0173,14.19,0,0,0.1721,0.8236,0
0,0.2979,1.31,0,0,0.303,0.5863,0
0,0.1179,51.63,0,0,0.0255,0.9707,0
1,0.0984,39.71,0,0,0.2268,0.8376,0
1,0.1073,29.29,0,0,0.0619,0.8027,0
3,0.1372,2.48,0,0,0.0116,0.7341,0
1,0.1199,11.8,0,0,0.114,0.8338,0
1,0.1201,17.41,0,0,0.4014,0.978,0
0,0.2918,23.97,0,0,0.061,0.6765,0
0,0.13,31.89,0,0,0.0007,0.7163,0
0,0.0836,77.74,0,0,0.0325,0.7617,0
0,0.0868,61.91,0,0,0.3204,0.7222,0
0,0.1893,24.4,0,0,0.6465,0.938,0
11,0.8816,11.5,1,0,0.8476,0.4204,1
0,0.108,3.82,0,1,0.1055,0.8302,0
1,0.118,26.55,0,0,0.5249,0.9454,0
0,0.0424,61.77,0,0,0.0912,0.9298,0
3,0.0957,21.84,0,0,0.0192,0.6214,0
0,0.158,13.52,0,0,0.3827,0.755,0
22,0.7269,17.25,1,1,0.3935,0.0253,1
0,0.0704,25.08,0,0,0.0392,0.9227,0
1,0.1199,46.65,0,0,0.0927,0.6754,0
1,0.1324,7.3,0,0,0.0681,0.8373,0
8,0.8012,88.57,1,1,0.6088,0.1002,1
2,0.0349,2.31,0,0,0.1171,0.6582,0
1,0.0342,23.66,0,1,0.177,0.8551,0
0,0.1721,25.61,0,0,0.0392,0.8694,0
0,0.0428,4.13,0,0,0.0377,0.6848,0
1,0.2413,8.66,0,0,0.3768,0.9077,0
1,0.1368,7.86,0,0,0.3249,0.8114,0
0,0.0559,146.23,0,0,0.1486,0.9588,0
1,0.2001,24.08,0,0,0.1229,0.9694,0
0,0.041,20.24,0,0,0.1956,0.9314,0
1,0.1112,11.3,0,1,0.0392,0.9841,0
0,0.1444,4.18,0,0,0.0807,0.9564,0
1,0.2681,14.12,0,0,0.3315,0.8608,0
2,0.0228,64.65,0,0,0.1928,0.8637,0
1,0.1687,23.0,0,0,0.4579,0.8972,0
0,0.0496,1.57,0,0,0.2782,0.7698,0
0,0.1527,33.79,0,0,0.0096,0.978,0
0,0.1389,33.97,0,0,0.1752,0.9704,0
8,0.7739,18.04,0,1,0.7249,0.2513,1
0,0.0988,9.3,0,0,0.3566,0.9145,0
1,0.0332,54.34,0,0,0.1352,0.8987,0
0,0.192,63.89,0,0,0.0266,0.6656,0
1,0.058,0.59,0,0,0.0438,0.9787,0
0,0.0119,16.13,0,0,0.1863,0.87,0
0,0.1506,1.89,0,0,0.0614,0.7923,0
0,0.0189,20.11,0,0,0.015,0.9299,0
0,0.0138,18.21,0,0,0.1199,0.8726,0
0,0.123,23.57,0,0,0.0816,0.9886,0
2,0.1492,38.1,0,0,0.4406,0.8478,0
10,0.8738,3360.37,1,0,0.5294,0.1079,1
0,0.0272,127.05,1,0,0.3072,0.8035,0
1,0.0966,63.54,0,0,0.0228,0.4793,0
1,0.081,0.65,0,0,0.139,0.7915,0
0,0.1381,19.82,0,0,0.5031,0.9293,0
1,0.0757,15.17,0,0,0.1607,0.8125,0
0,0.0568,25.05,0,0,0.1785,0.8702,0
0,0.07,53.4,0,0,0.0368,0.9761,0
7,0.6559,139.77,0,1,0.7738,0.0633,1
0,0.3474,10.78,0,0,0.1129,0.605,0
15,0.6999,1962.78,1,0,0.5864,0.3386,1
0,0.3315,11.24,0,1,0.1574,0.983,0
0,0.1732,39.82,0,0,0.1062,0.977,0
1,0.0704,40.88,0,0,0.2812,0.9754,0
8,0.9441,21.27,1,1,0.8626,0.1581,1
1,0.0795,43.2,0,0,0.2354,0.948,0
1,0.0507,24.12,0,0,0.3295,0.6497,0
0,0.124,68.02,0,0,0.0627,0.9509,0
1,0.0166,55.64,0,0,0.0546,0.9811,0
0,0.0932,33.86,0,0,0.2654,0.8359,0
0,0.0182,12.34,0,0,0.169,0.7492,0
0,0.0821,2.64,0,0,0.0221,0.8844,0
0,0.2192,9.48,0,0,0.0424,0.9939,0
0,0.0294,23.82,0,0,0.0184,0.7292,0
1,0.1845,65.93,0,0,0.0971,0.7927,0
0,0.0627,10.31,0,0,0.0109,0.9534,0
1,0.0159,1.95,0,0,0.2287,0.727,0
0,0.0995,14.86,0,0,0.151,0.9066,0
0,0.3998,30.29,0,0,0.1553,0.7606,0
0,0.2104,140.5,0,0,0.1977,0.8967,0
0,0.3636,44.18,0,0,0.2741,0.9685,0
0,0.076,5.9,0,0,0.1523,0.8167,0
6,0.6944,27.85,0,0,0.6182,0.1798,1
0,0.0853,293.05,0,0,0.0265,0.9526,0
1,0.1383,98.66,0,0,0.0084,0.7171,0
3,0.186,66.4,0,0,0.0203,0.8423,0
2,0.0816,36.24,0,0,0.1503,0.8729,0
0,0.0799,39.49,0,0,0.1295,0.9871,0
0,0.2407,44.8,0,0,0.4342,0.7304,0
0,0.1123,86.06,0,0,0.1425,0.7084,0
2,0.0744,14.37,0,0,0.1399,0.8866,0
0,0.0247,62.85,0,0,0.091,0.8818,0
0,0.1894,27.97,0,0,0.4398,0.3531,0
0,0.0314,17.02,0,0,0.2345,0.9385,0
1,0.2173,19.3,0,0,0.0811,0.9489,0
0,0.1095,15.77,0,0,0.0723,0.8719,0
0,0.0713,60.24,0,0,0.2548,0.9949,0
0,0.2116,10.81,0,0,0.0114,0.8907,0
12,0.8828,139.02,0,1,0.6906,0.1765,1
0,0.0675,4.38,0,0,0.3706,0.8543,0
8,0.8651,1969.74,1,0,0.609,0.0697,1
0,0.047,172.38,0,0,0.3713,0.824,0
0,0.1183,29.16,0,0,0.1778,0.8783,0
1,0.0965,16.92,0,0,0.5846,0.9239,0
1,0.2463,18.68,0,0,0.515,0.8478,0
0,0.045,3.43,0,0,0.0288,0.9308,0
0,0.0896,9.45,0,0,0.1823,0.8719,0
0,0.0788,67.35,0,0,0.2405,0.9595,0
0,0.1703,2.71,0,0,0.259,0.7748,0
0,0.0839,30.6,0,0,0.3419,0.6826,0
0,0.1139,3.68,0,0,0.4615,0.9167,0
0,0.2549,8.56,0,0,0.0791,0.9721,0
6,0.752,29.51,1,0,0.5495,0.4322,1
0,0.0839,38.59,0,0,0.0429,0.6566,0
0,0.1243,0.22,0,0,0.3113,0.9862,0
0,0.0507,9.96,0,0,0.0572,0.8366,0
0,0.2421,117.85,0,0,0.1232,0.732,0
0,0.3341,57.35,0,0,0.1495,0.8543,0
0,0.0907,31.67,0,0,0.283,0.8745,0
0,0.0306,1.28,0,0,0.1506,0.842,0
1,0.2089,4.06,0,0,0.1834,0.8368,0
0,0.3634,25.36,0,0,0.4232,0.9148,0
0,0.0205,54.64,0,0,0.1585,0.6787,0
0,0.137,1.58,0,0,0.0725,0.7294,0
0,0.0599,48.88,0,0,0.0602,0.882,0
2,0.1649,66.87,0,0,0.0283,0.8808,0
0,0.0321,30.3,0,0,0.3783,0.8431,0
0,0.1107,37.34,0,0,0.3529,0.8941,0
1,0.3881,5.05,0,0,0.299,0.9292,0
0,0.0418,22.29,0,0,0.0052,0.756,0
0,0.1828,50.75,0,0,0.3996,0.8022,0
0,0.0785,75.64,0,0,0.127,0.8337,0
0,0.0988,26.37,0,0,0.0646,0.9825,0
1,0.0878,8.18,0,0,0.1085,0.8388,0
0,0.059,41.88,0,0,0.0326,0.9969,0
0,0.0378,13.08,0,0,0.0907,0.829,0
0,0.0112,10.89,0,0,0.1755,0.8588,0
0,0.1465,47.98,0,0,0.0408,0.8831,0
4,0.963,2186.54,0,1,0.535,0.0492,1
0,0.0415,22.22,0,0,0.1454,0.8155,0
0,0.0733,36.24,0,0,0.2493,0.9472,0
1,0.0434,12.73,0,0,0.1787,0.9345,0
0,0.0206,2.63,0,0,0.1609,0.9259,0
11,0.9653,16.16,1,0,0.6803,0.4001,1
17,0.6959,1237.32,1,1,0.8784,0.0943,1
1,0.1416,10.24,0,0,0.3661,0.9922,0
0,0.0605,3.21,0,0,0.0537,0.8403,0
1,0.0995,2.93,0,0,0.1929,0.852,0
0,0.0474,37.42,0,0,0.0561,0.6704,0
0,0.0651,14.26,0,0,0.0856,0.8226,0
8,0.9781,1937.25,1,0,0.5452,0.2334,1
2,0.2062,20.23,0,0,0.3899,0.9168,0
0,0.091,0.87,0,0,0.0426,0.9581,0
1,0.0774,3.4,0,0,0.1022,0.7885,0
0,0.0854,7.52,0,0,0.0214,0.8218,0
0,0.1502,0.43,0,0,0.306,0.9014,0
0,0.2281,66.85,0,0,0.0198,0.8477,0
18,0.7709,922.31,0,1,0.4879,0.281,1
2,0.1241,43.1,0,0,0.2755,0.8698,0
0,0.0695,2.34,0,0,0.0185,0.9492,0
1,0.0332,0.3,0,0,0.1677,0.9047,0
0,0.0417,80.48,0,0,0.2095,0.8923,0
1,0.0656,34.11,0,0,0.1966,0.8262,0
0,0.1228,60.58,0,0,0.1639,0.9491,0
0,0.0908,27.07,0,0,0.0909,0.8005,0
16,0.7797,277.67,1,0,0.64,0.0247,1
0,0.006,91.35,0,0,0.019,0.8942,0
0,0.0984,13.76,0,0,0.4632,0.865,0
1,0.048,26.47,0,0,0.069,0.8842,0
0,0.061,5.34,0,0,0.0174,0.8688,0
8,0.8258,2361.56,1,1,0.8018,0.2386,1
3,0.6046,2872.19,1,1,0.6996,0.5166,1
0,0.2396,43.97,0,0,0.2061,0.6532,0
0,0.1441,142.2,0,0,0.2554,0.9487,0
15,0.8191,1233.97,1,1,0.742,0.3032,1
1,0.1382,48.19,0,0,0.3614,0.9866,0
0,0.1028,115.44,0,0,0.17,0.8505,0
1,0.1358,0.72,0,0,0.3608,0.9586,0
0,0.0824,39.93,1,0,0.0379,0.9583,0
0,0.1097,5.73,0,0,0.3315,0.8539,0
0,0.1513,21.66,0,0,0.1881,0.8576,0
0,0.0618,7.79,0,0,0.0347,0.8304,0
0,0.0789,6.49,0,0,0.0775,0.5206,0
0,0.3805,22.51,0,1,0.0637,0.7751,0
0,0.0779,11.6,0,1,0.0866,0.7551,0
0,0.0215,31.81,0,0,0.0104,0.9325,0
1,0.0617,22.72,0,0,0.0913,0.8822,0
3,0.032,5.69,0,0,0.1636,0.8601,0
0,0.1578,11.26,0,0,0.1453,0.8808,0
11,0.6973,1986.99,1,1,0.6368,0.0259,1
0,0.0339,55.11,0,0,0.38,0.9189,0
1,0.1668,11.39,0,0,0.142,0.8098,0
1,0.1925,32.86,0,0,0.1857,0.8891,0
0,0.1001,17.29,0,0,0.1871,0.9271,0
1,0.1829,55.97,0,1,0.2355,0.885,0
0,0.118,45.88,0,1,0.1595,0.9872,0
1,0.1482,24.84,0,0,0.0629,0.8011,0
1,0.0585,44.89,0,1,0.1283,0.8072,0
1,0.1075,52.93,0,0,0.3944,0.7971,0
17,0.8815,61.92,1,1,0.7017,0.1868,1
0,0.0942,19.93,0,0,0.1198,0.8257,0
0,0.1052,3.13,0,1,0.3106,0.8999,0
1,0.039,9.12,0,0,0.0349,0.8017,0
0,0.0507,27.57,0,0,0.187,0.9414,0
6,0.7557,12.89,1,1,0.8792,0.0706,1
0,0.149,22.26,0,0,0.0193,0.982,0
0,0.1305,1.96,0,0,0.1267,0.956,0
4,0.7131,2570.66,1,0,0.6889,0.2447,1
0,0.0626,3.18,0,0,0.0635,0.8913,0
12,0.4539,2714.17,1,1,0.5095,0.2309,1
0,0.3407,67.57,0,0,0.2505,0.8278,0
0,0.111,76.85,0,0,0.1479,0.9045,0
10,0.7539,879.77,1,1,0.3498,0.334,1
1,0.093,37.98,0,0,0.1622,0.9427,0
16,0.6302,1866.68,1,1,0.5093,0.1172,1
0,0.083,72.87,0,0,0.0965,0.9445,0
0,0.0937,12.62,0,0,0.061,0.8717,0
0,0.254,40.09,0,0,0.1199,0.7229,0
3,0.048,61.12,0,0,0.0107,0.931,0
0,0.1409,37.53,1,0,0.0291,0.9877,0
0,0.0891,42.5,0,1,0.4579,0.8521,0
5,0.718,6.84,1,1,0.7694,0.056,1
7,0.5925,9.12,0,1,0.6538,0.023,1
0,0.1567,0.13,0,0,0.0416,0.9469,0
0,0.1057,72.68,0,0,0.0408,0.963,0
0,0.2138,35.34,0,0,0.575,0.7704,0
17,0.9118,2575.48,1,1,0.5341,0.4199,1
0,0.0044,15.84,0,0,0.0765,0.9322,0
0,0.1013,69.84,0,0,0.1268,0.9541,0
0,0.0238,132.91,0,0,0.057,0.8768,0
10,0.7369,90.45,1,0,0.5152,0.304,1
0,0.1105,7.32,0,0,0.0533,0.8882,0
0,0.0881,16.48,0,0,0.4139,0.8938,0
0,0.1586,2.67,0,0,0.0477,0.8706,0
0,0.1987,37.45,0,0,0.1856,0.8208,0
0,0.0268,19.28,0,0,0.1549,0.8986,0
0,0.1453,2.83,0,0,0.143,0.7815,0
0,0.0378,27.65,0,0,0.2609,0.7293,0
0,0.0515,10.31,0,0,0.113,0.6779,0
1,0.0931,11.83,0,0,0.0583,0.9666,0
0,0.1717,22.0,0,0,0.2117,0.8693,0
7,0.6813,2299.47,0,0,0.7989,0.3352,1
6,0.8182,205.19,0,1,0.865,0.3473,1
0,0.0709,2.77,0,0,0.0293,0.7937,0
0,0.1123,9.68,0,0,0.0548,0.838,0
0,0.1087,36.91,0,0,0.3636,0.8651,0
0,0.0781,33.16,0,0,0.2711,0.954,0
1,0.0625,27.94,0,0,0.2535,0.9796,0
0,0.1708,30.21,0,0,0.322,0.8072,0
2,0.0295,16.69,0,0,0.0293,0.9572,0
0,0.0396,34.15,0,0,0.2272,0.7295,0
1,0.1641,20.93,0,0,0.0575,0.5893,0
0,0.1347,43.32,0,0,0.3634,0.7995,0
0,0.1538,103.27,0,0,0.0932,0.7527,0
1,0.0876,80.79,0,0,0.2934,0.7245,0
1,0.0557,30.14,0,0,0.2437,0.9003,0
0,0.1765,0.08,0,0,0.4381,0.7746,0
0,0.1054,119.44,0,0,0.2145,0.8637,0
0,0.0619,3.31,0,0,0.0946,0.7635,0
0,0.058,26.02,0,0,0.04,0.9656,0
11,0.8664,12.52,0,1,0.4427,0.0908,1
0,0.1662,64.82,0,0,0.1076,0.9364,0
0,0.1238,17.41,0,0,0.2732,0.9146,0
2,0.1031,19.89,0,0,0.3877,0.8767,0
0,0.1115,65.99,0,0,0.2461,0.903,0
2,0.1427,50.71,0,0,0.0486,0.7265,0
0,0.121,7.75,0,0,0.1262,0.7336,0
0,0.105,22.17,0,0,0.1734,0.8591,0
0,0.2038,38.65,0,0,0.2742,0.8065,0
15,0.6883,81.01,1,1,0.7794,0.1759,1
4,0.8292,938.33,0,1,0.2386,0.0407,1
9,0.8522,3293.48,0,1,0.8284,0.2154,1
0,0.2382,9.79,0,1,0.0665,0.7737,0
1,0.0427,7.91,0,0,0.2702,0.7429,0
0,0.2558,66.18,0,0,0.0443,0.882,0
9,0.8988,15.04,1,1,0.6451,0.4196,1
1,0.3372,26.55,0,0,0.0946,0.9141,0
0,0.1265,38.65,0,0,0.2302,0.8985,0
0,0.1338,98.79,0,0,0.1139,0.8594,0
1,0.0547,23.92,0,0,0.2265,0.9739,0
1,0.0891,37.97,0,0,0.1659,0.9048,0
5,0.5714,10.21,0,1,0.4157,0.1499,1
0,0.0364,6.95,0,0,0.0354,0.9606,0
14,0.9233,10.86,1,1,0.7905,0.0922,1
18,0.6512,2941.83,0,0,0.4577,0.382,1
0,0.0391,64.87,0,0,0.0401,0.9564,0
0,0.0532,9.94,0,0,0.0627,0.9569,0
5,0.9524,2937.72,0,0,0.6656,0.123,1
0,0.1365,5.06,0,0,0.0102,0.8927,0
15,0.4595,1748.4,1,0,0.6477,0.2037,1
0,0.2232,1.34,0,1,0.2956,0.8395,0
0,0.0129,9.84,0,0,0.2109,0.8774,0
7,0.6866,124.07,1,1,0.7627,0.0682,1
2,0.0737,37.68,0,0,0.0358,0.9041,0
1,0.1141,5.86,0,0,0.2064,0.8715,0
1,0.0798,27.8,0,0,0.0634,0.6449,0
0,0.0023,3.66,0,1,0.0653,0.9531,0
1,0.0255,33.51,0,0,0.158,0.9814,0
1,0.1456,22.26,0,0,0.2195,0.5657,0
0,0.1758,39.93,0,0,0.1449,0.8362,0
0,0.2239,125.78,0,0,0.113,0.723,0
1,0.1688,8.18,0,0,0.0688,0.9134,0
12,0.9556,2877.05,1,0,0.4722,0.112,1
0,0.0803,42.02,0,0,0.3535,0.6176,0
23,0.8488,874.03,0,0,0.7532,0.3174,1
12,0.7649,1172.62,1,0,0.5541,0.1032,1
1,0.1044,78.53,0,0,0.0508,0.9074,0
0,0.0068,22.9,0,0,0.0852,0.9363,0
1,0.004,13.58,0,0,0.149,0.9473,0
1,0.1121,1.1,0,0,0.3131,0.7917,0
0,0.0368,103.86,0,0,0.1103,0.8995,0
0,0.0986,1.61,0,0,0.0273,0.8454,0
0,0.0415,17.34,0,0,0.1083,0.8969,0
7,0.874,2546.72,1,0,0.501,0.0833,1
0,0.1069,3.94,0,0,0.3623,0.7847,0
0,0.1843,34.0,0,0,0.1095,0.9434,0
1,0.1015,31.61,0,0,0.6495,0.4493,0
0,0.1686,51.7,0,0,0.2648,0.6706,0
0,0.1018,76.9,0,0,0.4317,0.8849,0
0,0.0295,25.98,0,0,0.731,0.9393,0
4,0.8702,12.12,1,1,0.4944,0.1237,1
0,0.0918,27.59,0,1,0.0298,0.5886,0
0,0.0997,5.25,0,0,0.1744,0.8596,0
0,0.1849,26.04,1,0,0.0268,0.8477,0
14,0.7912,1500.56,0,1,0.6395,0.2844,1
10,0.8504,1499.04,1,0,0.7122,0.2648,1
1,0.0586,39.12,0,0,0.2125,0.9725,0
0,0.0695,5.11,0,0,0.0739,0.9652,0
0,0.2166,9.0,0,0,0.0552,0.995,0
0,0.1151,2.41,0,0,0.0148,0.7592,0
11,0.4567,3358.17,0,1,0.6881,0.2289,1
0,0.0479,44.83,0,0,0.1467,0.973,0
16,0.8408,33.08,0,0,0.713,0.1592,1
0,0.093,51.83,0,0,0.2884,0.866,0
0,0.0351,9.59,0,0,0.3464,0.847,0
0,0.0725,11.29,0,0,0.1526,0.9885,0
0,0.0222,59.5,0,0,0.0209,0.8955,0
17,0.9762,1330.66,1,0,0.7871,0.2322,1
0,0.2223,11.88,0,0,0.0563,0.916,0
0,0.0351,19.96,0,0,0.0008,0.9444,0
0,0.2784,6.65,0,0,0.0014,0.8744,0
0,0.0459,10.67,0,0,0.1248,0.7854,0
0,0.0561,33.82,0,0,0.0442,0.8828,0
0,0.1181,116.9,0,0,0.1441,0.84,0
2,0.264,4.22,0,0,0.1773,0.8909,0
0,0.0981,41.56,0,0,0.0689,0.8418,0
0,0.0747,0.16,0,0,0.1049,0.9328,0
0,0.056,14.41,0,0,0.011,0.8714,0
0,0.0431,12.52,0,0,0.0351,0.9731,0
1,0.2922,0.62,0,0,0.4237,0.8873,0
1,0.105,1.96,0,0,0.1384,0.8902,0
0,0.1252,13.56,0,0,0.012,0.6592,0
0,0.0192,3.59,0,0,0.1697,0.9782,0
0,0.1158,85.85,0,0,0.1567,0.8546,0
0,0.0083,35.55,0,0,0.3268,0.8375,0
10,0.7285,127.72,1,1,0.8046,0.3921,1
17,0.6829,89.99,1,0,0.7757,0.5533,1
0,0.0315,37.03,0,0,0.0415,0.9674,0
0,0.035,54.73,0,0,0.3979,0.8913,0
0,0.1252,11.93,0,0,0.4997,0.6643,0
1,0.1796,142.27,1,0,0.3456,0.9818,0
0,0.1991,6.85,0,0,0.5176,0.803,0
0,0.2414,5.6,0,0,0.0896,0.8333,0
0,0.2749,32.23,0,0,0.0216,0.7095,0
0,0.0638,25.53,0,0,0.04,0.7964,0
7,0.9103,61.08,1,1,0.6626,0.1639,1
1,0.0038,57.95,0,0,0.2848,0.8661,0
1,0.1857,2.9,0,0,0.0859,0.9948,0
0,0.0481,160.6,0,0,0.1872,0.6543,0
1,0.0371,47.74,0,0,0.1553,0.9373,0
1,0.0288,1.42,0,0,0.1092,0.8973,0
0,0.1154,80.24,0,0,0.1505,0.8397,0
0,0.1638,111.91,0,0,0.1064,0.8184,0
1,0.0123,0.68,0,0,0.163,0.8581,0
0,0.0606,0.72,0,0,0.0284,0.8774,0
0,0.2359,42.26,0,0,0.2253,0.8903,0
1,0.1152,22.81,0,0,0.2185,0.9741,0
0,0.1181,0.97,1,0,0.1978,0.8013,0
0,0.0692,52.63,0,0,0.0608,0.9161,0
1,0.14,5.5,0,0,0.0284,0.9755,0
13,0.773,11.79,1,1,0.5112,0.3272,1
1,0.1541,141.83,0,0,0.1365,0.8946,0
0,0.116,30.91,0,0,0.1137,0.7601,0
0,0.028,41.26,0,0,0.14,0.821,0
1,0.0179,27.21,0,0,0.0654,0.7624,0
1,0.1942,24.83,0,0,0.0306,0.8764,0
6,0.8644,3087.57,0,1,0.6404,0.1575,1
0,0.0559,45.51,0,0,0.2851,0.9678,0
0,0.0641,115.31,0,0,0.0731,0.8512,0
0,0.1442,20.4,0,0,0.3374,0.7272,0
0,0.1407,120.43,0,0,0.0134,0.9033,0
0,0.0605,14.66,0,0,0.026,0.9745,0
4,0.7898,103.92,1,0,0.5907,0.132,1
1,0.0863,30.87,0,1,0.2519,0.9276,0
1,0.0414,34.03,0,0,0.1813,0.9411,0
0,0.0822,79.34,0,0,0.3175,0.6901,0
0,0.1092,6.48,0,0,0.5587,0.8595,0
0,0.0634,5.85,0,0,0.0268,0.7458,0
1,0.005,33.31,0,0,0.0202,0.9348,0
0,0.0754,18.27,0,0,0.12,0.591,0
10,0.6291,7.79,1,1,0.7847,0.5176,1
0,0.1026,12.94,0,0,0.2178,0.9099,0
0,0.0574,1.59,0,0,0.0166,0.7698,0
0,0.098,17.4,0,0,0.0285,0.5933,0
1,0.1751,45.98,0,0,0.2826,0.8964,0
0,0.0977,11.16,0,0,0.1359,0.5899,0
1,0.0404,6.3,0,1,0.1592,0.938,0
9,0.6023,920.96,1,1,0.849,0.1306,1
0,0.1776,19.1,0,0,0.2264,0.736,0
1,0.397,8.46,0,0,0.0489,0.7957,0
5,0.5801,2007.16,0,0,0.6393,0.0369,1
0,0.1584,59.74,0,0,0.21,0.7861,0
0,0.1714,55.53,1,0,0.0409,0.9843,0
0,0.0837,26.44,0,1,0.0795,0.6707,0
0,0.0116,65.27,0,0,0.17,0.9413,0
0,0.1017,15.12,1,0,0.1799,0.9102,0
1,0.1019,49.97,0,0,0.2391,0.9733,0
1,0.2554,3.42,0,0,0.0742,0.9253,0
1,0.0914,3.48,0,0,0.3927,0.8873,0
0,0.1539,68.58,0,0,0.1424,0.562,0
0,0.0463,37.67,0,0,0.3672,0.8817,0
4,0.7995,1997.02,1,0,0.7081,0.0927,1
16,0.7485,2.94,1,1,0.3666,0.0698,1
0,0.0082,15.29,0,0,0.2905,0.9913,0
8,0.9769,1378.19,0,0,0.7928,0.0544,1
0,0.2963,27.14,0,0,0.2215,0.7948,0
0,0.0412,64.98,0,0,0.276,0.8907,0
0,0.1168,6.85,0,0,0.2878,0.6564,0
12,0.7957,95.07,1,0,0.4144,0.1963,1
0,0.0653,44.79,0,0,0.1516,0.8655,0
0,0.1413,45.55,0,0,0.0571,0.5582,0
0,0.0462,9.9,0,0,0.0857,0.8985,0
1,0.172,3.09,0,0,0.0815,0.9696,0
0,0.0417,65.55,0,0,0.3475,0.6198,0
0,0.2367,39.73,0,0,0.1738,0.9597,0
0,0.0958,44.23,0,0,0.1196,0.862,0
0,0.0432,24.52,0,0,0.0834,0.7867,0
0,0.0822,37.88,0,0,0.124,0.7526,0
1,0.039,28.1,0,0,0.1456,0.8708,0
0,0.0583,34.53,0,0,0.189,0.8668,0
0,0.0505,23.34,0,0,0.0461,0.9529,0
23,0.7356,2836.02,1,1,0.6406,0.4762,1
1,0.1473,8.43,0,0,0.1233,0.9042,0
0,0.1668,90.11,0,0,0.0592,0.7389,0
0,0.1995,90.89,0,0,0.1145,0.8705,0
0,0.046,35.29,0,0,0.119,0.9008,0
0,0.0907,34.65,0,0,0.3049,0.8456,0
21,0.6994,2857.27,0,0,0.6749,0.0079,1
1,0.0865,11.99,0,0,0.0206,0.8883,0
0,0.0283,54.68,0,0,0.1342,0.7973,0
0,0.0803,14.07,0,0,0.0374,0.8423,0
2,0.2152,27.77,0,0,0.1136,0.8872,0
9,0.838,35.63,0,1,0.4058,0.0799,1
0,0.0845,2.19,0,0,0.0767,0.8822,0
0,0.0155,19.16,0,0,0.1952,0.8557,0
7,0.5669,1.37,0,1,0.6826,0.3638,1
17,0.7521,1.71,0,1,0.6552,0.1295,1
0,0.0574,74.44,0,0,0.1321,0.8675,0
2,0.0132,38.22,0,0,0.1061,0.8559,0
1,0.1606,0.47,0,0,0.2018,0.8093,0
0,0.0909,29.85,0,0,0.319,0.9568,0
0,0.0862,58.31,0,0,0.0638,0.7641,0
1,0.0089,1.97,1,0,0.1096,0.8711,0
0,0.1185,108.76,0,0,0.0093,0.7973,0
0,0.0436,44.93,0,0,0.021,0.9132,0
0,0.0162,14.31,0,0,0.3344,0.8881,0
1,0.067,41.88,0,0,0.0857,0.5782,0
0,0.0728,24.23,0,0,0.1456,0.8384,0
8,0.7157,2578.6,1,1,0.8537,0.0295,1
0,0.0553,28.93,0,0,0.1593,0.9355,0
0,0.0262,19.22,0,0,0.3331,0.9176,0
0,0.0935,1.91,0,0,0.0931,0.7631,0
1,0.0605,88.14,0,0,0.046,0.8038,0
1,0.0618,67.33,0,0,0.0314,0.7387,0
0,0.0592,98.32,0,0,0.1476,0.9585,0
0,0.012,43.79,0,0,0.2714,0.941,0
0,0.1319,28.75,0,0,0.11,0.7891,0
0,0.2075,10.52,0,0,0.4183,0.9974,0
0,0.1498,23.65,0,0,0.0714,0.8982,0
0,0.3247,8.57,0,0,0.1559,0.7689,0
0,0.1175,86.85,0,0,0.0992,0.8895,0
0,0.0749,3.33,0,0,0.4018,0.8813,0
8,0.7057,1242.52,1,1,0.6425,0.1623,1
1,0.2345,24.17,0,0,0.006,0.8578,0
0,0.0162,69.57,0,0,0.2024,0.973,0
0,0.1114,96.97,0,0,0.3213,0.9024,0
7,0.6348,2560.67,0,1,0.6373,0.6837,1
0,0.042,65.03,0,0,0.3217,0.7328,0
0,0.0878,20.81,0,0,0.021,0.9111,0
1,0.1383,24.5,0,1,0.2292,0.7202,0
0,0.0269,8.5,0,0,0.0644,0.8394,0
0,0.0527,6.5,0,0,0.2107,0.9855,0
1,0.0657,28.66,0,0,0.129,0.8723,0
0,0.2078,24.51,0,0,0.0476,0.953,0
0,0.1704,27.52,0,0,0.1616,0.8549,0
0,0.0888,30.97,0,0,0.2375,0.7889,0
0,0.1002,63.65,1,0,0.0796,0.8848,0
0,0.2446,15.17,0,0,0.2676,0.8487,0
0,0.0552,57.48,0,0,0.088,0.801,0
0,0.0514,71.31,0,0,0.1325,0.8693,0
13,0.8848,1038.65,1,0,0.6988,0.0736,1
0,0.1258,3.53,0,0,0.145,0.8561,0
1,0.0521,79.82,0,0,0.0286,0.9027,0
1,0.1384,1.67,0,0,0.0826,0.7229,0
0,0.1188,79.98,0,0,0.0148,0.934,0
0,0.1484,117.16,0,0,0.2104,0.9582,0
1,0.0645,6.69,0,0,0.2963,0.8963,0
0,0.1306,19.94,0,0,0.0549,0.7985,0
0,0.0414,50.94,0,0,0.1544,0.727,0
0,0.0463,34.06,0,0,0.0888,0.8826,0
0,0.0311,47.92,0,0,0.1079,0.6381,0
0,0.1426,2.22,0,0,0.1944,0.6393,0
1,0.3791,43.33,0,0,0.1219,0.9014,0
1,0.0495,49.05,0,0,0.0562,0.8708,0
0,0.1273,24.83,0,0,0.1737,0.8052,0
0,0.085,120.09,0,0,0.0834,0.7511,0
0,0.0345,12.59,0,0,0.2079,0.8449,0
0,0.1054,1.62,0,0,0.079,0.7858,0
0,0.0939,70.08,0,0,0.037,0.8867,0
0,0.0978,103.42,0,0,0.16,0.8348,0
0,0.1048,10.19,0,0,0.3858,0.4857,0
0,0.1786,14.64,0,0,0.1584,0.8953,0
1,0.0787,14.18,0,0,0.0149,0.9043,0
0,0.1426,4.1,1,0,0.1961,0.8059,0
0,0.0636,30.4,0,0,0.1193,0.5773,0
1,0.0841,18.55,0,0,0.0878,0.7462,0
0,0.076,35.71,0,0,0.2322,0.8322,0
0,0.2549,12.63,0,0,0.0166,0.9549,0
0,0.0068,1.76,0,0,0.0516,0.8541,0
0,0.2323,7.43,0,0,0.243,0.5173,0
1,0.0086,52.23,0,0,0.542,0.8319,0
0,0.0036,89.81,0,0,0.1277,0.9474,0
0,0.1,49.89,0,0,0.0981,0.9343,0
0,0.0316,15.18,0,0,0.0337,0.8321,0
8,0.8522,3412.22,1,1,0.8253,0.324,1
0,0.0151,21.8,0,0,0.2124,0.9383,0
11,0.9402,2733.75,1,0,0.8674,0.143,1
0,0.1319,44.21,0,0,0.2213,0.9139,0
1,0.2763,39.65,0,0,0.3134,0.8723,0
0,0.0031,56.35,0,0,0.1261,0.8816,0
1,0.1308,172.95,0,0,0.1816,0.8581,0
0,0.0564,4.38,1,0,0.0838,0.7737,0
0,0.0111,79.46,0,0,0.2538,0.7946,0
0,0.1374,26.71,0,0,0.2858,0.9406,0
1,0.157,0.35,0,0,0.0578,0.8283,0
0,0.0885,52.37,1,0,0.0181,0.8701,0
2,0.082,32.16,0,0,0.1552,0.6052,0
15,0.5269,3350.17,1,1,0.6247,0.0976,1
0,0.272,11.32,0,0,0.0404,0.883,0
0,0.0951,1.05,0,0,0.1286,0.8193,0
0,0.1011,24.88,0,0,0.724,0.81,0
0,0.0496,23.8,0,0,0.0187,0.8873,0
1,0.2067,52.05,0,0,0.0293,0.9148,0
0,0.04,11.78,0,0,0.2808,0.8487,0
0,0.0531,91.99,0,0,0.1691,0.7503,0
10,0.7718,0.77,1,0,0.7725,0.1671,1
1,0.1459,4.26,0,0,0.0186,0.8722,0
13,0.9524,22.49,0,1,0.5684,0.1212,1
1,0.0581,51.92,0,0,0.1526,0.9831,0
0,0.2102,27.89,0,0,0.3215,0.8335,0
1,0.1314,16.65,0,0,0.1586,0.9319,0
9,0.7755,1267.45,0,0,0.8709,0.1421,1
0,0.0814,21.58,0,0,0.192,0.8883,0
0,0.1464,26.03,0,0,0.4469,0.9015,0
1,0.2212,4.34,0,0,0.0202,0.8681,0
9,0.7171,50.78,0,0,0.8727,0.0837,1
16,0.5287,199.16,1,1,0.6563,0.1425,1
0,0.1009,50.55,0,0,0.1274,0.715,0
0,0.1585,5.59,0,0,0.102,0.9109,0
0,0.1208,72.58,0,0,0.1382,0.6327,0
1,0.1552,32.35,0,0,0.0354,0.8337,0
0,0.0995,8.82,0,0,0.1944,0.9165,0
2,0.0533,20.76,0,0,0.044,0.9301,0
0,0.0942,7.67,0,1,0.4203,0.9404,0
6,0.6352,65.25,1,0,0.8537,0.5919,1
0,0.1508,16.39,0,0,0.0819,0.8406,0
0,0.0778,6.8,0,0,0.0255,0.7719,0
0,0.1662,38.07,0,1,0.2082,0.8748,0
11,0.9619,34.48,1,1,0.8807,0.3661,1
0,0.2393,44.59,0,0,0.0759,0.938,0
11,0.8839,1934.78,1,1,0.5218,0.3364,1
0,0.0586,16.92,0,0,0.0265,0.9617,0
0,0.0601,75.03,0,0,0.4754,0.7504,0
0,0.1305,34.58,0,0,0.1167,0.6958,0
1,0.182,7.23,0,0,0.0397,0.8644,0
0,0.0478,0.47,0,1,0.1717,0.9151,0
13,0.7828,86.28,1,1,0.6637,0.2717,1
0,0.0748,25.08,0,0,0.2551,0.8984,0
0,0.2707,32.99,0,0,0.1336,0.8204,0
8,0.9337,1212.3,1,0,0.6706,0.1666,1
1,0.1131,13.18,0,0,0.1971,0.7841,0
1,0.0839,15.85,0,0,0.1542,0.9264,0
0,0.0358,43.0,0,0,0.2883,0.9583,0
13,0.6103,2921.45,1,0,0.3987,0.2615,1
0,0.1341,22.19,0,0,0.4147,0.8142,0
0,0.1469,47.27,0,0,0.1901,0.8881,0
1,0.0252,9.62,0,0,0.2491,0.675,0
0,0.1466,1.27,0,0,0.5367,0.9361,0
1,0.1131,111.03,0,0,0.0037,0.6224,0
0,0.0037,43.17,0,0,0.2706,0.8621,0
0,0.112,18.91,0,0,0.1674,0.9439,0
1,0.0489,15.7,0,0,0.1727,0.8901,0
1,0.3088,61.01,0,0,0.1938,0.7773,0
0,0.1604,47.27,0,0,0.1327,0.9567,0
0,0.0693,4.0,1,0,0.1104,0.8115,0
6,0.7501,2874.02,0,1,0.8482,0.3364,1
0,0.0111,13.99,0,0,0.5314,0.8319,0
15,0.8637,3179.77,0,0,0.5833,0.2139,1
0,0.0874,54.06,0,0,0.2742,0.9259,0
1,0.1575,54.0,0,0,0.1721,0.4238,0
0,0.1902,15.0,0,0,0.0214,0.8367,0
0,0.1443,20.74,0,0,0.0631,0.8707,0
0,0.1694,29.51,0,0,0.106,0.5117,0
1,0.193,21.05,0,0,0.271,0.8517,0
1,0.0004,60.97,0,0,0.0392,0.9314,0
0,0.0814,49.45,0,0,0.1231,0.8816,0
0,0.0414,4.72,0,0,0.0852,0.9363,0
0,0.0223,79.11,0,0,0.1711,0.8194,0
1,0.1913,18.9,0,0,0.2197,0.9848,0
0,0.0408,6.46,0,0,0.1198,0.4994,0
0,0.2338,0.97,0,0,0.2132,0.8331,0
2,0.203,181.9,0,0,0.1999,0.8519,0
0,0.0195,35.14,0,0,0.301,0.7559,0
0,0.1819,5.99,0,0,0.4165,0.6485,0
0,0.0279,2.85,0,0,0.1172,0.5645,0
0,0.25,32.66,0,0,0.0616,0.8529,0
0,0.0598,49.87,0,0,0.2752,0.7369,0
0,0.0628,20.05,0,0,0.0289,0.7913,0
0,0.0744,66.9,1,0,0.0024,0.7744,0
14,0.9391,2061.02,1,0,0.5843,0.05,1
5,0.7817,21.98,1,0,0.8951,0.0881,1
0,0.0628,4.77,0,0,0.0813,0.4408,0
0,0.2465,5.17,0,0,0.2985,0.8799,0
1,0.0182,58.68,0,0,0.0828,0.8165,0
7,0.9746,1317.3,0,0,0.7069,0.2366,1
0,0.0501,100.77,0,0,0.4152,0.6752,0
4,0.9006,101.0,0,0,0.7795,0.1866,1
0,0.0635,17.04,0,0,0.1944,0.7341,0
1,0.0267,65.53,0,0,0.1549,0.918,0
0,0.0439,5.27,0,0,0.1418,0.6799,0
13,0.6978,1059.04,0,0,0.7866,0.0575,1
0,0.0681,6.58,0,0,0.0318,0.8413,0
0,0.1253,53.15,0,0,0.2692,0.6633,0
1,0.0336,37.58,0,0,0.0289,0.9199,0
1,0.0328,70.01,0,0,0.0571,0.8921,0
0,0.0124,42.13,0,0,0.1989,0.7391,0
1,0.064,11.54,0,0,0.4065,0.7681,0
1,0.0303,7.08,0,0,0.0709,0.9659,0
1,0.1137,27.68,0,0,0.2379,0.8355,0
0,0.2449,14.72,0,0,0.0122,0.6721,0
2,0.1214,67.49,0,0,0.0841,0.8962,0
1,0.1337,7.33,0,0,0.1383,0.9126,0
1,0.0697,30.84,0,0,0.2923,0.7921,0
25,0.9252,75.23,0,1,0.656,0.1119,1
0,0.1113,14.28,0,0,0.1926,0.9752,0
0,0.2034,1.83,0,1,0.107,0.956,0
0,0.0444,39.87,0,0,0.0268,0.7745,0
0,0.2367,21.89,0,1,0.0831,0.9026,0
0,0.2268,44.19,0,0,0.3945,0.8511,0
0,0.1161,57.11,0,0,0.0288,0.7858,0
0,0.0669,16.77,0,0,0.0316,0.937,0
1,0.1272,10.79,0,0,0.0777,0.9066,0
1,0.0297,3.44,0,1,0.1966,0.9729,0
2,0.0507,7.98,0,0,0.0038,0.6515,0
0,0.0363,12.69,0,0,0.5025,0.9375,0
13,0.6852,9.16,1,1,0.706,0.3076,1
0,0.123,60.76,0,0,0.2406,0.861,0
1,0.0524,9.66,0,0,0.337,0.8969,0
0,0.0898,19.33,0,0,0.1559,0.9476,0
0,0.1126,30.67,0,0,0.237,0.4023,0
1,0.1957,35.55,0,0,0.0554,0.8594,0
1,0.1618,6.9,0,0,0.2578,0.8108,0
0,0.1015,1.49,0,0,0.1402,0.7639,0
0,0.0308,8.95,0,0,0.2323,0.9802,0
0,0.0462,63.05,0,0,0.3695,0.8863,0
15,0.8185,2587.04,0,1,0.5019,0.2424,1
0,0.1055,24.53,0,0,0.1596,0.9476,0
5,0.7547,1344.03,1,0,0.8561,0.0639,1
0,0.2273,80.67,0,0,0.1401,0.7322,0
0,0.0354,0.52,0,0,0.1672,0.8738,0
0,0.0193,41.74,0,0,0.3632,0.9602,0
0,0.0404,31.81,0,0,0.5982,0.6666,0
1,0.0321,47.29,0,0,0.1337,0.8488,0
0,0.0927,16.7,0,0,0.0215,0.8397,0
2,0.0281,142.76,0,0,0.19,0.9592,0
0,0.1101,11.58,0,0,0.3016,0.8273,0
0,0.1242,49.83,0,0,0.0253,0.5356,0
9,0.7601,3137.34,1,1,0.7118,0.0569,1
0,0.0477,41.75,0,0,0.2746,0.8927,0
0,0.0905,3.69,0,0,0.0602,0.8018,0
1,0.0798,62.23,0,0,0.0614,0.9723,0
0,0.1313,141.66,0,0,0.0363,0.9648,0
0,0.2384,16.16,0,0,0.0965,0.7982,0
0,0.006,13.57,0,0,0.1638,0.9225,0
1,0.0315,8.19,0,0,0.1939,0.9354,0
0,0.0335,4.69,0,0,0.2044,0.8492,0
0,0.1118,37.52,0,0,0.0754,0.8987,0
0,0.0205,6.23,0,0,0.1561,0.9379,0
0,0.0588,64.16,0,0,0.3875,0.8896,0
2,0.0524,26.51,0,0,0.2183,0.6808,0
0,0.2395,54.59,0,0,0.2684,0.7898,0
0,0.1093,45.06,0,0,0.0101,0.8263,0
1,0.0098,8.78,0,0,0.0446,0.5946,0
1,0.3016,8.56,0,0,0.2262,0.7274,0
0,0.1161,1.04,0,0,0.0228,0.7316,0
1,0.205,6.99,0,0,0.1338,0.7789,0
1,0.1189,17.96,0,0,0.237,0.8303,0
0,0.1431,0.87,0,0,0.2926,0.8707,0
1,0.026,26.51,0,0,0.0377,0.5435,0
0,0.0568,0.73,0,0,0.0734,0.8049,0
3,0.1194,2.48,0,0,0.364,0.8798,0
0,0.0309,5.81,1,0,0.2639,0.9267,0
0,0.3035,19.94,0,0,0.3226,0.6952,0
0,0.0084,15.93,0,1,0.2188,0.6286,0
2,0.0821,0.08,0,0,0.005,0.9162,0
0,0.1048,23.5,0,0,0.2091,0.9467,0
1,0.1263,1.38,0,0,0.1862,0.9513,0
1,0.1444,82.17,0,0,0.0167,0.9052,0
2,0.1018,13.03,0,0,0.2833,0.7584,0
2,0.0212,17.25,0,1,0.1092,0.7825,0
0,0.1569,112.54,0,0,0.0292,0.7743,0
0,0.0299,21.11,0,0,0.0926,0.8067,0
0,0.0702,49.2,0,0,0.0983,0.6409,0
2,0.1184,6.16,0,0,0.0422,0.7216,0
0,0.0662,16.07,0,0,0.3134,0.9753,0
9,0.8011,33.24,1,1,0.4611,0.6,1
0,0.193,8.49,0,0,0.1833,0.7704,0
0,0.0178,0.44,0,0,0.097,0.8607,0
0,0.1209,15.38,0,0,0.3864,0.6959,0
1,0.088,29.15,0,0,0.0199,0.9895,0
0,0.3479,7.59,0,0,0.0544,0.8715,0
0,0.0758,4.81,0,0,0.462,0.9258,0
0,0.1452,84.4,0,0,0.0139,0.9018,0
1,0.134,63.25,0,0,0.1573,0.8229,0
0,0.0142,28.43,0,0,0.0294,0.984,0
0,0.1447,38.17,0,0,0.1699,0.73,0
1,0.0083,50.09,0,0,0.167,0.9397,0
10,0.3497,2596.66,1,1,0.6491,0.062,1
1,0.0963,20.93,0,0,0.047,0.9625,0
1,0.1403,22.42,0,0,0.0976,0.932,0
2,0.1956,16.58,0,1,0.0219,0.87,0
1,0.1917,34.36,0,0,0.1578,0.7612,0
10,0.9748,2239.08,1,1,0.7607,0.2994,1
0,0.1447,80.07,0,0,0.153,0.8391,0
0,0.0149,48.92,0,0,0.0587,0.7213,0
0,0.0125,4.61,0,0,0.2321,0.8954,0
1,0.0286,7.0,0,0,0.4089,0.6836,0
0,0.2419,34.75,0,0,0.1052,0.8554,0
1,0.2745,20.68,0,0,0.0235,0.6184,0
0,0.0917,39.37,0,0,0.1724,0.8293,0
0,0.0231,78.42,0,0,0.0801,0.6293,0
2,0.9215,988.87,1,1,0.8152,0.0335,1
0,0.1047,85.02,0,0,0.0367,0.913,0
1,0.0327,18.42,0,0,0.4608,0.8941,0
0,0.0198,109.17,0,0,0.1502,0.9432,0
1,0.0458,23.37,0,0,0.012,0.8802,0
3,0.0552,59.09,0,0,0.2411,0.856,0
1,0.1048,38.7,0,0,0.3352,0.9793,0
7,0.6775,1041.29,0,0,0.4007,0.1051,1
1,0.1066,14.7,1,0,0.3192,0.871,0
1,0.0663,38.23,0,0,0.2916,0.6768,0
0,0.0816,23.87,0,0,0.0763,0.8242,0
1,0.0507,0.63,0,0,0.2955,0.9053,0
0,0.185,5.06,0,0,0.1718,0.7581,0
2,0.1848,16.89,0,0,0.2476,0.9751,0
1,0.2272,16.15,0,1,0.163,0.8171,0
0,0.1589,3.38,0,1,0.0394,0.8319,0
9,0.8891,63.44,1,0,0.4832,0.1941,1
8,0.7352,1468.11,0,0,0.4455,0.1652,1
0,0.0611,8.09,0,0,0.1009,0.9311,0
5,0.8707,71.96,0,1,0.5565,0.41,1
0,0.0488,79.1,0,0,0.0613,0.8272,0
6,0.7578,19.37,0,1,0.5198,0.1215,1
0,0.2112,34.87,0,0,0.3474,0.7924,0
1,0.1933,4.36,0,0,0.1522,0.5448,0
0,0.1348,8.89,0,0,0.0334,0.8106,0
1,0.125,202.24,0,0,0.1474,0.904,0
0,0.0804,120.9,0,0,0.2226,0.7741,0
0,0.0752,36.15,0,0,0.3002,0.9304,0
0,0.0317,62.38,0,0,0.3196,0.8102,0
0,0.2039,59.33,0,0,0.164,0.892,0
0,0.0519,50.72,0,0,0.247,0.7309,0
0,0.147,122.79,0,0,0.0789,0.9935,0
5,0.8681,1235.59,0,0,0.6035,0.2683,1
0,0.2479,133.86,0,0,0.083,0.8442,0
0,0.3561,80.82,0,0,0.114,0.7957,0
0,0.0285,14.69,0,0,0.1075,0.9232,0
0,0.1393,46.11,0,0,0.1692,0.8774,0
0,0.1047,125.56,0,0,0.46,0.5551,0
0,0.2452,6.72,0,0,0.1734,0.88,0
1,0.1856,9.79,0,0,0.0802,0.9085,0
0,0.0737,3.6,0,0,0.0887,0.8841,0
0,0.0963,53.59,0,0,0.2534,0.7246,0
0,0.0534,34.37,0,0,0.0231,0.9819,0
1,0.0077,2.95,0,0,0.154,0.9254,0
0,0.2293,8.83,0,1,0.0767,0.9894,0
0,0.0636,73.04,0,0,0.0689,0.8179,0
0,0.0414,60.73,0,0,0.3192,0.7228,0
1,0.0851,0.91,0,1,0.1807,0.9828,0
1,0.0096,132.09,0,0,0.0227,0.9163,0
1,0.0045,30.8,0,0,0.2826,0.9374,0
1,0.0742,3.69,0,0,0.0455,0.8524,0
2,0.0422,4.56,0,0,0.084,0.8942,0
0,0.1033,36.67,0,0,0.1517,0.8361,0
0,0.1745,3.37,0,0,0.1359,0.618,0
0,0.116,84.77,0,0,0.2677,0.754,0
2,0.0536,5.98,0,1,0.0274,0.9266,0
0,0.1924,9.51,0,0,0.4467,0.8888,0
1,0.028,46.24,0,0,0.069,0.6788,0
1,0.2002,43.0,0,0,0.3421,0.9554,0
14,0.8078,93.57,1,1,0.5548,0.2121,1
0,0.0568,80.38,0,0,0.044,0.9309,0
0,0.0552,51.76,0,0,0.1832,0.8134,0
0,0.1435,34.64,0,0,0.0639,0.5842,0
11,0.9738,2209.14,0,1,0.9009,0.4413,1
0,0.0091,25.47,0,0,0.2189,0.9132,0
0,0.1001,61.13,0,0,0.0728,0.9462,0
1,0.1585,37.64,0,0,0.1281,0.6584,0
15,0.8618,1087.5,1,0,0.8713,0.3116,1
5,0.7553,1658.18,1,0,0.8631,0.0068,1
0,0.053,86.21,1,0,0.3365,0.9412,0
1,0.0261,67.64,0,0,0.049,0.9445,0
0,0.0403,17.42,0,0,0.14,0.8446,0
2,0.0357,61.75,0,0,0.0911,0.9373,0
7,0.8795,2595.05,0,1,0.5303,0.0123,1
0,0.1131,19.24,0,0,0.2277,0.9424,0
0,0.0714,62.54,0,1,0.0375,0.7236,0
0,0.1232,13.28,0,0,0.1785,0.7928,0
1,0.0595,44.47,0,0,0.0124,0.865,0
0,0.0533,159.08,0,0,0.0141,0.9301,0
1,0.1156,39.78,0,0,0.3198,0.809,0
0,0.0951,13.9,0,0,0.0737,0.797,0
0,0.0847,7.6,0,0,0.1458,0.6878,0
1,0.0196,25.45,0,0,0.0309,0.7499,0
9,0.8534,3292.16,1,0,0.6828,0.0312,1
1,0.1312,21.98,0,0,0.0251,0.8583,0
0,0.0375,115.27,0,0,0.2841,0.7639,0
1,0.3743,45.91,0,0,0.0892,0.8732,0
0,0.097,68.04,0,0,0.3259,0.9228,0
1,0.2305,96.3,0,0,0.3006,0.9204,0
0,0.0271,1.64,0,0,0.1748,0.8193,0
0,0.0304,40.51,0,0,0.2764,0.8376,0
0,0.0591,46.06,0,0,0.6219,0.817,0
0,0.1639,46.52,0,0,0.1704,0.8454,0
0,0.0403,9.73,0,0,0.1069,0.8171,0
0,0.0606,57.18,0,0,0.0555,0.9226,0
15,0.6477,36.15,1,1,0.929,0.1906,1
12,0.9267,1474.53,1,0,0.5849,0.1178,1
0,0.2202,14.4,0,0,0.096,0.9433,0
10,0.8653,2185.66,0,1,0.9828,0.4483,1
0,0.124,14.16,0,0,0.1797,0.6599,0
0,0.0092,62.09,0,0,0.3809,0.6613,0
1,0.1359,1.41,0,0,0.0762,0.7847,0
0,0.2525,62.24,0,0,0.1649,0.686,0
14,0.9024,30.55,1,0,0.9152,0.3483,1
13,0.867,1915.69,1,0,0.8781,0.3372,1
0,0.0874,44.75,0,0,0.2585,0.933,0
0,0.0171,13.34,0,0,0.0585,0.9677,0
0,0.3355,36.26,0,0,0.1174,0.9945,0
0,0.306,18.6,0,0,0.0072,0.8883,0
0,0.2234,12.4,0,0,0.3693,0.7175,0
1,0.0624,15.0,0,0,0.1792,0.8841,0
0,0.0321,19.02,0,0,0.2394,0.7077,0
0,0.0448,1.55,0,0,0.0139,0.6359,0
8,0.7537,2239.49,1,0,0.4678,0.0658,1
0,0.066,7.48,0,0,0.3244,0.8388,0
1,0.1778,37.14,0,0,0.1382,0.9064,0
0,0.0636,5.69,0,1,0.0061,0.8572,0
10,0.8093,14.97,0,0,0.9061,0.1283,1
10,0.972,2392.68,0,0,0.3579,0.6244,1
7,0.6336,1951.67,1,0,0.6108,0.1,1
0,0.0381,41.25,0,0,0.2224,0.7375,0
1,0.1869,200.45,0,0,0.0666,0.7742,0
0,0.0557,45.04,0,0,0.2326,0.8941,0
4,0.5883,1855.21,1,0,0.7566,0.1255,1
0,0.0669,69.15,0,0,0.0704,0.8929,0
12,0.7407,2071.02,1,1,0.6733,0.0427,1
0,0.1414,8.5,0,0,0.3763,0.7629,0
1,0.0584,15.44,0,0,0.1694,0.8725,0
0,0.1776,5.86,0,0,0.0883,0.8948,0
1,0.0453,3.51,0,0,0.0886,0.8022,0
0,0.0435,11.44,0,0,0.2372,0.9407,0
0,0.2846,35.97,0,0,0.0608,0.9077,0
0,0.0578,22.36,0,0,0.2411,0.9863,0
0,0.1522,17.79,0,0,0.2494,0.6216,0
0,0.134,33.99,0,0,0.0564,0.915,0
1,0.0531,29.33,0,0,0.2992,0.8058,0
0,0.0102,29.56,0,0,0.0388,0.8003,0
0,0.2014,88.85,0,0,0.4466,0.9934,0
1,0.0417,36.74,0,0,0.195,0.8299,0
11,0.6544,1376.43,1,0,0.844,0.0392,1
1,0.1349,8.35,0,0,0.0949,0.8078,0
0,0.1459,159.6,0,0,0.0748,0.7614,0
11,0.9063,2060.47,1,1,0.41,0.0946,1
0,0.1186,33.0,0,0,0.183,0.7356,0
0,0.1031,27.66,0,0,0.0683,0.9669,0
1,0.0707,31.51,0,0,0.1988,0.7987,0
1,0.1218,127.6,0,0,0.0723,0.6694,0
0,0.0265,56.46,0,0,0.0401,0.9967,0
0,0.0653,7.65,0,0,0.0006,0.9203,0
1,0.2586,17.73,0,0,0.0076,0.9037,0
0,0.103,6.97,0,0,0.1774,0.658,0
0,0.1206,32.91,0,0,0.4862,0.9842,0
0,0.068,12.83,0,0,0.0356,0.9418,0
0,0.2101,125.21,0,0,0.081,0.9134,0
2,0.2324,56.16,0,0,0.3062,0.8066,0
0,0.1202,33.44,0,0,0.2092,0.7691,0
0,0.0396,4.99,0,0,0.1547,0.6954,0
0,0.0197,13.14,0,0,0.0258,0.8697,0
0,0.1159,45.53,0,0,0.2828,0.8332,0
12,0.6282,2240.52,1,1,0.6629,0.0835,1
0,0.043,49.1,0,0,0.1101,0.4386,0
0,0.1902,19.49,0,0,0.3936,0.6951,0
0,0.1514,77.48,0,0,0.024,0.8745,0
0,0.0265,2.98,0,0,0.3633,0.9461,0
0,0.1651,25.42,0,0,0.0698,0.9941,0
0,0.0808,31.74,0,0,0.3715,0.9445,0
1,0.0461,44.05,0,0,0.2613,0.9643,0
6,0.861,1194.67,1,1,0.7766,0.2327,1
0,0.0541,2.32,0,0,0.5141,0.8436,0
0,0.0363,5.94,0,0,0.1029,0.9142,0
3,0.8155,2.22,0,1,0.8637,0.0657,1
0,0.1867,24.54,0,0,0.0729,0.953,0
0,0.0638,0.11,0,0,0.4032,0.7456,0
8,0.7944,1996.79,1,1,0.2715,0.1453,1
13,0.8772,1101.45,1,1,0.5996,0.117,1
0,0.1112,18.83,0,0,0.5293,0.7423,0
1,0.0327,130.42,0,0,0.1991,0.8097,0
0,0.077,13.22,0,0,0.0705,0.8714,0
0,0.1108,48.33,0,0,0.1877,0.7368,0
0,0.1163,16.63,0,0,0.1631,0.9564,0
2,0.2316,43.97,0,0,0.0896,0.828,0
0,0.2321,28.47,0,0,0.0234,0.9694,0
0,0.0521,96.42,0,0,0.2119,0.8825,0
1,0.1341,27.9,0,0,0.0713,0.4356,0
0,0.0439,117.64,0,0,0.3182,0.8054,0
0,0.0951,75.58,0,0,0.0287,0.6811,0
0,0.1367,6.47,0,0,0.0274,0.9017,0
1,0.14,30.55,0,0,0.0664,0.9245,0
0,0.1951,152.67,0,0,0.2003,0.7994,0
0,0.0416,81.59,0,0,0.2071,0.8752,0
0,0.1844,1.68,0,0,0.1503,0.8577,0
0,0.029,83.58,0,0,0.1438,0.8307,0
0,0.0128,24.68,0,0,0.2718,0.9597,0
13,0.8619,112.44,1,1,0.5094,0.1625,1
0,0.2116,15.0,0,0,0.0173,0.778,0
0,0.0853,15.81,0,1,0.2664,0.8832,0
0,0.0064,58.79,0,0,0.2451,0.9606,0
2,0.111,100.58,0,0,0.0056,0.9089,0
0,0.1745,46.66,0,0,0.1081,0.5783,0
0,0.337,61.3,0,0,0.2072,0.9989,0
3,0.0607,45.42,0,0,0.0764,0.8413,0
0,0.1524,108.18,0,0,0.2027,0.8155,0
1,0.0701,50.56,0,0,0.1542,0.9818,0
0,0.1009,96.01,0,0,0.1147,0.8863,0
13,0.7705,3368.23,0,1,0.8502,0.4394,1
1,0.0616,59.41,0,0,0.0452,0.6296,0
0,0.1529,20.04,0,0,0.0399,0.8217,0
0,0.0671,59.13,0,0,0.0064,0.886,0
12,0.7524,900.08,1,0,0.7582,0.2838,1
0,0.0973,21.41,0,0,0.137,0.8757,0
7,0.8022,158.5,0,1,0.7961,0.2225,1
1,0.0651,27.72,0,0,0.0801,0.8837,0
0,0.2512,3.41,0,0,0.0637,0.8665,0
1,0.089,114.25,0,0,0.0536,0.8912,0
0,0.111,55.78,0,0,0.599,0.9265,0
0,0.0394,34.8,0,0,0.0468,0.7425,0
0,0.2158,77.83,0,0,0.0105,0.9711,0
1,0.0354,12.04,0,0,0.2904,0.841,0
0,0.1565,18.78,0,0,0.1362,0.8511,0
0,0.0723,20.39,0,0,0.224,0.9895,0
0,0.1696,40.75,0,0,0.1664,0.467,0
0,0.0133,52.95,0,0,0.1441,0.824,0
0,0.1032,5.01,0,0,0.0099,0.782,0
3,0.2282,2.81,0,0,0.2349,0.9036,0
1,0.0467,13.31,0,0,0.0235,0.8245,0
1,0.2796,104.08,0,0,0.2855,0.7892,0
0,0.1351,139.99,0,0,0.1161,0.9751,0
1,0.0788,11.68,0,0,0.0805,0.9478,0
1,0.0285,41.19,0,0,0.2608,0.7891,0
0,0.1556,9.97,0,0,0.2543,0.8875,0
8,0.7559,136.82,1,1,0.7069,0.1925,1
0,0.1295,15.75,0,0,0.1249,0.9493,0
12,0.8139,2.99,1,1,0.4419,0.3987,1
2,0.0891,27.59,0,0,0.1832,0.8688,0
2,0.0869,7.69,0,0,0.356,0.5558,0
3,0.7782,6.29,1,0,0.9466,0.0739,1
7,0.518,2060.48,0,1,0.3808,0.3468,1
2,0.025,128.3,0,0,0.2275,0.7645,0
0,0.0105,38.97,0,0,0.3809,0.8824,0
2,0.1481,36.44,0,0,0.3389,0.7374,0
0,0.0797,39.32,0,0,0.0375,0.9672,0
0,0.0612,16.6,0,0,0.1038,0.5328,0
0,0.2276,12.07,0,0,0.1563,0.9391,0
2,0.0215,12.51,0,0,0.175,0.8575,0
0,0.022,28.07,0,0,0.0923,0.9525,0
2,0.2421,30.14,0,0,0.3753,0.9822,0
0,0.0493,40.47,0,0,0.302,0.9687,0
1,0.0695,21.02,0,0,0.1057,0.8476,0
0,0.0725,18.64,0,1,0.2584,0.5829,0
1,0.1078,58.24,0,0,0.0238,0.5531,0
10,0.7581,143.91,1,1,0.9208,0.1096,1
0,0.0719,9.71,0,0,0.107,0.8195,0
0,0.0343,11.24,0,0,0.0634,0.9446,0
1,0.1234,123.1,0,1,0.0557,0.7083,0
0,0.0556,10.41,0,0,0.2621,0.9268,0
1,0.0644,7.48,0,0,0.058,0.8024,0
0,0.0533,43.25,0,0,0.3227,0.9664,0
0,0.1105,16.93,0,0,0.0957,0.7255,0
0,0.0999,43.9,0,0,0.0406,0.737,0
0,0.0419,38.81,0,0,0.3485,0.8255,0
1,0.4324,5.94,0,0,0.3098,0.8658,0
0,0.2161,39.75,0,0,0.3339,0.6974,0
0,0.1866,17.9,0,0,0.0821,0.9072,0
0,0.1704,0.7,0,0,0.1533,0.7242,0
0,0.0812,32.89,0,0,0.1452,0.8321,0
0,0.162,17.73,0,0,0.1861,0.933,0
1,0.0798,148.67,0,0,0.2495,0.6212,0
0,0.2646,26.51,0,0,0.0527,0.8283,0
0,0.085,48.04,0,0,0.2185,0.8803,0
0,0.1345,4.95,0,0,0.0596,0.7592,0
25,0.7766,136.25,1,1,0.4743,0.023,1
0,0.09,3.85,0,0,0.19,0.9127,0
5,0.8088,6.77,1,1,0.8794,0.2929,1
1,0.103,30.05,0,1,0.2847,0.7964,0
0,0.015,54.52,0,0,0.1953,0.9542,0
1,0.0739,20.3,0,0,0.132,0.8303,0
0,0.0853,5.37,0,0,0.0146,0.9525,0
7,0.7573,30.67,0,0,0.5842,0.02,1
8,0.7501,1393.41,1,1,0.5835,0.1166,1
0,0.1959,97.1,0,0,0.1787,0.7602,0
0,0.0416,8.35,0,0,0.3537,0.8096,0
1,0.0837,0.39,1,0,0.0639,0.6698,0
0,0.0841,19.0,0,1,0.0557,0.817,0
3,0.9531,93.99,1,0,0.3571,0.0327,1
0,0.22,13.17,0,0,0.0675,0.6305,0
0,0.0586,89.78,0,0,0.1386,0.9151,0
0,0.0373,98.42,0,0,0.0383,0.9067,0
2,0.0209,35.46,0,0,0.3213,0.8678,0
0,0.0634,15.47,0,0,0.5828,0.9417,0
1,0.2112,25.74,0,0,0.1198,0.9103,0
0,0.0285,61.32,0,0,0.2384,0.8822,0
0,0.1545,4.54,0,0,0.0055,0.7551,0
11,0.6879,3133.41,1,1,0.6328,0.3073,1
2,0.0712,40.67,0,0,0.0392,0.9198,0
0,0.3149,0.04,0,0,0.0252,0.8787,0
1,0.1252,34.91,0,0,0.2098,0.8656,0
0,0.0178,90.33,0,0,0.2492,0.8045,0
0,0.0409,26.72,0,0,0.0523,0.846,0
0,0.0303,0.32,0,0,0.023,0.8377,0
0,0.1171,91.23,0,0,0.2145,0.8575,0
0,0.1102,3.43,0,0,0.0995,0.8237,0
2,0.0132,5.79,0,0,0.0573,0.7541,0
0,0.2078,75.96,0,0,0.1784,0.9066,0
0,0.2367,21.36,0,0,0.0454,0.7423,0
0,0.0721,22.95,0,0,0.2462,0.6807,0
0,0.0356,0.23,0,0,0.0617,0.9924,0
1,0.0192,23.65,0,0,0.2521,0.8555,0
0,0.178,45.56,0,0,0.0923,0.8193,0
2,0.0921,53.6,0,0,0.0573,0.8102,0
0,0.1405,28.08,0,0,0.2672,0.711,0
1,0.0889,61.64,0,0,0.0683,0.9757,0
0,0.0568,71.37,0,0,0.0533,0.8117,0
0,0.0513,72.74,0,0,0.0818,0.9345,0
11,0.6293,1870.29,1,0,0.7447,0.1034,1
0,0.2317,25.05,0,0,0.0162,0.6665,0
0,0.0528,58.01,0,0,0.1786,0.6429,0
11,0.77,1809.22,1,1,0.7281,0.2909,1
0,0.0071,3.23,0,0,0.1943,0.9829,0
1,0.3131,29.67,0,0,0.2276,0.9123,0
0,0.0497,15.64,0,0,0.1391,0.9536,0
0,0.2095,18.56,0,0,0.2586,0.9379,0
0,0.2936,2.15,0,0,0.2387,0.9233,0
0,0.0435,46.36,0,0,0.2172,0.9231,0
0,0.2783,85.54,0,0,0.2057,0.8456,0
0,0.0614,56.14,0,0,0.1512,0.9833,0
1,0.1688,3.3,0,0,0.1872,0.8707,0
7,0.7539,1611.28,1,1,0.6403,0.501,1
0,0.3768,278.47,0,0,0.09,0.8676,0
1,0.0808,58.32,0,0,0.2807,0.8632,0
1,0.11,4.12,0,0,0.395,0.8481,0
0,0.0855,11.16,0,0,0.0111,0.8934,0
0,0.2012,1.83,0,0,0.1081,0.9503,0
0,0.1548,7.21,0,0,0.1236,0.991,0
0,0.1064,66.78,0,0,0.1807,0.6968,0
0,0.073,64.71,0,0,0.1562,0.8979,0
0,0.1205,75.35,0,1,0.095,0.8008,0
1,0.1608,41.71,0,0,0.5998,0.8472,0
1,0.0742,41.41,0,0,0.2893,0.8251,0
0,0.0871,5.0,0,0,0.0301,0.9067,0
1,0.2053,36.92,0,0,0.1966,0.8923,0
1,0.0583,28.95,0,0,0.1404,0.5318,0
1,0.242,41.05,0,0,0.0698,0.9065,0
1,0.0403,41.55,0,0,0.2508,0.7296,0
0,0.1288,16.0,0,0,0.0266,0.6938,0
0,0.0995,20.59,0,0,0.0692,0.7669,0
1,0.0767,12.93,0,0,0.0568,0.7132,0
0,0.0327,3.06,0,0,0.0889,0.6491,0
0,0.0634,122.53,0,0,0.0875,0.7723,0
1,0.1516,40.33,0,0,0.1115,0.6904,0
1,0.0146,19.14,0,0,0.1229,0.9733,0
0,0.0479,39.0,0,0,0.1251,0.8743,0
1,0.0488,20.37,0,0,0.1148,0.5944,0
2,0.0765,32.0,0,0,0.0567,0.9327,0
0,0.0313,33.85,0,0,0.2397,0.7677,0
0,0.0733,44.4,0,0,0.2838,0.7249,0
0,0.1072,59.71,0,0,0.1085,0.9655,0
9,0.7506,1713.56,1,0,0.6858,0.1651,1
0,0.0115,205.55,0,0,0.069,0.6628,0
1,0.0532,0.16,0,0,0.3829,0.7166,0
0,0.357,6.7,0,1,0.3696,0.7786,0
0,0.0256,38.49,0,0,0.099,0.8822,0
12,0.5406,1980.94,1,1,0.5736,0.22,1
0,0.15,61.0,0,0,0.0971,0.6704,0
0,0.0097,8.82,0,0,0.0824,0.9232,0
7,0.8595,881.84,0,0,0.7057,0.1664,1
0,0.0837,8.41,0,0,0.0147,0.8492,0
0,0.1651,67.1,0,0,0.3639,0.7453,0
2,0.1298,13.24,0,0,0.0267,0.7594,0
3,0.7282,3066.14,1,0,0.6121,0.0226,1
0,0.0538,27.89,0,0,0.1823,0.9298,0
0,0.0408,36.3,0,0,0.2288,0.8982,0
0,0.0619,14.98,0,0,0.0898,0.9862,0
0,0.0874,44.4,0,0,0.0627,0.9806,0
20,0.7701,1581.53,1,1,0.2801,0.0972,1
0,0.1016,21.78,0,0,0.0334,0.806,0
0,0.1457,15.1,0,0,0.064,0.9796,0
0,0.1591,18.42,0,0,0.3112,0.787,0
0,0.0578,73.47,0,0,0.1219,0.7534,0
1,0.0758,4.57,0,0,0.1335,0.8819,0
9,0.5603,1476.38,1,0,0.5269,0.4627,1
0,0.0262,82.2,0,0,0.1028,0.9345,0
1,0.0376,1.7,0,0,0.3591,0.7159,0
8,0.8466,3269.97,1,0,0.7916,0.2697,1
1,0.0194,76.76,0,0,0.0935,0.6344,0
1,0.1989,58.69,0,0,0.0677,0.8502,0
0,0.1502,32.37,0,0,0.0383,0.5642,0
0,0.0978,74.02,0,0,0.0687,0.7304,0
0,0.0215,22.09,0,0,0.0553,0.9438,0
5,0.6894,2740.35,1,0,0.583,0.1001,1
1,0.1834,59.97,0,0,0.0444,0.7634,0
2,0.0507,31.49,0,0,0.0129,0.9382,0
0,0.1344,44.91,0,0,0.1192,0.894,0
1,0.1306,88.37,0,0,0.1413,0.7604,0
0,0.0992,7.07,0,0,0.0732,0.8819,0
0,0.0399,13.62,0,0,0.0901,0.8189,0
8,0.9782,91.19,0,1,0.3181,0.3467,1
3,0.9042,1635.84,1,1,0.8703,0.2624,1
1,0.0709,1.09,0,0,0.039,0.8925,0
0,0.3869,9.78,0,0,0.6212,0.81,0
1,0.168,149.22,0,0,0.0398,0.8037,0
1,0.0932,26.02,1,0,0.1701,0.9814,0
6,0.6996,1584.02,1,0,0.5788,0.222,1
0,0.082,108.56,0,0,0.3144,0.7758,0
0,0.1358,4.77,0,0,0.106,0.976,0
20,0.9139,28.32,1,0,0.8626,0.1243,1
1,0.1507,11.24,0,0,0.2257,0.3562,0
0,0.0783,117.65,0,0,0.239,0.965,0
1,0.0458,16.28,0,0,0.3079,0.8386,0
1,0.0068,49.36,0,0,0.117,0.8525,0
1,0.0392,31.96,0,0,0.0169,0.7105,0
1,0.1827,4.64,0,0,0.1093,0.9106,0
1,0.2723,72.13,0,0,0.1283,0.9441,0
0,0.1108,1.86,0,0,0.0271,0.9089,0
0,0.0367,33.62,0,0,0.0825,0.8577,0
1,0.052,3.54,0,0,0.102,0.8819,0
1,0.0691,6.82,0,0,0.2447,0.8661,0
8,0.9072,2502.5,0,0,0.5483,0.2851,1
0,0.1077,25.98,0,0,0.1922,0.8461,0
0,0.1103,37.72,0,0,0.1913,0.9756,0
0,0.1341,7.7,0,0,0.0697,0.928,0
22,0.6013,2019.59,1,1,0.8003,0.0728,1
0,0.1289,56.96,0,0,0.0656,0.7524,0
0,0.0415,104.43,0,0,0.0218,0.721,0
2,0.0853,8.95,0,0,0.5921,0.8274,0
0,0.036,7.98,0,0,0.0468,0.8814,0
0,0.1049,4.09,0,0,0.1109,0.752,0
0,0.3425,7.03,0,0,0.2349,0.9709,0
1,0.0587,14.28,0,0,0.4223,0.7892,0
0,0.1046,54.86,0,0,0.0141,0.6752,0
2,0.0324,118.97,0,0,0.1968,0.928,0
3,0.0035,4.27,0,0,0.3548,0.9481,0
0,0.0539,6.25,0,0,0.0348,0.4427,0
0,0.0813,6.45,0,0,0.2932,0.8517,0
0,0.0709,25.37,0,0,0.283,0.733,0
0,0.0631,12.5,1,0,0.5511,0.8315,0
6,0.6483,3224.09,1,1,0.6965,0.132,1
8,0.7275,952.99,1,0,0.7134,0.2024,1
26,0.9131,15.49,1,0,0.5362,0.2311,1
0,0.1089,60.39,0,0,0.0928,0.8931,0
0,0.1175,20.2,0,0,0.1367,0.5734,0
0,0.3838,32.16,0,0,0.1247,0.8375,0
0,0.0362,89.67,0,0,0.5232,0.7919,0
0,0.1284,5.56,0,0,0.0914,0.8067,0
0,0.2561,50.65,0,0,0.1406,0.9127,0
1,0.1154,89.63,0,0,0.5978,0.8435,0
0,0.1792,9.47,0,0,0.4833,0.8224,0
0,0.0846,5.1,0,0,0.0372,0.7039,0
2,0.1388,11.2,0,0,0.0416,0.9604,0
1,0.0678,26.72,0,0,0.4365,0.9127,0
0,0.1364,45.88,0,0,0.1722,0.8523,0
0,0.1806,15.13,0,0,0.0954,0.6866,0
17,0.8455,3153.97,1,1,0.5844,0.139,1
1,0.3639,43.72,0,0,0.0995,0.7751,0
0,0.0185,3.35,0,0,0.1663,0.9264,0
0,0.0229,113.74,0,0,0.1432,0.9197,0
0,0.0917,103.3,0,0,0.0443,0.8745,0
0,0.0424,32.31,0,0,0.2017,0.7641,0
3,0.6733,132.39,1,0,0.6619,0.13,1
0,0.0081,15.51,0,0,0.2226,0.7182,0
1,0.1268,57.83,0,0,0.069,0.954,0
0,0.3449,0.35,0,0,0.0489,0.9005,0
0,0.3959,30.28,0,0,0.0513,0.7927,0
0,0.0734,149.0,0,0,0.1187,0.9907,0
1,0.1472,17.81,0,0,0.1921,0.8425,0
14,0.8067,1793.9,1,1,0.6085,0.0809,1
20,0.4882,1.19,1,1,0.7396,0.3827,1
0,0.0226,5.69,1,0,0.3101,0.9264,0
1,0.0758,95.07,0,1,0.1124,0.8966,0
0,0.0614,79.28,0,0,0.0583,0.8564,0
0,0.0817,98.07,0,0,0.087,0.7935,0
1,0.1519,3.7,0,0,0.2821,0.897,0
0,0.1277,40.9,0,0,0.0414,0.9433,0
0,0.1344,12.47,0,0,0.1672,0.9815,0
1,0.2102,55.53,0,0,0.097,0.9309,0
0,0.0625,4.58,0,0,0.1284,0.9212,0
14,0.5153,42.69,1,1,0.7883,0.2793,1
0,0.0998,143.08,0,0,0.1568,0.963,0
0,0.1154,11.19,0,0,0.0444,0.5797,0
0,0.1681,20.52,0,0,0.1197,0.9076,0
0,0.0896,2.83,0,1,0.3392,0.6887,0
0,0.0875,41.97,0,0,0.3957,0.958,0
0,0.1479,42.72,0,0,0.0962,0.7805,0
0,0.0819,44.86,0,0,0.0996,0.7507,0
3,0.0099,43.29,0,0,0.1081,0.9581,0
0,0.2775,18.49,0,0,0.2821,0.7206,0
0,0.0615,0.73,0,0,0.313,0.8893,0
12,0.7609,47.41,0,0,0.8868,0.1449,1
0,0.2402,10.66,0,0,0.3323,0.9622,0
0,0.1916,18.73,0,0,0.222,0.8763,0
1,0.0951,46.82,0,0,0.4164,0.8241,0
0,0.1474,35.27,0,0,0.304,0.7838,0
0,0.0685,81.7,1,0,0.1681,0.6705,0
0,0.3907,9.25,0,0,0.0671,0.9127,0
0,0.0302,28.14,0,0,0.3097,0.7797,0
1,0.0107,8.56,0,0,0.2292,0.8814,0
1,0.0851,123.52,0,0,0.0371,0.9304,0
0,0.0738,16.22,0,0,0.7073,0.5726,0
0,0.0992,5.49,0,0,0.0544,0.7368,0
0,0.0967,19.96,0,0,0.3225,0.9533,0
1,0.0892,10.21,0,0,0.2669,0.9878,0
1,0.074,72.41,0,0,0.0212,0.8539,0
1,0.0551,46.79,0,0,0.1514,0.9329,0
0,0.1032,5.7,0,0,0.4029,0.7562,0
0,0.0239,18.04,0,0,0.0907,0.8488,0
0,0.1194,5.28,0,1,0.0601,0.8843,0
0,0.1015,7.96,0,0,0.1955,0.9412,0
2,0.1421,77.96,0,0,0.0708,0.6622,0
0,0.3179,126.43,0,0,0.3856,0.7703,0
0,0.1816,36.41,0,0,0.0935,0.7195,0
1,0.0025,23.1,0,0,0.3973,0.8261,0
0,0.0582,4.37,0,0,0.0962,0.92,0
7,0.8709,2337.76,0,1,0.8216,0.0353,1
2,0.0639,32.65,0,0,0.0026,0.7295,0
2,0.7291,1.72,0,1,0.4046,0.0792,1
0,0.0634,19.21,0,0,0.0496,0.8026,0
0,0.3294,3.23,0,0,0.2141,0.8979,0
0,0.2999,13.98,0,0,0.1714,0.8231,0
0,0.0428,41.23,0,0,0.1437,0.9201,0
0,0.0093,21.96,0,0,0.1138,0.834,0
16,0.8767,3050.89,0,0,0.5159,0.476,1
1,0.1364,15.2,0,1,0.1233,0.7798,0
0,0.1103,12.9,0,0,0.1877,0.8046,0
7,0.7248,10.99,0,0,0.4872,0.2709,1
0,0.1472,74.4,0,0,0.0159,0.9157,0
0,0.0115,12.27,0,0,0.1054,0.9407,0
8,0.7236,24.97,1,1,0.8483,0.094,1
1,0.0071,54.62,0,0,0.2879,0.856,0
1,0.1091,29.62,1,0,0.4075,0.8319,0
0,0.0065,22.85,0,0,0.0027,0.7659,0
0,0.0194,21.37,0,0,0.1204,0.8304,0
0,0.0443,4.31,0,0,0.0427,0.6835,0
0,0.0769,38.52,0,0,0.0659,0.8623,0
0,0.2026,0.77,0,0,0.039,0.9849,0
0,0.0284,23.86,0,0,0.0027,0.7679,0
0,0.2187,9.98,0,0,0.4059,0.8522,0
0,0.0733,100.99,0,0,0.3227,0.8558,0
0,0.0926,18.01,0,0,0.0233,0.6809,0
1,0.2933,11.83,0,0,0.1196,0.7441,0
2,0.0667,81.43,0,0,0.3653,0.8316,0
10,0.6557,3498.49,1,0,0.4346,0.3654,1
1,0.0067,26.46,0,0,0.1049,0.933,0
1,0.0662,2.05,0,0,0.1065,0.7357,0
0,0.079,14.88,0,0,0.0679,0.8225,0
0,0.0291,49.11,0,0,0.1347,0.9569,0
0,0.0823,16.59,0,0,0.1715,0.9187,0
0,0.0218,78.55,0,0,0.3067,0.8787,0
0,0.152,33.04,0,0,0.1343,0.949,0
0,0.1196,2.94,0,0,0.167,0.7074,0
1,0.1352,85.39,0,0,0.108,0.5622,0
0,0.0123,58.42,0,0,0.1346,0.9852,0
1,0.1604,14.12,0,0,0.2479,0.8808,0
0,0.268,24.93,1,0,0.1332,0.9466,0
8,0.8415,152.65,1,1,0.6169,0.0616,1
0,0.097,33.93,0,0,0.1325,0.9439,0
0,0.0089,29.29,0,0,0.2871,0.711,0
0,0.0035,8.96,0,0,0.3363,0.882,0
0,0.0764,31.44,0,1,0.3132,0.8472,0
1,0.0344,18.11,0,0,0.1319,0.8555,0
0,0.0198,17.73,0,0,0.05,0.5742,0
0,0.0476,2.18,0,0,0.1284,0.9737,0
14,0.6152,81.34,1,0,0.7497,0.0488,1
0,0.0622,2.07,0,0,0.2444,0.5325,0
0,0.0925,14.17,0,0,0.1334,0.7987,0
7,0.7983,1079.75,1,1,0.601,0.0728,1
1,0.0202,20.18,0,0,0.0029,0.6361,0
1,0.1243,32.65,0,0,0.4534,0.7355,0
1,0.1025,43.27,0,0,0.1496,0.8765,0
0,0.0293,142.71,0,0,0.3407,0.9094,0
2,0.3063,31.92,0,0,0.2025,0.8843,0
0,0.066,7.66,0,0,0.1987,0.9902,0
2,0.1505,5.69,0,0,0.1978,0.8902,0
0,0.0875,41.15,0,0,0.2041,0.9398,0
1,0.0579,3.85,0,0,0.184,0.857,0
0,0.018,7.71,0,0,0.007,0.937,0
0,0.0733,17.76,0,1,0.1605,0.9433,0
2,0.0324,18.1,0,0,0.1215,0.7722,0
1,0.153,16.36,0,0,0.3663,0.8593,0
19,0.8073,2446.93,0,1,0.9253,0.1521,1
0,0.002,39.72,0,0,0.0066,0.8592,0
0,0.0273,11.51,0,0,0.0656,0.9208,0
0,0.0634,2.11,0,0,0.0954,0.8131,0
0,0.03,20.75,0,0,0.0842,0.9581,0
1,0.2576,6.09,0,0,0.194,0.8405,0
1,0.2445,8.68,0,0,0.0962,0.8174,0
0,0.0961,14.82,0,0,0.2912,0.8838,0
0,0.0978,20.69,0,0,0.0096,0.973,0
3,0.0256,70.06,0,0,0.1239,0.9086,0
8,0.8232,1156.67,1,0,0.8272,0.1524,1
10,0.926,3472.67,0,1,0.4305,0.3144,1
0,0.2294,66.62,0,0,0.0132,0.8191,0
0,0.0787,3.97,0,0,0.2983,0.9711,0
0,0.3638,40.55,0,0,0.1743,0.6491,0
18,0.7424,22.98,1,1,0.6988,0.2749,1
0,0.0506,44.78,0,0,0.1427,0.8881,0
4,0.9097,2721.55,1,0,0.6628,0.3991,1
0,0.0329,13.65,0,0,0.1396,0.7449,0
0,0.0451,61.88,0,0,0.1199,0.88,0
0,0.0561,45.7,0,1,0.0697,0.6917,0
1,0.0144,110.81,0,0,0.4354,0.8261,0
0,0.0795,39.5,0,0,0.2084,0.9572,0
0,0.3441,75.01,0,0,0.1125,0.9505,0
10,0.943,2535.06,1,0,0.7053,0.1134,1
0,0.1415,117.81,0,0,0.1769,0.8611,0
0,0.0479,19.81,0,0,0.0992,0.8151,0
0,0.1247,15.47,0,0,0.2315,0.8576,0
0,0.0399,11.77,0,0,0.0301,0.9237,0
0,0.2042,28.6,0,0,0.0151,0.9649,0
1,0.1366,31.65,1,0,0.0833,0.902,0
8,0.9067,1222.76,1,1,0.7023,0.0172,1
1,0.0473,4.11,0,0,0.02,0.8816,0
0,0.0467,200.96,0,0,0.0269,0.9359,0
1,0.0574,37.87,0,0,0.0981,0.6613,0
0,0.0655,54.07,0,0,0.0712,0.6876,0
0,0.0169,1.78,0,0,0.4862,0.7119,0
1,0.284,11.57,0,0,0.0756,0.9805,0
1,0.0486,8.68,0,0,0.1038,0.9166,0
0,0.094,7.52,0,0,0.0952,0.9122,0
0,0.0755,11.1,0,0,0.0402,0.8315,0
0,0.1428,48.0,0,0,0.3788,0.9788,0
3,0.8323,41.42,1,0,0.4771,0.1723,1
0,0.0327,12.28,0,0,0.1931,0.825,0
0,0.1107,17.03,0,0,0.1802,0.8954,0
0,0.1314,7.08,0,0,0.0305,0.732,0
13,0.7878,308.51,0,0,0.6944,0.5717,1
0,0.1361,34.49,0,0,0.2296,0.8369,0
0,0.564,112.67,0,0,0.0923,0.8435,0
1,0.0651,14.34,0,0,0.1852,0.8282,0
1,0.0728,23.12,0,0,0.3655,0.9783,0
9,0.5701,1619.62,1,1,0.7422,0.2148,1
0,0.1312,16.03,0,0,0.4563,0.9226,0
5,0.9119,1890.03,1,1,0.8286,0.0088,1
0,0.1891,17.55,0,0,0.3926,0.9037,0
1,0.1206,30.99,0,1,0.1901,0.726,0
0,0.104,9.54,0,0,0.3395,0.6189,0
1,0.3898,10.32,0,0,0.1852,0.8748,0
0,0.1767,52.6,0,0,0.0781,0.7693,0
0,0.4896,37.84,0,0,0.2648,0.9711,0
1,0.1236,14.94,0,0,0.3548,0.8185,0
0,0.022,4.35,0,0,0.2598,0.7685,0
1,0.15,57.53,0,0,0.1574,0.9294,0
0,0.2051,3.59,0,1,0.2179,0.8191,0
7,0.6914,1987.09,1,1,0.7549,0.192,1
1,0.1194,21.05,0,0,0.0842,0.6839,0
0,0.1415,48.25,0,0,0.1035,0.8898,0
0,0.1984,117.32,0,0,0.2259,0.7946,0
0,0.2004,160.44,0,0,0.3058,0.7458,0
7,0.8462,14.89,1,0,0.5443,0.5049,1
6,0.8406,79.27,1,0,0.4853,0.1376,1
1,0.1749,9.37,0,0,0.0072,0.955,0
0,0.0181,5.68,0,0,0.0061,0.9201,0
1,0.0163,13.67,0,0,0.1939,0.9272,0
1,0.1487,116.09,0,0,0.0262,0.7303,0
0,0.0838,44.38,0,0,0.2925,0.749,0
1,0.0247,58.4,0,0,0.2138,0.6386,0
0,0.076,5.65,0,0,0.0742,0.931,0
0,0.1808,141.92,0,1,0.0409,0.8607,0
0,0.06,7.44,0,0,0.3442,0.8892,0
0,0.0213,8.19,0,0,0.0289,0.7619,0
0,0.1753,15.32,0,0,0.0553,0.9761,0
0,0.0511,12.79,0,0,0.1049,0.7692,0
0,0.1142,31.12,0,0,0.2459,0.8805,0
0,0.0259,2.63,0,0,0.1148,0.9924,0
0,0.1822,19.43,0,0,0.1831,0.9353,0
1,0.221,18.94,0,0,0.0632,0.7858,0
0,0.0419,70.96,0,0,0.2792,0.943,0
1,0.1087,7.09,0,0,0.0954,0.8039,0
0,0.026,24.43,0,0,0.0651,0.8364,0
1,0.155,13.06,0,0,0.1179,0.6119,0
0,0.1356,1.04,0,0,0.6575,0.6756,0
